211,여의도역 4번출구 옆,259,대방역6번출구
211,여의도역 4번출구 옆,209,유진투자증권빌딩 앞
211,여의도역 4번출구 옆,209,유진투자증권빌딩 앞
211,여의도역 4번출구 옆,206,KBS 앞
211,여의도역 4번출구 옆,202,국민일보 앞
211,여의도역 4번출구 옆,210,IFC몰
211,여의도역 4번출구 옆,209,유진투자증권빌딩 앞
211,여의도역 4번출구 옆,210,IFC몰
211,여의도역 4번출구 옆,206,KBS 앞
211,여의도역 4번출구 옆,209,유진투자증권빌딩 앞
211,여의도역 4번출구 옆,211,여의도역 4번출구 옆
211,여의도역 4번출구 옆,210,IFC몰
211,여의도역 4번출구 옆,205,산업은행 앞
211,여의도역 4번출구 옆,214,금융감독원 앞
211,여의도역 4번출구 옆,217,NH농협은행 앞
211,여의도역 4번출구 옆,206,KBS 앞
211,여의도역 4번출구 옆,202,국민일보 앞
211,여의도역 4번출구 옆,4580,국회3문
211,여의도역 4번출구 옆,203,국회의사당역 3번출구 옆
211,여의도역 4번출구 옆,209,유진투자증권빌딩 앞
211,여의도역 4번출구 옆,235,신길동 우리은행 옆
211,여의도역 4번출구 옆,202,국민일보 앞
211,여의도역 4번출구 옆,205,산업은행 앞
211,여의도역 4번출구 옆,287,영등포전화국사거리 (서강어린이공원)
211,여의도역 4번출구 옆,4559,신길역 2번출구
211,여의도역 4번출구 옆,210,IFC몰
211,여의도역 4번출구 옆,207,여의나루역 1번출구 앞
211,여의도역 4번출구 옆,206,KBS 앞
211,여의도역 4번출구 옆,224,롯데캐슬 앞
211,여의도역 4번출구 옆,206,KBS 앞
211,여의도역 4번출구 옆,211,여의도역 4번출구 옆
211,여의도역 4번출구 옆,217,NH농협은행 앞
211,여의도역 4번출구 옆,4553,당산삼성2차아파트
211,여의도역 4번출구 옆,276,SK 영등포주유소
211,여의도역 4번출구 옆,111,상수역 2번출구 앞
211,여의도역 4번출구 옆,111,상수역 2번출구 앞
211,여의도역 4번출구 옆,209,유진투자증권빌딩 앞
211,여의도역 4번출구 옆,213,KT앞
211,여의도역 4번출구 옆,214,금융감독원 앞
211,여의도역 4번출구 옆,205,산업은행 앞
211,여의도역 4번출구 옆,217,NH농협은행 앞
211,여의도역 4번출구 옆,221,여의도초교 앞
211,여의도역 4번출구 옆,3201,당산skv1센터
211,여의도역 4번출구 옆,214,금융감독원 앞
211,여의도역 4번출구 옆,217,NH농협은행 앞
211,여의도역 4번출구 옆,201,진미파라곤 앞
211,여의도역 4번출구 옆,211,여의도역 4번출구 옆
211,여의도역 4번출구 옆,4565,영등포 신세계백화점
211,여의도역 4번출구 옆,259,대방역6번출구
211,여의도역 4번출구 옆,203,국회의사당역 3번출구 옆
211,여의도역 4번출구 옆,259,대방역6번출구
211,여의도역 4번출구 옆,4568,영등포로터리
211,여의도역 4번출구 옆,2050,노량진역 5번출구
211,여의도역 4번출구 옆,4559,신길역 2번출구
211,여의도역 4번출구 옆,259,대방역6번출구
211,여의도역 4번출구 옆,258,신길역3번출구
211,여의도역 4번출구 옆,4569,힐스테이트클래시안아파트
211,여의도역 4번출구 옆,203,국회의사당역 3번출구 옆
211,여의도역 4번출구 옆,3221,서울특별시 남부교육지원청
211,여의도역 4번출구 옆,147,마포역 4번출구 뒤
211,여의도역 4번출구 옆,247,당산역 10번출구 앞
211,여의도역 4번출구 옆,236,문래동자이아파트 앞
211,여의도역 4번출구 옆,3767,대원빌딩
211,여의도역 4번출구 옆,222,시범아파트버스정류장 옆
211,여의도역 4번출구 옆,217,NH농협은행 앞
211,여의도역 4번출구 옆,298,KBS 연구동 건너편
211,여의도역 4번출구 옆,2259,잠원역 3번-4번 출구사이
211,여의도역 4번출구 옆,266,영등포청과시장 사거리
211,여의도역 4번출구 옆,202,국민일보 앞
211,여의도역 4번출구 옆,221,여의도초교 앞
211,여의도역 4번출구 옆,211,여의도역 4번출구 옆
211,여의도역 4번출구 옆,202,국민일보 앞
211,여의도역 4번출구 옆,224,롯데캐슬 앞
211,여의도역 4번출구 옆,4559,신길역 2번출구
211,여의도역 4번출구 옆,211,여의도역 4번출구 옆
211,여의도역 4번출구 옆,3792,화곡본동시장 입구
211,여의도역 4번출구 옆,201,진미파라곤 앞
211,여의도역 4번출구 옆,2054,삼익아파트
211,여의도역 4번출구 옆,259,대방역6번출구
211,여의도역 4번출구 옆,207,여의나루역 1번출구 앞
211,여의도역 4번출구 옆,205,산업은행 앞
211,여의도역 4번출구 옆,1235,잠실트리지움310동 옆
211,여의도역 4번출구 옆,259,대방역6번출구
211,여의도역 4번출구 옆,221,여의도초교 앞
211,여의도역 4번출구 옆,270,증권거래소후문교차로
211,여의도역 4번출구 옆,209,유진투자증권빌딩 앞
211,여의도역 4번출구 옆,209,유진투자증권빌딩 앞
211,여의도역 4번출구 옆,202,국민일보 앞
211,여의도역 4번출구 옆,217,NH농협은행 앞
211,여의도역 4번출구 옆,209,유진투자증권빌딩 앞
211,여의도역 4번출구 옆,205,산업은행 앞
211,여의도역 4번출구 옆,210,IFC몰
211,여의도역 4번출구 옆,206,KBS 앞
211,여의도역 4번출구 옆,4584,국회2문
211,여의도역 4번출구 옆,206,KBS 앞
211,여의도역 4번출구 옆,205,산업은행 앞
211,여의도역 4번출구 옆,210,IFC몰
211,여의도역 4번출구 옆,202,국민일보 앞
211,여의도역 4번출구 옆,284,센트럴 푸르지오 시티 앞
211,여의도역 4번출구 옆,4559,신길역 2번출구
211,여의도역 4번출구 옆,202,국민일보 앞
211,여의도역 4번출구 옆,232,양평우림 이비즈센타 앞
211,여의도역 4번출구 옆,276,SK 영등포주유소
211,여의도역 4번출구 옆,4564,63스퀘어
211,여의도역 4번출구 옆,4565,영등포 신세계백화점
211,여의도역 4번출구 옆,202,국민일보 앞
211,여의도역 4번출구 옆,274,영등포역지하쇼핑센타 5번출구
211,여의도역 4번출구 옆,274,영등포역지하쇼핑센타 5번출구
211,여의도역 4번출구 옆,202,국민일보 앞
211,여의도역 4번출구 옆,274,영등포역지하쇼핑센타 5번출구
211,여의도역 4번출구 옆,4573,두산위브아파트
211,여의도역 4번출구 옆,270,증권거래소후문교차로
211,여의도역 4번출구 옆,4563,여의도 은하아파트
211,여의도역 4번출구 옆,4553,당산삼성2차아파트
211,여의도역 4번출구 옆,299,여의도 순복음교회
211,여의도역 4번출구 옆,276,SK 영등포주유소
211,여의도역 4번출구 옆,201,진미파라곤 앞
211,여의도역 4번출구 옆,2070,노량진역 2번 출구 앞
211,여의도역 4번출구 옆,2070,노량진역 2번 출구 앞
211,여의도역 4번출구 옆,219,롯데캐슬엠파이어 옆
211,여의도역 4번출구 옆,211,여의도역 4번출구 옆
211,여의도역 4번출구 옆,210,IFC몰
211,여의도역 4번출구 옆,224,롯데캐슬 앞
211,여의도역 4번출구 옆,240,문래역 4번출구 앞
211,여의도역 4번출구 옆,209,유진투자증권빌딩 앞
211,여의도역 4번출구 옆,3219,영등포역 2번출구
211,여의도역 4번출구 옆,220,미성아파트 A동 앞
211,여의도역 4번출구 옆,220,미성아파트 A동 앞
211,여의도역 4번출구 옆,210,IFC몰
211,여의도역 4번출구 옆,210,IFC몰
211,여의도역 4번출구 옆,202,국민일보 앞
211,여의도역 4번출구 옆,293,충북 미래관
211,여의도역 4번출구 옆,217,NH농협은행 앞
211,여의도역 4번출구 옆,4559,신길역 2번출구
211,여의도역 4번출구 옆,259,대방역6번출구
211,여의도역 4번출구 옆,207,여의나루역 1번출구 앞
211,여의도역 4번출구 옆,3215,강변삼성래미안
211,여의도역 4번출구 옆,4564,63스퀘어
211,여의도역 4번출구 옆,4559,신길역 2번출구
211,여의도역 4번출구 옆,276,SK 영등포주유소
211,여의도역 4번출구 옆,223,진주아파트상가 앞
211,여의도역 4번출구 옆,157,애오개역 4번출구 앞
211,여의도역 4번출구 옆,700,KB국민은행 염창역 지점 앞
211,여의도역 4번출구 옆,1662,노원역7번출구
211,여의도역 4번출구 옆,1662,노원역7번출구
211,여의도역 4번출구 옆,4569,힐스테이트클래시안아파트
211,여의도역 4번출구 옆,3221,서울특별시 남부교육지원청
211,여의도역 4번출구 옆,259,대방역6번출구
211,여의도역 4번출구 옆,4559,신길역 2번출구
211,여의도역 4번출구 옆,4559,신길역 2번출구
211,여의도역 4번출구 옆,1129,화곡역 1번 출구 앞
211,여의도역 4번출구 옆,203,국회의사당역 3번출구 옆
211,여의도역 4번출구 옆,202,국민일보 앞
211,여의도역 4번출구 옆,1946,구로역 광장
211,여의도역 4번출구 옆,226,샛강역 1번출구 앞
211,여의도역 4번출구 옆,226,샛강역 1번출구 앞
211,여의도역 4번출구 옆,205,산업은행 앞
211,여의도역 4번출구 옆,223,진주아파트상가 앞
211,여의도역 4번출구 옆,211,여의도역 4번출구 옆
211,여의도역 4번출구 옆,272,당산육갑문
211,여의도역 4번출구 옆,4559,신길역 2번출구
211,여의도역 4번출구 옆,276,SK 영등포주유소
211,여의도역 4번출구 옆,298,KBS 연구동 건너편
211,여의도역 4번출구 옆,144,공덕역 8번출구
211,여의도역 4번출구 옆,214,금융감독원 앞
211,여의도역 4번출구 옆,258,신길역3번출구
211,여의도역 4번출구 옆,2080,빕스 대방점 앞
211,여의도역 4번출구 옆,224,롯데캐슬 앞
211,여의도역 4번출구 옆,280,양평동6차현대아파트 앞
211,여의도역 4번출구 옆,259,대방역6번출구
211,여의도역 4번출구 옆,3202,당산롯데캐슬프레스티지
211,여의도역 4번출구 옆,206,KBS 앞
211,여의도역 4번출구 옆,194,증산교 앞
211,여의도역 4번출구 옆,144,공덕역 8번출구
211,여의도역 4번출구 옆,203,국회의사당역 3번출구 옆
211,여의도역 4번출구 옆,226,샛강역 1번출구 앞
211,여의도역 4번출구 옆,211,여의도역 4번출구 옆
211,여의도역 4번출구 옆,217,NH농협은행 앞
211,여의도역 4번출구 옆,202,국민일보 앞
211,여의도역 4번출구 옆,276,SK 영등포주유소
211,여의도역 4번출구 옆,210,IFC몰
211,여의도역 4번출구 옆,217,NH농협은행 앞
211,여의도역 4번출구 옆,202,국민일보 앞
211,여의도역 4번출구 옆,202,국민일보 앞
211,여의도역 4번출구 옆,209,유진투자증권빌딩 앞
211,여의도역 4번출구 옆,210,IFC몰
211,여의도역 4번출구 옆,217,NH농협은행 앞
211,여의도역 4번출구 옆,203,국회의사당역 3번출구 옆
211,여의도역 4번출구 옆,206,KBS 앞
211,여의도역 4번출구 옆,202,국민일보 앞
211,여의도역 4번출구 옆,203,국회의사당역 3번출구 옆
211,여의도역 4번출구 옆,202,국민일보 앞
211,여의도역 4번출구 옆,210,IFC몰
211,여의도역 4번출구 옆,203,국회의사당역 3번출구 옆
211,여의도역 4번출구 옆,202,국민일보 앞
211,여의도역 4번출구 옆,232,양평우림 이비즈센타 앞
211,여의도역 4번출구 옆,202,국민일보 앞
211,여의도역 4번출구 옆,224,롯데캐슬 앞
211,여의도역 4번출구 옆,4559,신길역 2번출구
211,여의도역 4번출구 옆,207,여의나루역 1번출구 앞
211,여의도역 4번출구 옆,274,영등포역지하쇼핑센타 5번출구
211,여의도역 4번출구 옆,202,국민일보 앞
211,여의도역 4번출구 옆,206,KBS 앞
211,여의도역 4번출구 옆,4553,당산삼성2차아파트
211,여의도역 4번출구 옆,274,영등포역지하쇼핑센타 5번출구
211,여의도역 4번출구 옆,213,KT앞
211,여의도역 4번출구 옆,206,KBS 앞
211,여의도역 4번출구 옆,276,SK 영등포주유소
211,여의도역 4번출구 옆,222,시범아파트버스정류장 옆
211,여의도역 4번출구 옆,203,국회의사당역 3번출구 옆
211,여의도역 4번출구 옆,274,영등포역지하쇼핑센타 5번출구
211,여의도역 4번출구 옆,212,여의도역 1번출구 옆
211,여의도역 4번출구 옆,222,시범아파트버스정류장 옆
211,여의도역 4번출구 옆,147,마포역 4번출구 뒤
211,여의도역 4번출구 옆,4569,힐스테이트클래시안아파트
211,여의도역 4번출구 옆,211,여의도역 4번출구 옆
211,여의도역 4번출구 옆,203,국회의사당역 3번출구 옆
211,여의도역 4번출구 옆,217,NH농협은행 앞
211,여의도역 4번출구 옆,2026,흑석역 4번출구
211,여의도역 4번출구 옆,202,국민일보 앞
211,여의도역 4번출구 옆,242,신길선원가와인아파트 앞
211,여의도역 4번출구 옆,223,진주아파트상가 앞
211,여의도역 4번출구 옆,213,KT앞
211,여의도역 4번출구 옆,274,영등포역지하쇼핑센타 5번출구
211,여의도역 4번출구 옆,4559,신길역 2번출구
211,여의도역 4번출구 옆,2733,마곡13단지 정문 앞
211,여의도역 4번출구 옆,3214,영등포 푸르지오
211,여의도역 4번출구 옆,276,SK 영등포주유소
211,여의도역 4번출구 옆,259,대방역6번출구
211,여의도역 4번출구 옆,213,KT앞
211,여의도역 4번출구 옆,276,SK 영등포주유소
211,여의도역 4번출구 옆,229,양평1 보행육교 앞
211,여의도역 4번출구 옆,224,롯데캐슬 앞
211,여의도역 4번출구 옆,202,국민일보 앞
211,여의도역 4번출구 옆,3221,서울특별시 남부교육지원청
211,여의도역 4번출구 옆,245,삼성생명 당산사옥 앞
211,여의도역 4번출구 옆,287,영등포전화국사거리 (서강어린이공원)
211,여의도역 4번출구 옆,206,KBS 앞
211,여의도역 4번출구 옆,283,아크로타워 스퀘어(영등포시장)
211,여의도역 4번출구 옆,274,영등포역지하쇼핑센타 5번출구
211,여의도역 4번출구 옆,1129,화곡역 1번 출구 앞
211,여의도역 4번출구 옆,202,국민일보 앞
211,여의도역 4번출구 옆,4514,목동성당 앞
211,여의도역 4번출구 옆,220,미성아파트 A동 앞
211,여의도역 4번출구 옆,4559,신길역 2번출구
211,여의도역 4번출구 옆,276,SK 영등포주유소
211,여의도역 4번출구 옆,217,NH농협은행 앞
211,여의도역 4번출구 옆,259,대방역6번출구
211,여의도역 4번출구 옆,204,국회의사당역 5번출구 옆
211,여의도역 4번출구 옆,258,신길역3번출구
211,여의도역 4번출구 옆,1946,구로역 광장
211,여의도역 4번출구 옆,2070,노량진역 2번 출구 앞
211,여의도역 4번출구 옆,4510,신정네거리역 교차로
211,여의도역 4번출구 옆,205,산업은행 앞
211,여의도역 4번출구 옆,144,공덕역 8번출구
211,여의도역 4번출구 옆,206,KBS 앞
211,여의도역 4번출구 옆,242,신길선원가와인아파트 앞
211,여의도역 4번출구 옆,202,국민일보 앞
211,여의도역 4번출구 옆,202,국민일보 앞
211,여의도역 4번출구 옆,209,유진투자증권빌딩 앞
211,여의도역 4번출구 옆,209,유진투자증권빌딩 앞
211,여의도역 4번출구 옆,203,국회의사당역 3번출구 옆
211,여의도역 4번출구 옆,209,유진투자증권빌딩 앞
211,여의도역 4번출구 옆,202,국민일보 앞
211,여의도역 4번출구 옆,200,국회의원회관
211,여의도역 4번출구 옆,205,산업은행 앞
211,여의도역 4번출구 옆,202,국민일보 앞
211,여의도역 4번출구 옆,210,IFC몰
211,여의도역 4번출구 옆,209,유진투자증권빌딩 앞
211,여의도역 4번출구 옆,202,국민일보 앞
211,여의도역 4번출구 옆,202,국민일보 앞
211,여의도역 4번출구 옆,202,국민일보 앞
211,여의도역 4번출구 옆,202,국민일보 앞
211,여의도역 4번출구 옆,202,국민일보 앞
211,여의도역 4번출구 옆,202,국민일보 앞
211,여의도역 4번출구 옆,4559,신길역 2번출구
211,여의도역 4번출구 옆,210,IFC몰
211,여의도역 4번출구 옆,276,SK 영등포주유소
211,여의도역 4번출구 옆,244,영등포삼환아파트 앞
211,여의도역 4번출구 옆,211,여의도역 4번출구 옆
211,여의도역 4번출구 옆,203,국회의사당역 3번출구 옆
211,여의도역 4번출구 옆,205,산업은행 앞
211,여의도역 4번출구 옆,202,국민일보 앞
211,여의도역 4번출구 옆,274,영등포역지하쇼핑센타 5번출구
211,여의도역 4번출구 옆,224,롯데캐슬 앞
211,여의도역 4번출구 옆,209,유진투자증권빌딩 앞
211,여의도역 4번출구 옆,209,유진투자증권빌딩 앞
211,여의도역 4번출구 옆,287,영등포전화국사거리 (서강어린이공원)
211,여의도역 4번출구 옆,4565,영등포 신세계백화점
211,여의도역 4번출구 옆,203,국회의사당역 3번출구 옆
211,여의도역 4번출구 옆,203,국회의사당역 3번출구 옆
211,여의도역 4번출구 옆,224,롯데캐슬 앞
211,여의도역 4번출구 옆,147,마포역 4번출구 뒤
211,여의도역 4번출구 옆,2008,노량진근린공원 대방공원
211,여의도역 4번출구 옆,223,진주아파트상가 앞
211,여의도역 4번출구 옆,259,대방역6번출구
211,여의도역 4번출구 옆,259,대방역6번출구
211,여의도역 4번출구 옆,242,신길선원가와인아파트 앞
211,여의도역 4번출구 옆,283,아크로타워 스퀘어(영등포시장)
211,여의도역 4번출구 옆,274,영등포역지하쇼핑센타 5번출구
211,여의도역 4번출구 옆,4559,신길역 2번출구
211,여의도역 4번출구 옆,274,영등포역지하쇼핑센타 5번출구
211,여의도역 4번출구 옆,4559,신길역 2번출구
211,여의도역 4번출구 옆,3205,문래현대2차
211,여의도역 4번출구 옆,4569,힐스테이트클래시안아파트
211,여의도역 4번출구 옆,4559,신길역 2번출구
211,여의도역 4번출구 옆,4559,신길역 2번출구
211,여의도역 4번출구 옆,205,산업은행 앞
211,여의도역 4번출구 옆,274,영등포역지하쇼핑센타 5번출구
211,여의도역 4번출구 옆,213,KT앞
211,여의도역 4번출구 옆,223,진주아파트상가 앞
211,여의도역 4번출구 옆,276,SK 영등포주유소
211,여의도역 4번출구 옆,211,여의도역 4번출구 옆
211,여의도역 4번출구 옆,217,NH농협은행 앞
211,여의도역 4번출구 옆,220,미성아파트 A동 앞
211,여의도역 4번출구 옆,207,여의나루역 1번출구 앞
211,여의도역 4번출구 옆,207,여의나루역 1번출구 앞
211,여의도역 4번출구 옆,207,여의나루역 1번출구 앞
211,여의도역 4번출구 옆,250,대림아파트 사거리
211,여의도역 4번출구 옆,4563,여의도 은하아파트
211,여의도역 4번출구 옆,4206,광흥창역5번출구
211,여의도역 4번출구 옆,4510,신정네거리역 교차로
211,여의도역 4번출구 옆,2080,빕스 대방점 앞
211,여의도역 4번출구 옆,270,증권거래소후문교차로
211,여의도역 4번출구 옆,206,KBS 앞
211,여의도역 4번출구 옆,209,유진투자증권빌딩 앞
211,여의도역 4번출구 옆,210,IFC몰
211,여의도역 4번출구 옆,4568,영등포로터리
211,여의도역 4번출구 옆,207,여의나루역 1번출구 앞
211,여의도역 4번출구 옆,224,롯데캐슬 앞
211,여의도역 4번출구 옆,217,NH농협은행 앞
211,여의도역 4번출구 옆,147,마포역 4번출구 뒤
211,여의도역 4번출구 옆,2085,강남중학교 앞
211,여의도역 4번출구 옆,2054,삼익아파트
211,여의도역 4번출구 옆,210,IFC몰
211,여의도역 4번출구 옆,4568,영등포로터리
211,여의도역 4번출구 옆,202,국민일보 앞
211,여의도역 4번출구 옆,202,국민일보 앞
211,여의도역 4번출구 옆,217,NH농협은행 앞
211,여의도역 4번출구 옆,202,국민일보 앞
211,여의도역 4번출구 옆,2054,삼익아파트
211,여의도역 4번출구 옆,202,국민일보 앞
211,여의도역 4번출구 옆,211,여의도역 4번출구 옆
211,여의도역 4번출구 옆,259,대방역6번출구
211,여의도역 4번출구 옆,205,산업은행 앞
211,여의도역 4번출구 옆,206,KBS 앞
211,여의도역 4번출구 옆,205,산업은행 앞
211,여의도역 4번출구 옆,206,KBS 앞
211,여의도역 4번출구 옆,210,IFC몰
211,여의도역 4번출구 옆,209,유진투자증권빌딩 앞
211,여의도역 4번출구 옆,202,국민일보 앞
211,여의도역 4번출구 옆,202,국민일보 앞
211,여의도역 4번출구 옆,202,국민일보 앞
211,여의도역 4번출구 옆,206,KBS 앞
211,여의도역 4번출구 옆,202,국민일보 앞
211,여의도역 4번출구 옆,203,국회의사당역 3번출구 옆
211,여의도역 4번출구 옆,205,산업은행 앞
211,여의도역 4번출구 옆,295,영등포공원 분수대 앞
211,여의도역 4번출구 옆,209,유진투자증권빌딩 앞
211,여의도역 4번출구 옆,210,IFC몰
211,여의도역 4번출구 옆,2065,서울시여성가족재단
211,여의도역 4번출구 옆,204,국회의사당역 5번출구 옆
211,여의도역 4번출구 옆,204,국회의사당역 5번출구 옆
211,여의도역 4번출구 옆,221,여의도초교 앞
211,여의도역 4번출구 옆,202,국민일보 앞
211,여의도역 4번출구 옆,214,금융감독원 앞
211,여의도역 4번출구 옆,202,국민일보 앞
211,여의도역 4번출구 옆,4564,63스퀘어
211,여의도역 4번출구 옆,203,국회의사당역 3번출구 옆
211,여의도역 4번출구 옆,210,IFC몰
211,여의도역 4번출구 옆,209,유진투자증권빌딩 앞
211,여의도역 4번출구 옆,211,여의도역 4번출구 옆
211,여의도역 4번출구 옆,209,유진투자증권빌딩 앞
211,여의도역 4번출구 옆,276,SK 영등포주유소
211,여의도역 4번출구 옆,259,대방역6번출구
211,여의도역 4번출구 옆,3205,문래현대2차
211,여의도역 4번출구 옆,4559,신길역 2번출구
211,여의도역 4번출구 옆,4559,신길역 2번출구
211,여의도역 4번출구 옆,202,국민일보 앞
211,여의도역 4번출구 옆,259,대방역6번출구
211,여의도역 4번출구 옆,3215,강변삼성래미안
211,여의도역 4번출구 옆,4559,신길역 2번출구
211,여의도역 4번출구 옆,4569,힐스테이트클래시안아파트
211,여의도역 4번출구 옆,3220,래미안에스티움 앞 (신풍로)
211,여의도역 4번출구 옆,245,삼성생명 당산사옥 앞
211,여의도역 4번출구 옆,260,여의도 마리나선착장 앞
211,여의도역 4번출구 옆,4510,신정네거리역 교차로
211,여의도역 4번출구 옆,274,영등포역지하쇼핑센타 5번출구
211,여의도역 4번출구 옆,2008,노량진근린공원 대방공원
211,여의도역 4번출구 옆,276,SK 영등포주유소
211,여의도역 4번출구 옆,276,SK 영등포주유소
211,여의도역 4번출구 옆,276,SK 영등포주유소
211,여의도역 4번출구 옆,4561,양평역 1번출구
211,여의도역 4번출구 옆,274,영등포역지하쇼핑센타 5번출구
211,여의도역 4번출구 옆,2008,노량진근린공원 대방공원
211,여의도역 4번출구 옆,298,KBS 연구동 건너편
211,여의도역 4번출구 옆,217,NH농협은행 앞
211,여의도역 4번출구 옆,224,롯데캐슬 앞
211,여의도역 4번출구 옆,214,금융감독원 앞
211,여의도역 4번출구 옆,223,진주아파트상가 앞
211,여의도역 4번출구 옆,203,국회의사당역 3번출구 옆
211,여의도역 4번출구 옆,270,증권거래소후문교차로
211,여의도역 4번출구 옆,276,SK 영등포주유소
211,여의도역 4번출구 옆,217,NH농협은행 앞
211,여의도역 4번출구 옆,205,산업은행 앞
211,여의도역 4번출구 옆,203,국회의사당역 3번출구 옆
211,여의도역 4번출구 옆,248,초원아파트 앞
211,여의도역 4번출구 옆,217,NH농협은행 앞
211,여의도역 4번출구 옆,209,유진투자증권빌딩 앞
211,여의도역 4번출구 옆,206,KBS 앞
211,여의도역 4번출구 옆,206,KBS 앞
211,여의도역 4번출구 옆,202,국민일보 앞
211,여의도역 4번출구 옆,202,국민일보 앞
211,여의도역 4번출구 옆,206,KBS 앞
211,여의도역 4번출구 옆,202,국민일보 앞
211,여의도역 4번출구 옆,205,산업은행 앞
211,여의도역 4번출구 옆,217,NH농협은행 앞
211,여의도역 4번출구 옆,210,IFC몰
211,여의도역 4번출구 옆,214,금융감독원 앞
211,여의도역 4번출구 옆,203,국회의사당역 3번출구 옆
211,여의도역 4번출구 옆,224,롯데캐슬 앞
211,여의도역 4번출구 옆,4564,63스퀘어
211,여의도역 4번출구 옆,211,여의도역 4번출구 옆
211,여의도역 4번출구 옆,217,NH농협은행 앞
211,여의도역 4번출구 옆,211,여의도역 4번출구 옆
211,여의도역 4번출구 옆,217,NH농협은행 앞
211,여의도역 4번출구 옆,202,국민일보 앞
211,여의도역 4번출구 옆,259,대방역6번출구
211,여의도역 4번출구 옆,204,국회의사당역 5번출구 옆
211,여의도역 4번출구 옆,211,여의도역 4번출구 옆
211,여의도역 4번출구 옆,203,국회의사당역 3번출구 옆
211,여의도역 4번출구 옆,222,시범아파트버스정류장 옆
211,여의도역 4번출구 옆,204,국회의사당역 5번출구 옆
211,여의도역 4번출구 옆,274,영등포역지하쇼핑센타 5번출구
211,여의도역 4번출구 옆,223,진주아파트상가 앞
211,여의도역 4번출구 옆,217,NH농협은행 앞
211,여의도역 4번출구 옆,217,NH농협은행 앞
211,여의도역 4번출구 옆,209,유진투자증권빌딩 앞
211,여의도역 4번출구 옆,204,국회의사당역 5번출구 옆
211,여의도역 4번출구 옆,205,산업은행 앞
211,여의도역 4번출구 옆,4564,63스퀘어
211,여의도역 4번출구 옆,274,영등포역지하쇼핑센타 5번출구
211,여의도역 4번출구 옆,203,국회의사당역 3번출구 옆
211,여의도역 4번출구 옆,274,영등포역지하쇼핑센타 5번출구
211,여의도역 4번출구 옆,205,산업은행 앞
211,여의도역 4번출구 옆,258,신길역3번출구
211,여의도역 4번출구 옆,4559,신길역 2번출구
211,여의도역 4번출구 옆,211,여의도역 4번출구 옆
211,여의도역 4번출구 옆,4571,문래동롯데캐슬아파트
211,여의도역 4번출구 옆,287,영등포전화국사거리 (서강어린이공원)
211,여의도역 4번출구 옆,276,SK 영등포주유소
211,여의도역 4번출구 옆,3205,문래현대2차
211,여의도역 4번출구 옆,4559,신길역 2번출구
211,여의도역 4번출구 옆,3219,영등포역 2번출구
211,여의도역 4번출구 옆,259,대방역6번출구
211,여의도역 4번출구 옆,274,영등포역지하쇼핑센타 5번출구
211,여의도역 4번출구 옆,3221,서울특별시 남부교육지원청
211,여의도역 4번출구 옆,223,진주아파트상가 앞
211,여의도역 4번출구 옆,274,영등포역지하쇼핑센타 5번출구
211,여의도역 4번출구 옆,266,영등포청과시장 사거리
211,여의도역 4번출구 옆,765,오목교역 3번출구
211,여의도역 4번출구 옆,268,그랜드컨벤션센터 앞
211,여의도역 4번출구 옆,2025,흑석역 1번출구
211,여의도역 4번출구 옆,276,SK 영등포주유소
211,여의도역 4번출구 옆,4507,삼성전자서비스 신정센터
211,여의도역 4번출구 옆,202,국민일보 앞
211,여의도역 4번출구 옆,250,대림아파트 사거리
211,여의도역 4번출구 옆,276,SK 영등포주유소
211,여의도역 4번출구 옆,223,진주아파트상가 앞
211,여의도역 4번출구 옆,211,여의도역 4번출구 옆
211,여의도역 4번출구 옆,4569,힐스테이트클래시안아파트
211,여의도역 4번출구 옆,226,샛강역 1번출구 앞
211,여의도역 4번출구 옆,210,IFC몰
211,여의도역 4번출구 옆,217,NH농협은행 앞
211,여의도역 4번출구 옆,201,진미파라곤 앞
211,여의도역 4번출구 옆,203,국회의사당역 3번출구 옆
211,여의도역 4번출구 옆,223,진주아파트상가 앞
211,여의도역 4번출구 옆,217,NH농협은행 앞
211,여의도역 4번출구 옆,209,유진투자증권빌딩 앞
211,여의도역 4번출구 옆,206,KBS 앞
211,여의도역 4번출구 옆,206,KBS 앞
211,여의도역 4번출구 옆,217,NH농협은행 앞
211,여의도역 4번출구 옆,202,국민일보 앞
211,여의도역 4번출구 옆,202,국민일보 앞
211,여의도역 4번출구 옆,4559,신길역 2번출구
211,여의도역 4번출구 옆,210,IFC몰
211,여의도역 4번출구 옆,207,여의나루역 1번출구 앞
211,여의도역 4번출구 옆,206,KBS 앞
211,여의도역 4번출구 옆,4573,두산위브아파트
211,여의도역 4번출구 옆,214,금융감독원 앞
211,여의도역 4번출구 옆,202,국민일보 앞
211,여의도역 4번출구 옆,224,롯데캐슬 앞
211,여의도역 4번출구 옆,274,영등포역지하쇼핑센타 5번출구
211,여의도역 4번출구 옆,224,롯데캐슬 앞
211,여의도역 4번출구 옆,224,롯데캐슬 앞
211,여의도역 4번출구 옆,202,국민일보 앞
211,여의도역 4번출구 옆,259,대방역6번출구
211,여의도역 4번출구 옆,220,미성아파트 A동 앞
211,여의도역 4번출구 옆,259,대방역6번출구
211,여의도역 4번출구 옆,229,양평1 보행육교 앞
211,여의도역 4번출구 옆,203,국회의사당역 3번출구 옆
211,여의도역 4번출구 옆,220,미성아파트 A동 앞
211,여의도역 4번출구 옆,243,이앤씨드림타워 앞
211,여의도역 4번출구 옆,243,이앤씨드림타워 앞
211,여의도역 4번출구 옆,3206,문래동 주민센터
211,여의도역 4번출구 옆,259,대방역6번출구
211,여의도역 4번출구 옆,4559,신길역 2번출구
211,여의도역 4번출구 옆,259,대방역6번출구
211,여의도역 4번출구 옆,276,SK 영등포주유소
211,여의도역 4번출구 옆,4559,신길역 2번출구
211,여의도역 4번출구 옆,296,KT플라자 영등포점
211,여의도역 4번출구 옆,202,국민일보 앞
211,여의도역 4번출구 옆,2007,유한양행앞
211,여의도역 4번출구 옆,2007,유한양행앞
211,여의도역 4번출구 옆,3127,홍은2파출소 옆
211,여의도역 4번출구 옆,210,IFC몰
211,여의도역 4번출구 옆,3205,문래현대2차
211,여의도역 4번출구 옆,203,국회의사당역 3번출구 옆
211,여의도역 4번출구 옆,3221,서울특별시 남부교육지원청
211,여의도역 4번출구 옆,1964,원메디타운 앞
211,여의도역 4번출구 옆,2384,자곡사거리
211,여의도역 4번출구 옆,144,공덕역 8번출구
211,여의도역 4번출구 옆,224,롯데캐슬 앞
211,여의도역 4번출구 옆,264,교보생명보험 앞
211,여의도역 4번출구 옆,4559,신길역 2번출구
211,여의도역 4번출구 옆,221,여의도초교 앞
211,여의도역 4번출구 옆,276,SK 영등포주유소
211,여의도역 4번출구 옆,202,국민일보 앞
211,여의도역 4번출구 옆,202,국민일보 앞
211,여의도역 4번출구 옆,203,국회의사당역 3번출구 옆
211,여의도역 4번출구 옆,213,KT앞
211,여의도역 4번출구 옆,4568,영등포로터리
211,여의도역 4번출구 옆,2054,삼익아파트
211,여의도역 4번출구 옆,270,증권거래소후문교차로
211,여의도역 4번출구 옆,276,SK 영등포주유소
211,여의도역 4번출구 옆,217,NH농협은행 앞
211,여의도역 4번출구 옆,209,유진투자증권빌딩 앞
211,여의도역 4번출구 옆,217,NH농협은행 앞
211,여의도역 4번출구 옆,206,KBS 앞
211,여의도역 4번출구 옆,205,산업은행 앞
211,여의도역 4번출구 옆,202,국민일보 앞
211,여의도역 4번출구 옆,202,국민일보 앞
211,여의도역 4번출구 옆,206,KBS 앞
211,여의도역 4번출구 옆,206,KBS 앞
211,여의도역 4번출구 옆,202,국민일보 앞
211,여의도역 4번출구 옆,202,국민일보 앞
211,여의도역 4번출구 옆,202,국민일보 앞
211,여의도역 4번출구 옆,211,여의도역 4번출구 옆
211,여의도역 4번출구 옆,212,여의도역 1번출구 옆
211,여의도역 4번출구 옆,206,KBS 앞
211,여의도역 4번출구 옆,259,대방역6번출구
211,여의도역 4번출구 옆,220,미성아파트 A동 앞
211,여의도역 4번출구 옆,201,진미파라곤 앞
211,여의도역 4번출구 옆,211,여의도역 4번출구 옆
211,여의도역 4번출구 옆,211,여의도역 4번출구 옆
211,여의도역 4번출구 옆,204,국회의사당역 5번출구 옆
211,여의도역 4번출구 옆,224,롯데캐슬 앞
211,여의도역 4번출구 옆,217,NH농협은행 앞
211,여의도역 4번출구 옆,204,국회의사당역 5번출구 옆
211,여의도역 4번출구 옆,217,NH농협은행 앞
211,여의도역 4번출구 옆,211,여의도역 4번출구 옆
211,여의도역 4번출구 옆,205,산업은행 앞
211,여의도역 4번출구 옆,223,진주아파트상가 앞
211,여의도역 4번출구 옆,270,증권거래소후문교차로
211,여의도역 4번출구 옆,214,금융감독원 앞
211,여의도역 4번출구 옆,222,시범아파트버스정류장 옆
211,여의도역 4번출구 옆,274,영등포역지하쇼핑센타 5번출구
211,여의도역 4번출구 옆,204,국회의사당역 5번출구 옆
211,여의도역 4번출구 옆,274,영등포역지하쇼핑센타 5번출구
211,여의도역 4번출구 옆,4559,신길역 2번출구
211,여의도역 4번출구 옆,211,여의도역 4번출구 옆
211,여의도역 4번출구 옆,258,신길역3번출구
211,여의도역 4번출구 옆,276,SK 영등포주유소
211,여의도역 4번출구 옆,259,대방역6번출구
211,여의도역 4번출구 옆,203,국회의사당역 3번출구 옆
211,여의도역 4번출구 옆,4559,신길역 2번출구
211,여의도역 4번출구 옆,3205,문래현대2차
211,여의도역 4번출구 옆,4559,신길역 2번출구
211,여의도역 4번출구 옆,292,영일 어린이공원
211,여의도역 4번출구 옆,4565,영등포 신세계백화점
211,여의도역 4번출구 옆,259,대방역6번출구
211,여의도역 4번출구 옆,259,대방역6번출구
211,여의도역 4번출구 옆,259,대방역6번출구
211,여의도역 4번출구 옆,224,롯데캐슬 앞
211,여의도역 4번출구 옆,211,여의도역 4번출구 옆
211,여의도역 4번출구 옆,4564,63스퀘어
211,여의도역 4번출구 옆,276,SK 영등포주유소
211,여의도역 4번출구 옆,203,국회의사당역 3번출구 옆
211,여의도역 4번출구 옆,4509,서울영상고교 입구
211,여의도역 4번출구 옆,210,IFC몰
211,여의도역 4번출구 옆,4559,신길역 2번출구
211,여의도역 4번출구 옆,217,NH농협은행 앞
211,여의도역 4번출구 옆,259,대방역6번출구
211,여의도역 4번출구 옆,213,KT앞
211,여의도역 4번출구 옆,147,마포역 4번출구 뒤
211,여의도역 4번출구 옆,2085,강남중학교 앞
211,여의도역 4번출구 옆,810,이태원지하보도
211,여의도역 4번출구 옆,276,SK 영등포주유소
211,여의도역 4번출구 옆,276,SK 영등포주유소
211,여의도역 4번출구 옆,202,국민일보 앞
211,여의도역 4번출구 옆,209,유진투자증권빌딩 앞
211,여의도역 4번출구 옆,206,KBS 앞
211,여의도역 4번출구 옆,210,IFC몰
211,여의도역 4번출구 옆,202,국민일보 앞
211,여의도역 4번출구 옆,276,SK 영등포주유소
211,여의도역 4번출구 옆,4563,여의도 은하아파트
211,여의도역 4번출구 옆,211,여의도역 4번출구 옆
211,여의도역 4번출구 옆,242,신길선원가와인아파트 앞
211,여의도역 4번출구 옆,4582,국회도서관
211,여의도역 4번출구 옆,203,국회의사당역 3번출구 옆
211,여의도역 4번출구 옆,222,시범아파트버스정류장 옆
211,여의도역 4번출구 옆,204,국회의사당역 5번출구 옆
211,여의도역 4번출구 옆,2008,노량진근린공원 대방공원
211,여의도역 4번출구 옆,291,문래동 하이테크 시티
211,여의도역 4번출구 옆,224,롯데캐슬 앞
211,여의도역 4번출구 옆,283,아크로타워 스퀘어(영등포시장)
211,여의도역 4번출구 옆,202,국민일보 앞
211,여의도역 4번출구 옆,744,신목동역 2번 출구
211,여의도역 4번출구 옆,206,KBS 앞
211,여의도역 4번출구 옆,3202,당산롯데캐슬프레스티지
211,여의도역 4번출구 옆,211,여의도역 4번출구 옆
211,여의도역 4번출구 옆,3205,문래현대2차
211,여의도역 4번출구 옆,4568,영등포로터리
211,여의도역 4번출구 옆,259,대방역6번출구
211,여의도역 4번출구 옆,259,대방역6번출구
211,여의도역 4번출구 옆,213,KT앞
211,여의도역 4번출구 옆,211,여의도역 4번출구 옆
211,여의도역 4번출구 옆,211,여의도역 4번출구 옆
211,여의도역 4번출구 옆,259,대방역6번출구
211,여의도역 4번출구 옆,274,영등포역지하쇼핑센타 5번출구
211,여의도역 4번출구 옆,224,롯데캐슬 앞
211,여의도역 4번출구 옆,274,영등포역지하쇼핑센타 5번출구
211,여의도역 4번출구 옆,2080,빕스 대방점 앞
211,여의도역 4번출구 옆,259,대방역6번출구
211,여의도역 4번출구 옆,217,NH농협은행 앞
211,여의도역 4번출구 옆,205,산업은행 앞
211,여의도역 4번출구 옆,217,NH농협은행 앞
211,여의도역 4번출구 옆,219,롯데캐슬엠파이어 옆
211,여의도역 4번출구 옆,150,서강대역 2번출구 앞

















1160,양천향교역 7번출구앞,3784,벽산아파트
1160,양천향교역 7번출구앞,1153,"발산역 1번, 9번 인근 대여소"
1160,양천향교역 7번출구앞,1182,KBS 스포츠월드
1160,양천향교역 7번출구앞,1185,등촌9단지
1160,양천향교역 7번출구앞,1158,가양역 8번출구
1160,양천향교역 7번출구앞,1160,양천향교역 7번출구앞
1160,양천향교역 7번출구앞,1190,마곡역 교차로(2번출구)
1160,양천향교역 7번출구앞,2717,LG유플러스 마곡사옥
1160,양천향교역 7번출구앞,2742,강서구민올림픽체육센터
1160,양천향교역 7번출구앞,3784,벽산아파트
1160,양천향교역 7번출구앞,2708,강서한강자이타워 앞
1160,양천향교역 7번출구앞,2704,홈플러스(강서점)
1160,양천향교역 7번출구앞,1166,강서구립등빛도서관
1160,양천향교역 7번출구앞,3784,벽산아파트
1160,양천향교역 7번출구앞,426,서울신용보증재단
1160,양천향교역 7번출구앞,3796,송정역 3번출구 앞
1160,양천향교역 7번출구앞,2707,한강아파트
1160,양천향교역 7번출구앞,2721,등촌1-10단지 교차로
1160,양천향교역 7번출구앞,1153,"발산역 1번, 9번 인근 대여소"
1160,양천향교역 7번출구앞,3784,벽산아파트
1160,양천향교역 7번출구앞,1129,화곡역 1번 출구 앞
1160,양천향교역 7번출구앞,2721,등촌1-10단지 교차로
1160,양천향교역 7번출구앞,3784,벽산아파트
1160,양천향교역 7번출구앞,3793,더리브골드타워
1160,양천향교역 7번출구앞,2743,동신아파트 104동 앞
1160,양천향교역 7번출구앞,3787,가양나들목
1160,양천향교역 7번출구앞,2729,넥센 유니버시티 앞
1160,양천향교역 7번출구앞,2729,넥센 유니버시티 앞
1160,양천향교역 7번출구앞,1190,마곡역 교차로(2번출구)
1160,양천향교역 7번출구앞,1184,마곡13단지
1160,양천향교역 7번출구앞,1155,기쁜우리복지관
1160,양천향교역 7번출구앞,1160,양천향교역 7번출구앞
1160,양천향교역 7번출구앞,2707,한강아파트
1160,양천향교역 7번출구앞,2717,LG유플러스 마곡사옥
1160,양천향교역 7번출구앞,2721,등촌1-10단지 교차로
1160,양천향교역 7번출구앞,1124,발산역 6번 출구 뒤
1160,양천향교역 7번출구앞,2722,마곡 문영비지웍스
1160,양천향교역 7번출구앞,3775,가양오토갤러리
1160,양천향교역 7번출구앞,1158,가양역 8번출구
1160,양천향교역 7번출구앞,1162,공항초등학교건너편
1160,양천향교역 7번출구앞,1159,서서울모터리움앞
1160,양천향교역 7번출구앞,2725,서울식물원 식물문화센터
1160,양천향교역 7번출구앞,1194,센서텍㈜
1160,양천향교역 7번출구앞,2727,서울식물원 잔디마당 앞
1160,양천향교역 7번출구앞,2727,서울식물원 잔디마당 앞
1160,양천향교역 7번출구앞,1195,코오롱One&Only타워
1160,양천향교역 7번출구앞,2717,LG유플러스 마곡사옥
1160,양천향교역 7번출구앞,2715,마곡나루역 2번 출구
1160,양천향교역 7번출구앞,1159,서서울모터리움앞
1160,양천향교역 7번출구앞,1117,스타벅스앞
1160,양천향교역 7번출구앞,1193,마곡센트럴타워 1차
1160,양천향교역 7번출구앞,2723,마곡 필네이처
1160,양천향교역 7번출구앞,2735,마곡 공공청사
1160,양천향교역 7번출구앞,1160,양천향교역 7번출구앞
1160,양천향교역 7번출구앞,3759,서울이대병원
1160,양천향교역 7번출구앞,1155,기쁜우리복지관
1160,양천향교역 7번출구앞,2720,힐스테이트에코
1160,양천향교역 7번출구앞,1124,발산역 6번 출구 뒤
1160,양천향교역 7번출구앞,2708,강서한강자이타워 앞
1160,양천향교역 7번출구앞,2708,강서한강자이타워 앞
1160,양천향교역 7번출구앞,2717,LG유플러스 마곡사옥
1160,양천향교역 7번출구앞,1166,강서구립등빛도서관
1160,양천향교역 7번출구앞,2722,마곡 문영비지웍스
1160,양천향교역 7번출구앞,3784,벽산아파트
1160,양천향교역 7번출구앞,1160,양천향교역 7번출구앞
1160,양천향교역 7번출구앞,3784,벽산아파트
1160,양천향교역 7번출구앞,1166,강서구립등빛도서관
1160,양천향교역 7번출구앞,1160,양천향교역 7번출구앞
1160,양천향교역 7번출구앞,2722,마곡 문영비지웍스
1160,양천향교역 7번출구앞,1160,양천향교역 7번출구앞
1160,양천향교역 7번출구앞,2730,마곡메가박스 앞
1160,양천향교역 7번출구앞,1118,증미역 3번출구뒤(등촌두산위브센티움오피스텔)
1160,양천향교역 7번출구앞,1160,양천향교역 7번출구앞
1160,양천향교역 7번출구앞,1197,엠펠리체 호텔 건너편
1160,양천향교역 7번출구앞,1197,엠펠리체 호텔 건너편
1160,양천향교역 7번출구앞,1118,증미역 3번출구뒤(등촌두산위브센티움오피스텔)
1160,양천향교역 7번출구앞,1166,강서구립등빛도서관
1160,양천향교역 7번출구앞,1129,화곡역 1번 출구 앞
1160,양천향교역 7번출구앞,1197,엠펠리체 호텔 건너편
1160,양천향교역 7번출구앞,1153,"발산역 1번, 9번 인근 대여소"
1160,양천향교역 7번출구앞,2708,강서한강자이타워 앞
1160,양천향교역 7번출구앞,2744,강서세무서 앞
1160,양천향교역 7번출구앞,2721,등촌1-10단지 교차로
1160,양천향교역 7번출구앞,2744,강서세무서 앞
1160,양천향교역 7번출구앞,1197,엠펠리체 호텔 건너편
1160,양천향교역 7번출구앞,2717,LG유플러스 마곡사옥
1160,양천향교역 7번출구앞,1160,양천향교역 7번출구앞
1160,양천향교역 7번출구앞,2740,마곡레포츠센터
1160,양천향교역 7번출구앞,2721,등촌1-10단지 교차로
1160,양천향교역 7번출구앞,2721,등촌1-10단지 교차로
1160,양천향교역 7번출구앞,2722,마곡 문영비지웍스
1160,양천향교역 7번출구앞,2722,마곡 문영비지웍스
1160,양천향교역 7번출구앞,3782,겸재정선미술관
1160,양천향교역 7번출구앞,3775,가양오토갤러리
1160,양천향교역 7번출구앞,1118,증미역 3번출구뒤(등촌두산위브센티움오피스텔)
1160,양천향교역 7번출구앞,2721,등촌1-10단지 교차로
1160,양천향교역 7번출구앞,2715,마곡나루역 2번 출구
1160,양천향교역 7번출구앞,1160,양천향교역 7번출구앞
1160,양천향교역 7번출구앞,1153,"발산역 1번, 9번 인근 대여소"
1160,양천향교역 7번출구앞,1162,공항초등학교건너편
1160,양천향교역 7번출구앞,3783,마곡금호어울림아파트
1160,양천향교역 7번출구앞,3783,마곡금호어울림아파트
1160,양천향교역 7번출구앞,1118,증미역 3번출구뒤(등촌두산위브센티움오피스텔)
1160,양천향교역 7번출구앞,3775,가양오토갤러리
1160,양천향교역 7번출구앞,1158,가양역 8번출구
1160,양천향교역 7번출구앞,4567,한림대학교 강남성심병원 신관
1160,양천향교역 7번출구앞,1153,"발산역 1번, 9번 인근 대여소"
1160,양천향교역 7번출구앞,3793,더리브골드타워
1160,양천향교역 7번출구앞,1153,"발산역 1번, 9번 인근 대여소"
1160,양천향교역 7번출구앞,2706,강서공업고등학교 앞
1160,양천향교역 7번출구앞,3782,겸재정선미술관
1160,양천향교역 7번출구앞,2735,마곡 공공청사
1160,양천향교역 7번출구앞,2721,등촌1-10단지 교차로
1160,양천향교역 7번출구앞,3775,가양오토갤러리
1160,양천향교역 7번출구앞,1160,양천향교역 7번출구앞
1160,양천향교역 7번출구앞,3793,더리브골드타워
1160,양천향교역 7번출구앞,3793,더리브골드타워
1160,양천향교역 7번출구앞,1118,증미역 3번출구뒤(등촌두산위브센티움오피스텔)
1160,양천향교역 7번출구앞,1160,양천향교역 7번출구앞
1160,양천향교역 7번출구앞,2722,마곡 문영비지웍스
1160,양천향교역 7번출구앞,2722,마곡 문영비지웍스
1160,양천향교역 7번출구앞,1124,발산역 6번 출구 뒤
1160,양천향교역 7번출구앞,2743,동신아파트 104동 앞
1160,양천향교역 7번출구앞,1160,양천향교역 7번출구앞
1160,양천향교역 7번출구앞,2722,마곡 문영비지웍스
1160,양천향교역 7번출구앞,3784,벽산아파트
1160,양천향교역 7번출구앞,1118,증미역 3번출구뒤(등촌두산위브센티움오피스텔)
1160,양천향교역 7번출구앞,1149,신방화역환승주차장
1160,양천향교역 7번출구앞,2723,마곡 필네이처
1160,양천향교역 7번출구앞,2723,마곡 필네이처
1160,양천향교역 7번출구앞,2721,등촌1-10단지 교차로
1160,양천향교역 7번출구앞,1153,"발산역 1번, 9번 인근 대여소"
1160,양천향교역 7번출구앞,2735,마곡 공공청사
1160,양천향교역 7번출구앞,1182,KBS 스포츠월드
1160,양천향교역 7번출구앞,2721,등촌1-10단지 교차로
1160,양천향교역 7번출구앞,3775,가양오토갤러리
1160,양천향교역 7번출구앞,3783,마곡금호어울림아파트
1160,양천향교역 7번출구앞,2707,한강아파트
1160,양천향교역 7번출구앞,2722,마곡 문영비지웍스
1160,양천향교역 7번출구앞,1166,강서구립등빛도서관
1160,양천향교역 7번출구앞,1160,양천향교역 7번출구앞
1160,양천향교역 7번출구앞,1160,양천향교역 7번출구앞
1160,양천향교역 7번출구앞,1118,증미역 3번출구뒤(등촌두산위브센티움오피스텔)
1160,양천향교역 7번출구앞,2737,까치산역 3번 출구
1160,양천향교역 7번출구앞,1125,명덕고교입구(영종빌딩)
1160,양천향교역 7번출구앞,2740,마곡레포츠센터
1160,양천향교역 7번출구앞,2721,등촌1-10단지 교차로
1160,양천향교역 7번출구앞,2717,LG유플러스 마곡사옥
1160,양천향교역 7번출구앞,2725,서울식물원 식물문화센터
1160,양천향교역 7번출구앞,1153,"발산역 1번, 9번 인근 대여소"
1160,양천향교역 7번출구앞,1198,LG 사이언스파크
1160,양천향교역 7번출구앞,2727,서울식물원 잔디마당 앞
1160,양천향교역 7번출구앞,2730,마곡메가박스 앞
1160,양천향교역 7번출구앞,2717,LG유플러스 마곡사옥
1160,양천향교역 7번출구앞,1155,기쁜우리복지관
1160,양천향교역 7번출구앞,2722,마곡 문영비지웍스
1160,양천향교역 7번출구앞,2715,마곡나루역 2번 출구
1160,양천향교역 7번출구앞,1194,센서텍㈜
1160,양천향교역 7번출구앞,1193,마곡센트럴타워 1차
1160,양천향교역 7번출구앞,2723,마곡 필네이처
1160,양천향교역 7번출구앞,1159,서서울모터리움앞
1160,양천향교역 7번출구앞,2735,마곡 공공청사
1160,양천향교역 7번출구앞,1153,"발산역 1번, 9번 인근 대여소"
1160,양천향교역 7번출구앞,275,신동아아파트
1160,양천향교역 7번출구앞,2719,마곡문화공원
1160,양천향교역 7번출구앞,1155,기쁜우리복지관
1160,양천향교역 7번출구앞,1166,강서구립등빛도서관
1160,양천향교역 7번출구앞,1113,서남환경공원 버스정류장
1160,양천향교역 7번출구앞,1160,양천향교역 7번출구앞
1160,양천향교역 7번출구앞,1153,"발산역 1번, 9번 인근 대여소"
1160,양천향교역 7번출구앞,2708,강서한강자이타워 앞
1160,양천향교역 7번출구앞,2743,동신아파트 104동 앞
1160,양천향교역 7번출구앞,1135,강서구의회
1160,양천향교역 7번출구앞,1160,양천향교역 7번출구앞
1160,양천향교역 7번출구앞,1153,"발산역 1번, 9번 인근 대여소"
1160,양천향교역 7번출구앞,1194,센서텍㈜
1160,양천향교역 7번출구앞,1153,"발산역 1번, 9번 인근 대여소"
1160,양천향교역 7번출구앞,1160,양천향교역 7번출구앞
1160,양천향교역 7번출구앞,1120,대림경동아파트앞
1160,양천향교역 7번출구앞,2722,마곡 문영비지웍스
1160,양천향교역 7번출구앞,2723,마곡 필네이처
1160,양천향교역 7번출구앞,1131,꿈돌이공원 앞
1160,양천향교역 7번출구앞,3775,가양오토갤러리
1160,양천향교역 7번출구앞,1160,양천향교역 7번출구앞
1160,양천향교역 7번출구앞,2744,강서세무서 앞
1160,양천향교역 7번출구앞,2722,마곡 문영비지웍스
1160,양천향교역 7번출구앞,1155,기쁜우리복지관
1160,양천향교역 7번출구앞,1166,강서구립등빛도서관
1160,양천향교역 7번출구앞,2740,마곡레포츠센터
1160,양천향교역 7번출구앞,2739,수명산파크1단지교차로
1160,양천향교역 7번출구앞,2742,강서구민올림픽체육센터
1160,양천향교역 7번출구앞,1166,강서구립등빛도서관
1160,양천향교역 7번출구앞,1162,공항초등학교건너편
1160,양천향교역 7번출구앞,2740,마곡레포츠센터
1160,양천향교역 7번출구앞,1124,발산역 6번 출구 뒤
1160,양천향교역 7번출구앞,3784,벽산아파트
1160,양천향교역 7번출구앞,3778,김포공항입구 교차로
1160,양천향교역 7번출구앞,1166,강서구립등빛도서관
1160,양천향교역 7번출구앞,2708,강서한강자이타워 앞
1160,양천향교역 7번출구앞,2721,등촌1-10단지 교차로
1160,양천향교역 7번출구앞,3775,가양오토갤러리
1160,양천향교역 7번출구앞,1159,서서울모터리움앞
1160,양천향교역 7번출구앞,1132,등촌역 7번출구
1160,양천향교역 7번출구앞,2708,강서한강자이타워 앞
1160,양천향교역 7번출구앞,2727,서울식물원 잔디마당 앞
1160,양천향교역 7번출구앞,1195,코오롱One&Only타워
1160,양천향교역 7번출구앞,2717,LG유플러스 마곡사옥
1160,양천향교역 7번출구앞,2723,마곡 필네이처
1160,양천향교역 7번출구앞,1194,센서텍㈜
1160,양천향교역 7번출구앞,1193,마곡센트럴타워 1차
1160,양천향교역 7번출구앞,1159,서서울모터리움앞
1160,양천향교역 7번출구앞,2719,마곡문화공원
1160,양천향교역 7번출구앞,1155,기쁜우리복지관
1160,양천향교역 7번출구앞,2719,마곡문화공원
1160,양천향교역 7번출구앞,3770,남부순환로 205
1160,양천향교역 7번출구앞,1155,기쁜우리복지관
1160,양천향교역 7번출구앞,3775,가양오토갤러리
1160,양천향교역 7번출구앞,2708,강서한강자이타워 앞
1160,양천향교역 7번출구앞,2725,서울식물원 식물문화센터
1160,양천향교역 7번출구앞,2708,강서한강자이타워 앞
1160,양천향교역 7번출구앞,1124,발산역 6번 출구 뒤
1160,양천향교역 7번출구앞,1160,양천향교역 7번출구앞
1160,양천향교역 7번출구앞,1153,"발산역 1번, 9번 인근 대여소"
1160,양천향교역 7번출구앞,1160,양천향교역 7번출구앞
1160,양천향교역 7번출구앞,1188,롯데중앙연구소
1160,양천향교역 7번출구앞,2715,마곡나루역 2번 출구
1160,양천향교역 7번출구앞,3783,마곡금호어울림아파트
1160,양천향교역 7번출구앞,2723,마곡 필네이처
1160,양천향교역 7번출구앞,1166,강서구립등빛도서관
1160,양천향교역 7번출구앞,3782,겸재정선미술관
1160,양천향교역 7번출구앞,2710,라이품 공영주차장 앞
1160,양천향교역 7번출구앞,2721,등촌1-10단지 교차로
1160,양천향교역 7번출구앞,2718,마곡수명산파크1단지
1160,양천향교역 7번출구앞,2722,마곡 문영비지웍스
1160,양천향교역 7번출구앞,1173,강서구청사거리(SH타워)
1160,양천향교역 7번출구앞,2742,강서구민올림픽체육센터
1160,양천향교역 7번출구앞,2707,한강아파트
1160,양천향교역 7번출구앞,1155,기쁜우리복지관
1160,양천향교역 7번출구앞,1193,마곡센트럴타워 1차
1160,양천향교역 7번출구앞,1132,등촌역 7번출구
1160,양천향교역 7번출구앞,1160,양천향교역 7번출구앞
1160,양천향교역 7번출구앞,2739,수명산파크1단지교차로
1160,양천향교역 7번출구앞,3780,등촌서광아파트
1160,양천향교역 7번출구앞,1155,기쁜우리복지관
1160,양천향교역 7번출구앞,3784,벽산아파트
1160,양천향교역 7번출구앞,3784,벽산아파트
1160,양천향교역 7번출구앞,1166,강서구립등빛도서관
1160,양천향교역 7번출구앞,1175,대한항공 인력개발센터
1160,양천향교역 7번출구앞,1160,양천향교역 7번출구앞
1160,양천향교역 7번출구앞,1160,양천향교역 7번출구앞
1160,양천향교역 7번출구앞,1155,기쁜우리복지관
1160,양천향교역 7번출구앞,1149,신방화역환승주차장
1160,양천향교역 7번출구앞,2710,라이품 공영주차장 앞
1160,양천향교역 7번출구앞,2710,라이품 공영주차장 앞
1160,양천향교역 7번출구앞,1192,마곡수명산파크 209동 건너편
1160,양천향교역 7번출구앞,2709,강변아파트 310동 앞
1160,양천향교역 7번출구앞,3769,가양동 이마트 앞
1160,양천향교역 7번출구앞,2721,등촌1-10단지 교차로
1160,양천향교역 7번출구앞,3783,마곡금호어울림아파트
1160,양천향교역 7번출구앞,1118,증미역 3번출구뒤(등촌두산위브센티움오피스텔)
1160,양천향교역 7번출구앞,1160,양천향교역 7번출구앞
1160,양천향교역 7번출구앞,2708,강서한강자이타워 앞
1160,양천향교역 7번출구앞,1153,"발산역 1번, 9번 인근 대여소"
1160,양천향교역 7번출구앞,1153,"발산역 1번, 9번 인근 대여소"
1160,양천향교역 7번출구앞,3775,가양오토갤러리
1160,양천향교역 7번출구앞,3793,더리브골드타워
1160,양천향교역 7번출구앞,1159,서서울모터리움앞
1160,양천향교역 7번출구앞,1158,가양역 8번출구
1160,양천향교역 7번출구앞,2745,수명초등학교
1160,양천향교역 7번출구앞,1162,공항초등학교건너편
1160,양천향교역 7번출구앞,3793,더리브골드타워
1160,양천향교역 7번출구앞,3793,더리브골드타워
1160,양천향교역 7번출구앞,2721,등촌1-10단지 교차로
1160,양천향교역 7번출구앞,2728,마곡나루역 3번 출구
1160,양천향교역 7번출구앞,2725,서울식물원 식물문화센터
1160,양천향교역 7번출구앞,2727,서울식물원 잔디마당 앞
1160,양천향교역 7번출구앞,2727,서울식물원 잔디마당 앞
1160,양천향교역 7번출구앞,1198,LG 사이언스파크
1160,양천향교역 7번출구앞,2727,서울식물원 잔디마당 앞
1160,양천향교역 7번출구앞,2715,마곡나루역 2번 출구
1160,양천향교역 7번출구앞,1159,서서울모터리움앞
1160,양천향교역 7번출구앞,1193,마곡센트럴타워 1차
1160,양천향교역 7번출구앞,2708,강서한강자이타워 앞
1160,양천향교역 7번출구앞,2723,마곡 필네이처
1160,양천향교역 7번출구앞,2715,마곡나루역 2번 출구
1160,양천향교역 7번출구앞,2719,마곡문화공원
1160,양천향교역 7번출구앞,1155,기쁜우리복지관
1160,양천향교역 7번출구앞,1153,"발산역 1번, 9번 인근 대여소"
1160,양천향교역 7번출구앞,1197,엠펠리체 호텔 건너편
1160,양천향교역 7번출구앞,1197,엠펠리체 호텔 건너편
1160,양천향교역 7번출구앞,1197,엠펠리체 호텔 건너편
1160,양천향교역 7번출구앞,2708,강서한강자이타워 앞
1160,양천향교역 7번출구앞,2721,등촌1-10단지 교차로
1160,양천향교역 7번출구앞,3784,벽산아파트
1160,양천향교역 7번출구앞,2721,등촌1-10단지 교차로
1160,양천향교역 7번출구앞,2731,명덕고교
1160,양천향교역 7번출구앞,2715,마곡나루역 2번 출구
1160,양천향교역 7번출구앞,2710,라이품 공영주차장 앞
1160,양천향교역 7번출구앞,1153,"발산역 1번, 9번 인근 대여소"
1160,양천향교역 7번출구앞,2715,마곡나루역 2번 출구
1160,양천향교역 7번출구앞,3801,이랜드글로벌R&D센터
1160,양천향교역 7번출구앞,1124,발산역 6번 출구 뒤
1160,양천향교역 7번출구앞,2708,강서한강자이타워 앞
1160,양천향교역 7번출구앞,1199,우장산역 3번출구
1160,양천향교역 7번출구앞,3798,그랜드아이파크아파트 앞
1160,양천향교역 7번출구앞,2721,등촌1-10단지 교차로
1160,양천향교역 7번출구앞,207,여의나루역 1번출구 앞
1160,양천향교역 7번출구앞,2723,마곡 필네이처
1160,양천향교역 7번출구앞,3784,벽산아파트
1160,양천향교역 7번출구앞,2743,동신아파트 104동 앞
1160,양천향교역 7번출구앞,3760,발산역 8번 출구
1160,양천향교역 7번출구앞,1155,기쁜우리복지관
1160,양천향교역 7번출구앞,2744,강서세무서 앞
1160,양천향교역 7번출구앞,3783,마곡금호어울림아파트
1160,양천향교역 7번출구앞,1157,강서구청
1160,양천향교역 7번출구앞,3764,관문주유소(GS칼택스) 앞
1160,양천향교역 7번출구앞,2717,LG유플러스 마곡사옥
1160,양천향교역 7번출구앞,2740,마곡레포츠센터
1160,양천향교역 7번출구앞,2742,강서구민올림픽체육센터
1160,양천향교역 7번출구앞,1102,방화사거리 마을버스 버스정류장
1160,양천향교역 7번출구앞,1160,양천향교역 7번출구앞
1160,양천향교역 7번출구앞,2708,강서한강자이타워 앞
1160,양천향교역 7번출구앞,2722,마곡 문영비지웍스
1160,양천향교역 7번출구앞,2743,동신아파트 104동 앞
1160,양천향교역 7번출구앞,1160,양천향교역 7번출구앞
1160,양천향교역 7번출구앞,1162,공항초등학교건너편
1160,양천향교역 7번출구앞,1191,마곡역 교차로(NH농협)
1160,양천향교역 7번출구앞,1827,독산보도육교 앞 자전거 보관소
1160,양천향교역 7번출구앞,2721,등촌1-10단지 교차로
1160,양천향교역 7번출구앞,3784,벽산아파트
1160,양천향교역 7번출구앞,2719,마곡문화공원
1160,양천향교역 7번출구앞,2710,라이품 공영주차장 앞
1160,양천향교역 7번출구앞,2724,(재)FITI시험연구원
1160,양천향교역 7번출구앞,2723,마곡 필네이처
1160,양천향교역 7번출구앞,3783,마곡금호어울림아파트
1160,양천향교역 7번출구앞,1160,양천향교역 7번출구앞
1160,양천향교역 7번출구앞,2709,강변아파트 310동 앞
1160,양천향교역 7번출구앞,2708,강서한강자이타워 앞
1160,양천향교역 7번출구앞,1118,증미역 3번출구뒤(등촌두산위브센티움오피스텔)
1160,양천향교역 7번출구앞,2722,마곡 문영비지웍스
1160,양천향교역 7번출구앞,3783,마곡금호어울림아파트
1160,양천향교역 7번출구앞,1160,양천향교역 7번출구앞
1160,양천향교역 7번출구앞,2708,강서한강자이타워 앞
1160,양천향교역 7번출구앞,2725,서울식물원 식물문화센터
1160,양천향교역 7번출구앞,1153,"발산역 1번, 9번 인근 대여소"
1160,양천향교역 7번출구앞,2708,강서한강자이타워 앞
1160,양천향교역 7번출구앞,1194,센서텍㈜
1160,양천향교역 7번출구앞,2727,서울식물원 잔디마당 앞
1160,양천향교역 7번출구앞,1195,코오롱One&Only타워
1160,양천향교역 7번출구앞,3763,등촌태영아파트
1160,양천향교역 7번출구앞,2717,LG유플러스 마곡사옥
1160,양천향교역 7번출구앞,1112,마곡엠밸리4단지 정문
1160,양천향교역 7번출구앞,2717,LG유플러스 마곡사옥
1160,양천향교역 7번출구앞,1193,마곡센트럴타워 1차
1160,양천향교역 7번출구앞,1159,서서울모터리움앞
1160,양천향교역 7번출구앞,1160,양천향교역 7번출구앞
1160,양천향교역 7번출구앞,2723,마곡 필네이처
1160,양천향교역 7번출구앞,1155,기쁜우리복지관
1160,양천향교역 7번출구앞,1153,"발산역 1번, 9번 인근 대여소"
1160,양천향교역 7번출구앞,3759,서울이대병원
1160,양천향교역 7번출구앞,1153,"발산역 1번, 9번 인근 대여소"
1160,양천향교역 7번출구앞,3760,발산역 8번 출구
1160,양천향교역 7번출구앞,2715,마곡나루역 2번 출구
1160,양천향교역 7번출구앞,3760,발산역 8번 출구
1160,양천향교역 7번출구앞,3760,발산역 8번 출구
1160,양천향교역 7번출구앞,1160,양천향교역 7번출구앞
1160,양천향교역 7번출구앞,2708,강서한강자이타워 앞
1160,양천향교역 7번출구앞,2729,넥센 유니버시티 앞
1160,양천향교역 7번출구앞,2717,LG유플러스 마곡사옥
1160,양천향교역 7번출구앞,3797,마곡수명산파크7단지 710동 앞
1160,양천향교역 7번출구앞,1160,양천향교역 7번출구앞
1160,양천향교역 7번출구앞,1120,대림경동아파트앞
1160,양천향교역 7번출구앞,1160,양천향교역 7번출구앞
1160,양천향교역 7번출구앞,2722,마곡 문영비지웍스
1160,양천향교역 7번출구앞,3769,가양동 이마트 앞
1160,양천향교역 7번출구앞,2730,마곡메가박스 앞
1160,양천향교역 7번출구앞,1149,신방화역환승주차장
1160,양천향교역 7번출구앞,2722,마곡 문영비지웍스
1160,양천향교역 7번출구앞,2722,마곡 문영비지웍스
1160,양천향교역 7번출구앞,1160,양천향교역 7번출구앞
1160,양천향교역 7번출구앞,1197,엠펠리체 호텔 건너편
1160,양천향교역 7번출구앞,2722,마곡 문영비지웍스
1160,양천향교역 7번출구앞,1153,"발산역 1번, 9번 인근 대여소"
1160,양천향교역 7번출구앞,1160,양천향교역 7번출구앞
1160,양천향교역 7번출구앞,1129,화곡역 1번 출구 앞
1160,양천향교역 7번출구앞,2722,마곡 문영비지웍스
1160,양천향교역 7번출구앞,2722,마곡 문영비지웍스
1160,양천향교역 7번출구앞,752,성원2차 아파트
1160,양천향교역 7번출구앞,1157,강서구청
1160,양천향교역 7번출구앞,1160,양천향교역 7번출구앞
1160,양천향교역 7번출구앞,2742,강서구민올림픽체육센터
1160,양천향교역 7번출구앞,3775,가양오토갤러리
1160,양천향교역 7번출구앞,2722,마곡 문영비지웍스
1160,양천향교역 7번출구앞,1158,가양역 8번출구
1160,양천향교역 7번출구앞,2722,마곡 문영비지웍스
1160,양천향교역 7번출구앞,2722,마곡 문영비지웍스
1160,양천향교역 7번출구앞,1160,양천향교역 7번출구앞
1160,양천향교역 7번출구앞,1166,강서구립등빛도서관
1160,양천향교역 7번출구앞,2708,강서한강자이타워 앞
1160,양천향교역 7번출구앞,1166,강서구립등빛도서관
1160,양천향교역 7번출구앞,1155,기쁜우리복지관
1160,양천향교역 7번출구앞,1157,강서구청
1160,양천향교역 7번출구앞,2709,강변아파트 310동 앞
1160,양천향교역 7번출구앞,2722,마곡 문영비지웍스
1160,양천향교역 7번출구앞,2724,(재)FITI시험연구원
1160,양천향교역 7번출구앞,2727,서울식물원 잔디마당 앞
1160,양천향교역 7번출구앞,2721,등촌1-10단지 교차로
1160,양천향교역 7번출구앞,1113,서남환경공원 버스정류장
1160,양천향교역 7번출구앞,2722,마곡 문영비지웍스
1160,양천향교역 7번출구앞,2723,마곡 필네이처
1160,양천향교역 7번출구앞,2723,마곡 필네이처
1160,양천향교역 7번출구앞,2725,서울식물원 식물문화센터
1160,양천향교역 7번출구앞,2730,마곡메가박스 앞
1160,양천향교역 7번출구앞,2717,LG유플러스 마곡사옥
1160,양천향교역 7번출구앞,2723,마곡 필네이처
1160,양천향교역 7번출구앞,2727,서울식물원 잔디마당 앞
1160,양천향교역 7번출구앞,1159,서서울모터리움앞
1160,양천향교역 7번출구앞,2722,마곡 문영비지웍스
1160,양천향교역 7번출구앞,1160,양천향교역 7번출구앞
1160,양천향교역 7번출구앞,2735,마곡 공공청사
1160,양천향교역 7번출구앞,1185,등촌9단지
1160,양천향교역 7번출구앞,1160,양천향교역 7번출구앞
1160,양천향교역 7번출구앞,2719,마곡문화공원
1160,양천향교역 7번출구앞,2719,마곡문화공원
1160,양천향교역 7번출구앞,1166,강서구립등빛도서관
1160,양천향교역 7번출구앞,2743,동신아파트 104동 앞
1160,양천향교역 7번출구앞,3798,그랜드아이파크아파트 앞
1160,양천향교역 7번출구앞,3783,마곡금호어울림아파트
1160,양천향교역 7번출구앞,2721,등촌1-10단지 교차로
1160,양천향교역 7번출구앞,1153,"발산역 1번, 9번 인근 대여소"
1160,양천향교역 7번출구앞,1160,양천향교역 7번출구앞
1160,양천향교역 7번출구앞,3793,더리브골드타워
1160,양천향교역 7번출구앞,1124,발산역 6번 출구 뒤
1160,양천향교역 7번출구앞,752,성원2차 아파트
1160,양천향교역 7번출구앞,1171,염창동 새마을금고 건너편 (모닝글로리)
1160,양천향교역 7번출구앞,2706,강서공업고등학교 앞
1160,양천향교역 7번출구앞,1117,스타벅스앞
1160,양천향교역 7번출구앞,1827,독산보도육교 앞 자전거 보관소
1160,양천향교역 7번출구앞,1160,양천향교역 7번출구앞
1160,양천향교역 7번출구앞,2704,홈플러스(강서점)
1160,양천향교역 7번출구앞,1153,"발산역 1번, 9번 인근 대여소"
1160,양천향교역 7번출구앞,1180,마곡엠밸리 15단지(1502동) 건너편
1160,양천향교역 7번출구앞,1124,발산역 6번 출구 뒤
1160,양천향교역 7번출구앞,2744,강서세무서 앞
1160,양천향교역 7번출구앞,1102,방화사거리 마을버스 버스정류장
1160,양천향교역 7번출구앞,2743,동신아파트 104동 앞
1160,양천향교역 7번출구앞,1153,"발산역 1번, 9번 인근 대여소"
1160,양천향교역 7번출구앞,1153,"발산역 1번, 9번 인근 대여소"
1160,양천향교역 7번출구앞,2708,강서한강자이타워 앞
1160,양천향교역 7번출구앞,3796,송정역 3번출구 앞
1160,양천향교역 7번출구앞,3784,벽산아파트
1160,양천향교역 7번출구앞,1166,강서구립등빛도서관
1160,양천향교역 7번출구앞,1160,양천향교역 7번출구앞
1160,양천향교역 7번출구앞,2721,등촌1-10단지 교차로
1160,양천향교역 7번출구앞,2709,강변아파트 310동 앞
1160,양천향교역 7번출구앞,2708,강서한강자이타워 앞
1160,양천향교역 7번출구앞,1118,증미역 3번출구뒤(등촌두산위브센티움오피스텔)
1160,양천향교역 7번출구앞,2722,마곡 문영비지웍스
1160,양천향교역 7번출구앞,1160,양천향교역 7번출구앞
1160,양천향교역 7번출구앞,1160,양천향교역 7번출구앞
1160,양천향교역 7번출구앞,1153,"발산역 1번, 9번 인근 대여소"
1160,양천향교역 7번출구앞,2721,등촌1-10단지 교차로

















1210,롯데월드타워(잠실역2번출구 쪽),1211,방이삼거리
1210,롯데월드타워(잠실역2번출구 쪽),4865,한성백제역 1번출구 뒤
1210,롯데월드타워(잠실역2번출구 쪽),1008,암사역 3번출구(국민은행앞)
1210,롯데월드타워(잠실역2번출구 쪽),1210,롯데월드타워(잠실역2번출구 쪽)
1210,롯데월드타워(잠실역2번출구 쪽),4868,레이크 호텔 앞
1210,롯데월드타워(잠실역2번출구 쪽),4864,송파사거리
1210,롯데월드타워(잠실역2번출구 쪽),2648,헬리오시티 112동 앞
1210,롯데월드타워(잠실역2번출구 쪽),2608,송파구청
1210,롯데월드타워(잠실역2번출구 쪽),4496,잠실 파크리오 120동 앞
1210,롯데월드타워(잠실역2번출구 쪽),1210,롯데월드타워(잠실역2번출구 쪽)
1210,롯데월드타워(잠실역2번출구 쪽),2404,대모산입구역 4번 출구 앞
1210,롯데월드타워(잠실역2번출구 쪽),1260,방이동 한양3차아파트 옆
1210,롯데월드타워(잠실역2번출구 쪽),4868,레이크 호텔 앞
1210,롯데월드타워(잠실역2번출구 쪽),1297,석촌호수교차로(동호 팔각정 앞)
1210,롯데월드타워(잠실역2번출구 쪽),1211,방이삼거리
1210,롯데월드타워(잠실역2번출구 쪽),1297,석촌호수교차로(동호 팔각정 앞)
1210,롯데월드타워(잠실역2번출구 쪽),2646,레이크펠리스101동앞
1210,롯데월드타워(잠실역2번출구 쪽),2651,경찰병원역 3번출구 앞
1210,롯데월드타워(잠실역2번출구 쪽),1293,석촌호교차로 (스타벅스 앞)
1210,롯데월드타워(잠실역2번출구 쪽),4865,한성백제역 1번출구 뒤
1210,롯데월드타워(잠실역2번출구 쪽),2608,송파구청
1210,롯데월드타워(잠실역2번출구 쪽),1269,리센츠아파트
1210,롯데월드타워(잠실역2번출구 쪽),2610,여흥레이크빌 앞 (석촌호수 까페거리)
1210,롯데월드타워(잠실역2번출구 쪽),1213,백토공원 앞
1210,롯데월드타워(잠실역2번출구 쪽),4453,위례중앙푸르지오 201동 앞
1210,롯데월드타워(잠실역2번출구 쪽),1293,석촌호교차로 (스타벅스 앞)
1210,롯데월드타워(잠실역2번출구 쪽),2610,여흥레이크빌 앞 (석촌호수 까페거리)
1210,롯데월드타워(잠실역2번출구 쪽),1293,석촌호교차로 (스타벅스 앞)
1210,롯데월드타워(잠실역2번출구 쪽),1293,석촌호교차로 (스타벅스 앞)
1210,롯데월드타워(잠실역2번출구 쪽),4864,송파사거리
1210,롯데월드타워(잠실역2번출구 쪽),2620,송파나루역 4번 출구옆
1210,롯데월드타워(잠실역2번출구 쪽),1226,잠실4동 주민센터 옆
1210,롯데월드타워(잠실역2번출구 쪽),1218,방이역 4번출구
1210,롯데월드타워(잠실역2번출구 쪽),1211,방이삼거리
1210,롯데월드타워(잠실역2번출구 쪽),2610,여흥레이크빌 앞 (석촌호수 까페거리)
1210,롯데월드타워(잠실역2번출구 쪽),1211,방이삼거리
1210,롯데월드타워(잠실역2번출구 쪽),1293,석촌호교차로 (스타벅스 앞)
1210,롯데월드타워(잠실역2번출구 쪽),1211,방이삼거리
1210,롯데월드타워(잠실역2번출구 쪽),4465,건영아파트앞 사거리
1210,롯데월드타워(잠실역2번출구 쪽),4486,홈플러스 잠실점
1210,롯데월드타워(잠실역2번출구 쪽),4859,잠실나루 나들목
1210,롯데월드타워(잠실역2번출구 쪽),1211,방이삼거리
1210,롯데월드타워(잠실역2번출구 쪽),2622,올림픽공원역 3번출구
1210,롯데월드타워(잠실역2번출구 쪽),2610,여흥레이크빌 앞 (석촌호수 까페거리)
1210,롯데월드타워(잠실역2번출구 쪽),2608,송파구청
1210,롯데월드타워(잠실역2번출구 쪽),2372,대치역 사거리
1210,롯데월드타워(잠실역2번출구 쪽),1297,석촌호수교차로(동호 팔각정 앞)
1210,롯데월드타워(잠실역2번출구 쪽),2611,송파지역자활센터 뒤
1210,롯데월드타워(잠실역2번출구 쪽),1251,석촌역 2번출구
1210,롯데월드타워(잠실역2번출구 쪽),2620,송파나루역 4번 출구옆
1210,롯데월드타워(잠실역2번출구 쪽),1024,강동구청 앞
1210,롯데월드타워(잠실역2번출구 쪽),2623,석촌동 주민센터
1210,롯데월드타워(잠실역2번출구 쪽),1221,삼전사거리 포스코더샵
1210,롯데월드타워(잠실역2번출구 쪽),2610,여흥레이크빌 앞 (석촌호수 까페거리)
1210,롯데월드타워(잠실역2번출구 쪽),2638,쌍용아파트
1210,롯데월드타워(잠실역2번출구 쪽),2631,배명고등학교
1210,롯데월드타워(잠실역2번출구 쪽),2631,배명고등학교
1210,롯데월드타워(잠실역2번출구 쪽),1222,잠실새내역 5번 출구 뒤
1210,롯데월드타워(잠실역2번출구 쪽),2610,여흥레이크빌 앞 (석촌호수 까페거리)
1210,롯데월드타워(잠실역2번출구 쪽),1211,방이삼거리
1210,롯데월드타워(잠실역2번출구 쪽),1211,방이삼거리
1210,롯데월드타워(잠실역2번출구 쪽),546,잠실대교북단 교차로
1210,롯데월드타워(잠실역2번출구 쪽),2639,석촌역 8번출구
1210,롯데월드타워(잠실역2번출구 쪽),4864,송파사거리
1210,롯데월드타워(잠실역2번출구 쪽),1204,거여역 3번출구
1210,롯데월드타워(잠실역2번출구 쪽),3571,화양 APT(횡단보도 옆)
1210,롯데월드타워(잠실역2번출구 쪽),4864,송파사거리
1210,롯데월드타워(잠실역2번출구 쪽),2619,석촌고분역 4번출구
1210,롯데월드타워(잠실역2번출구 쪽),2608,송파구청
1210,롯데월드타워(잠실역2번출구 쪽),2620,송파나루역 4번 출구옆
1210,롯데월드타워(잠실역2번출구 쪽),2620,송파나루역 4번 출구옆
1210,롯데월드타워(잠실역2번출구 쪽),1293,석촌호교차로 (스타벅스 앞)
1210,롯데월드타워(잠실역2번출구 쪽),2608,송파구청
1210,롯데월드타워(잠실역2번출구 쪽),2601,석촌호수 서호사거리
1210,롯데월드타워(잠실역2번출구 쪽),1262,송파여성문화회관 앞
1210,롯데월드타워(잠실역2번출구 쪽),2619,석촌고분역 4번출구
1210,롯데월드타워(잠실역2번출구 쪽),2610,여흥레이크빌 앞 (석촌호수 까페거리)
1210,롯데월드타워(잠실역2번출구 쪽),1248,방이초등학교
1210,롯데월드타워(잠실역2번출구 쪽),2610,여흥레이크빌 앞 (석촌호수 까페거리)
1210,롯데월드타워(잠실역2번출구 쪽),1277,오금동 송파 참병원
1210,롯데월드타워(잠실역2번출구 쪽),1297,석촌호수교차로(동호 팔각정 앞)
1210,롯데월드타워(잠실역2번출구 쪽),1211,방이삼거리
1210,롯데월드타워(잠실역2번출구 쪽),2610,여흥레이크빌 앞 (석촌호수 까페거리)
1210,롯데월드타워(잠실역2번출구 쪽),2630,서울방이동 고분군
1210,롯데월드타워(잠실역2번출구 쪽),2608,송파구청
1210,롯데월드타워(잠실역2번출구 쪽),2608,송파구청
1210,롯데월드타워(잠실역2번출구 쪽),1211,방이삼거리
1210,롯데월드타워(잠실역2번출구 쪽),2608,송파구청
1210,롯데월드타워(잠실역2번출구 쪽),2608,송파구청
1210,롯데월드타워(잠실역2번출구 쪽),2610,여흥레이크빌 앞 (석촌호수 까페거리)
1210,롯데월드타워(잠실역2번출구 쪽),1211,방이삼거리
1210,롯데월드타워(잠실역2번출구 쪽),2610,여흥레이크빌 앞 (석촌호수 까페거리)
1210,롯데월드타워(잠실역2번출구 쪽),1297,석촌호수교차로(동호 팔각정 앞)
1210,롯데월드타워(잠실역2번출구 쪽),2610,여흥레이크빌 앞 (석촌호수 까페거리)
1210,롯데월드타워(잠실역2번출구 쪽),2610,여흥레이크빌 앞 (석촌호수 까페거리)
1210,롯데월드타워(잠실역2번출구 쪽),2610,여흥레이크빌 앞 (석촌호수 까페거리)
1210,롯데월드타워(잠실역2번출구 쪽),2601,석촌호수 서호사거리
1210,롯데월드타워(잠실역2번출구 쪽),1211,방이삼거리
1210,롯데월드타워(잠실역2번출구 쪽),1210,롯데월드타워(잠실역2번출구 쪽)
1210,롯데월드타워(잠실역2번출구 쪽),4865,한성백제역 1번출구 뒤
1210,롯데월드타워(잠실역2번출구 쪽),1297,석촌호수교차로(동호 팔각정 앞)
1210,롯데월드타워(잠실역2번출구 쪽),1248,방이초등학교
1210,롯데월드타워(잠실역2번출구 쪽),4865,한성백제역 1번출구 뒤
1210,롯데월드타워(잠실역2번출구 쪽),1295,잠실역 8번출구
1210,롯데월드타워(잠실역2번출구 쪽),2608,송파구청
1210,롯데월드타워(잠실역2번출구 쪽),4865,한성백제역 1번출구 뒤
1210,롯데월드타워(잠실역2번출구 쪽),1211,방이삼거리
1210,롯데월드타워(잠실역2번출구 쪽),2641,송파역 4번출구
1210,롯데월드타워(잠실역2번출구 쪽),1211,방이삼거리
1210,롯데월드타워(잠실역2번출구 쪽),2646,레이크펠리스101동앞
1210,롯데월드타워(잠실역2번출구 쪽),2647,잠실 자전거 수리센터 앞
1210,롯데월드타워(잠실역2번출구 쪽),1210,롯데월드타워(잠실역2번출구 쪽)
1210,롯데월드타워(잠실역2번출구 쪽),4868,레이크 호텔 앞
1210,롯데월드타워(잠실역2번출구 쪽),4867,가락대림아파트 앞
1210,롯데월드타워(잠실역2번출구 쪽),1286,위례중앙푸르지오 1단지 앞
1210,롯데월드타워(잠실역2번출구 쪽),2610,여흥레이크빌 앞 (석촌호수 까페거리)
1210,롯데월드타워(잠실역2번출구 쪽),1201,가락시장역 3번 출구
1210,롯데월드타워(잠실역2번출구 쪽),1211,방이삼거리
1210,롯데월드타워(잠실역2번출구 쪽),1211,방이삼거리
1210,롯데월드타워(잠실역2번출구 쪽),4868,레이크 호텔 앞
1210,롯데월드타워(잠실역2번출구 쪽),4864,송파사거리
1210,롯데월드타워(잠실역2번출구 쪽),1030,미호 플랜트 앞
1210,롯데월드타워(잠실역2번출구 쪽),2608,송파구청
1210,롯데월드타워(잠실역2번출구 쪽),2610,여흥레이크빌 앞 (석촌호수 까페거리)
1210,롯데월드타워(잠실역2번출구 쪽),1222,잠실새내역 5번 출구 뒤
1210,롯데월드타워(잠실역2번출구 쪽),1295,잠실역 8번출구
1210,롯데월드타워(잠실역2번출구 쪽),1295,잠실역 8번출구
1210,롯데월드타워(잠실역2번출구 쪽),2641,송파역 4번출구
1210,롯데월드타워(잠실역2번출구 쪽),4868,레이크 호텔 앞
1210,롯데월드타워(잠실역2번출구 쪽),1211,방이삼거리
1210,롯데월드타워(잠실역2번출구 쪽),2619,석촌고분역 4번출구
1210,롯데월드타워(잠실역2번출구 쪽),2619,석촌고분역 4번출구
1210,롯데월드타워(잠실역2번출구 쪽),2646,레이크펠리스101동앞
1210,롯데월드타워(잠실역2번출구 쪽),2620,송파나루역 4번 출구옆
1210,롯데월드타워(잠실역2번출구 쪽),2635,잠실새내역 1번출구
1210,롯데월드타워(잠실역2번출구 쪽),1051,양지시장 (용성약국앞) 입구
1210,롯데월드타워(잠실역2번출구 쪽),1249,아주중학교건너편
1210,롯데월드타워(잠실역2번출구 쪽),1293,석촌호교차로 (스타벅스 앞)
1210,롯데월드타워(잠실역2번출구 쪽),1211,방이삼거리
1210,롯데월드타워(잠실역2번출구 쪽),2610,여흥레이크빌 앞 (석촌호수 까페거리)
1210,롯데월드타워(잠실역2번출구 쪽),2641,송파역 4번출구
1210,롯데월드타워(잠실역2번출구 쪽),1210,롯데월드타워(잠실역2번출구 쪽)
1210,롯데월드타워(잠실역2번출구 쪽),860,LG한강 자이아파트 앞
1210,롯데월드타워(잠실역2번출구 쪽),1228,마천사거리
1210,롯데월드타워(잠실역2번출구 쪽),1012,서울 상운차량
1210,롯데월드타워(잠실역2번출구 쪽),2601,석촌호수 서호사거리
1210,롯데월드타워(잠실역2번출구 쪽),2637,잠실월드 메르디앙
1210,롯데월드타워(잠실역2번출구 쪽),1262,송파여성문화회관 앞
1210,롯데월드타워(잠실역2번출구 쪽),2646,레이크펠리스101동앞
1210,롯데월드타워(잠실역2번출구 쪽),2620,송파나루역 4번 출구옆
1210,롯데월드타워(잠실역2번출구 쪽),4864,송파사거리
1210,롯데월드타워(잠실역2번출구 쪽),1222,잠실새내역 5번 출구 뒤
1210,롯데월드타워(잠실역2번출구 쪽),2620,송파나루역 4번 출구옆
1210,롯데월드타워(잠실역2번출구 쪽),1267,올림픽공원 남2문 앞
1210,롯데월드타워(잠실역2번출구 쪽),1060,천일초교 사거리
1210,롯데월드타워(잠실역2번출구 쪽),1248,방이초등학교
1210,롯데월드타워(잠실역2번출구 쪽),1224,아시아지하보도 2번 출구
1210,롯데월드타워(잠실역2번출구 쪽),4864,송파사거리
1210,롯데월드타워(잠실역2번출구 쪽),2620,송파나루역 4번 출구옆
1210,롯데월드타워(잠실역2번출구 쪽),1210,롯데월드타워(잠실역2번출구 쪽)
1210,롯데월드타워(잠실역2번출구 쪽),1210,롯데월드타워(잠실역2번출구 쪽)
1210,롯데월드타워(잠실역2번출구 쪽),2601,석촌호수 서호사거리
1210,롯데월드타워(잠실역2번출구 쪽),3623,일원에코파크 앞(개포로 방면)
1210,롯데월드타워(잠실역2번출구 쪽),2639,석촌역 8번출구
1210,롯데월드타워(잠실역2번출구 쪽),1295,잠실역 8번출구
1210,롯데월드타워(잠실역2번출구 쪽),588,뚝섬 유원지역
1210,롯데월드타워(잠실역2번출구 쪽),2648,헬리오시티 112동 앞
1210,롯데월드타워(잠실역2번출구 쪽),1211,방이삼거리
1210,롯데월드타워(잠실역2번출구 쪽),2608,송파구청
1210,롯데월드타워(잠실역2번출구 쪽),2620,송파나루역 4번 출구옆
1210,롯데월드타워(잠실역2번출구 쪽),1228,마천사거리
1210,롯데월드타워(잠실역2번출구 쪽),1218,방이역 4번출구
1210,롯데월드타워(잠실역2번출구 쪽),2646,레이크펠리스101동앞
1210,롯데월드타워(잠실역2번출구 쪽),1211,방이삼거리
1210,롯데월드타워(잠실역2번출구 쪽),2632,석촌고분역 2번 출구
1210,롯데월드타워(잠실역2번출구 쪽),2620,송파나루역 4번 출구옆
1210,롯데월드타워(잠실역2번출구 쪽),1257,가락시장역 롯데마트앞
1210,롯데월드타워(잠실역2번출구 쪽),2605,복정역 1번 출구 앞
1210,롯데월드타워(잠실역2번출구 쪽),1211,방이삼거리
1210,롯데월드타워(잠실역2번출구 쪽),2646,레이크펠리스101동앞
1210,롯데월드타워(잠실역2번출구 쪽),1293,석촌호교차로 (스타벅스 앞)
1210,롯데월드타워(잠실역2번출구 쪽),4865,한성백제역 1번출구 뒤
1210,롯데월드타워(잠실역2번출구 쪽),2413,도곡역 1번 출구
1210,롯데월드타워(잠실역2번출구 쪽),4865,한성백제역 1번출구 뒤
1210,롯데월드타워(잠실역2번출구 쪽),4865,한성백제역 1번출구 뒤
1210,롯데월드타워(잠실역2번출구 쪽),1297,석촌호수교차로(동호 팔각정 앞)
1210,롯데월드타워(잠실역2번출구 쪽),1211,방이삼거리
1210,롯데월드타워(잠실역2번출구 쪽),1211,방이삼거리
1210,롯데월드타워(잠실역2번출구 쪽),1210,롯데월드타워(잠실역2번출구 쪽)
1210,롯데월드타워(잠실역2번출구 쪽),2618,삼전역 1번출구
1210,롯데월드타워(잠실역2번출구 쪽),1275,거여초등학교 옆
1210,롯데월드타워(잠실역2번출구 쪽),1215,올림픽공원역 1번출구 앞
1210,롯데월드타워(잠실역2번출구 쪽),1215,올림픽공원역 1번출구 앞
1210,롯데월드타워(잠실역2번출구 쪽),1260,방이동 한양3차아파트 옆
1210,롯데월드타워(잠실역2번출구 쪽),4868,레이크 호텔 앞
1210,롯데월드타워(잠실역2번출구 쪽),4485,잠실나루역 고가하부
1210,롯데월드타워(잠실역2번출구 쪽),1008,암사역 3번출구(국민은행앞)
1210,롯데월드타워(잠실역2번출구 쪽),2610,여흥레이크빌 앞 (석촌호수 까페거리)
1210,롯데월드타워(잠실역2번출구 쪽),1275,거여초등학교 옆
1210,롯데월드타워(잠실역2번출구 쪽),577,광진청소년수련관
1210,롯데월드타워(잠실역2번출구 쪽),2620,송파나루역 4번 출구옆
1210,롯데월드타워(잠실역2번출구 쪽),2608,송파구청
1210,롯데월드타워(잠실역2번출구 쪽),2610,여흥레이크빌 앞 (석촌호수 까페거리)
1210,롯데월드타워(잠실역2번출구 쪽),1297,석촌호수교차로(동호 팔각정 앞)
1210,롯데월드타워(잠실역2번출구 쪽),4868,레이크 호텔 앞
1210,롯데월드타워(잠실역2번출구 쪽),4865,한성백제역 1번출구 뒤
1210,롯데월드타워(잠실역2번출구 쪽),2637,잠실월드 메르디앙
1210,롯데월드타워(잠실역2번출구 쪽),1264,천호역 10번 출구 앞
1210,롯데월드타워(잠실역2번출구 쪽),4864,송파사거리
1210,롯데월드타워(잠실역2번출구 쪽),4486,홈플러스 잠실점
1210,롯데월드타워(잠실역2번출구 쪽),4468,가락1동 주민센터 2
1210,롯데월드타워(잠실역2번출구 쪽),1211,방이삼거리
1210,롯데월드타워(잠실역2번출구 쪽),1211,방이삼거리
1210,롯데월드타워(잠실역2번출구 쪽),1227,거여역 8번출구 뒤
1210,롯데월드타워(잠실역2번출구 쪽),2613,잠실나들목
1210,롯데월드타워(잠실역2번출구 쪽),2317,삼성도로공원
1210,롯데월드타워(잠실역2번출구 쪽),1232,롯데마트 주차장 옆
1210,롯데월드타워(잠실역2번출구 쪽),4865,한성백제역 1번출구 뒤
1210,롯데월드타워(잠실역2번출구 쪽),2619,석촌고분역 4번출구
1210,롯데월드타워(잠실역2번출구 쪽),2610,여흥레이크빌 앞 (석촌호수 까페거리)
1210,롯데월드타워(잠실역2번출구 쪽),1211,방이삼거리
1210,롯데월드타워(잠실역2번출구 쪽),2610,여흥레이크빌 앞 (석촌호수 까페거리)
1210,롯데월드타워(잠실역2번출구 쪽),1211,방이삼거리
1210,롯데월드타워(잠실역2번출구 쪽),4865,한성백제역 1번출구 뒤
1210,롯데월드타워(잠실역2번출구 쪽),2641,송파역 4번출구
1210,롯데월드타워(잠실역2번출구 쪽),2620,송파나루역 4번 출구옆
1210,롯데월드타워(잠실역2번출구 쪽),1268,몽촌토성역 1번출구 옆
1210,롯데월드타워(잠실역2번출구 쪽),1205,종합운동장역 4번출구
1210,롯데월드타워(잠실역2번출구 쪽),1205,종합운동장역 4번출구
1210,롯데월드타워(잠실역2번출구 쪽),2630,서울방이동 고분군
1210,롯데월드타워(잠실역2번출구 쪽),4865,한성백제역 1번출구 뒤
1210,롯데월드타워(잠실역2번출구 쪽),2610,여흥레이크빌 앞 (석촌호수 까페거리)
1210,롯데월드타워(잠실역2번출구 쪽),1224,아시아지하보도 2번 출구
1210,롯데월드타워(잠실역2번출구 쪽),1293,석촌호교차로 (스타벅스 앞)
1210,롯데월드타워(잠실역2번출구 쪽),1211,방이삼거리
1210,롯데월드타워(잠실역2번출구 쪽),1336,성북3교 위
1210,롯데월드타워(잠실역2번출구 쪽),2613,잠실나들목
1210,롯데월드타워(잠실역2번출구 쪽),4868,레이크 호텔 앞
1210,롯데월드타워(잠실역2번출구 쪽),1226,잠실4동 주민센터 옆
1210,롯데월드타워(잠실역2번출구 쪽),1211,방이삼거리
1210,롯데월드타워(잠실역2번출구 쪽),1209,잠실나루역 (2번 출구 쪽)
1210,롯데월드타워(잠실역2번출구 쪽),1220,잠실본동주민센터뒤 잠실근린공원
1210,롯데월드타워(잠실역2번출구 쪽),4865,한성백제역 1번출구 뒤
1210,롯데월드타워(잠실역2번출구 쪽),1061,천호초교 입구 사거리(일주빌딩)
1210,롯데월드타워(잠실역2번출구 쪽),2639,석촌역 8번출구
1210,롯데월드타워(잠실역2번출구 쪽),1269,리센츠아파트
1210,롯데월드타워(잠실역2번출구 쪽),1278,송파구청 교차로
1210,롯데월드타워(잠실역2번출구 쪽),1256,문정현대아파트 교차로
1210,롯데월드타워(잠실역2번출구 쪽),2601,석촌호수 서호사거리
1210,롯데월드타워(잠실역2번출구 쪽),2610,여흥레이크빌 앞 (석촌호수 까페거리)
1210,롯데월드타워(잠실역2번출구 쪽),1002,해공공원(천호동)
1210,롯데월드타워(잠실역2번출구 쪽),1008,암사역 3번출구(국민은행앞)
1210,롯데월드타워(잠실역2번출구 쪽),1235,잠실트리지움310동 옆
1210,롯데월드타워(잠실역2번출구 쪽),2608,송파구청
1210,롯데월드타워(잠실역2번출구 쪽),2610,여흥레이크빌 앞 (석촌호수 까페거리)
1210,롯데월드타워(잠실역2번출구 쪽),2608,송파구청
1210,롯데월드타워(잠실역2번출구 쪽),2619,석촌고분역 4번출구
1210,롯데월드타워(잠실역2번출구 쪽),2608,송파구청
1210,롯데월드타워(잠실역2번출구 쪽),1211,방이삼거리
1210,롯데월드타워(잠실역2번출구 쪽),1293,석촌호교차로 (스타벅스 앞)
1210,롯데월드타워(잠실역2번출구 쪽),1293,석촌호교차로 (스타벅스 앞)
1210,롯데월드타워(잠실역2번출구 쪽),1293,석촌호교차로 (스타벅스 앞)
1210,롯데월드타워(잠실역2번출구 쪽),2601,석촌호수 서호사거리
1210,롯데월드타워(잠실역2번출구 쪽),2619,석촌고분역 4번출구
1210,롯데월드타워(잠실역2번출구 쪽),1248,방이초등학교
1210,롯데월드타워(잠실역2번출구 쪽),2630,서울방이동 고분군
1210,롯데월드타워(잠실역2번출구 쪽),1277,오금동 송파 참병원
1210,롯데월드타워(잠실역2번출구 쪽),2608,송파구청
1210,롯데월드타워(잠실역2번출구 쪽),1297,석촌호수교차로(동호 팔각정 앞)
1210,롯데월드타워(잠실역2번출구 쪽),1211,방이삼거리
1210,롯데월드타워(잠실역2번출구 쪽),2610,여흥레이크빌 앞 (석촌호수 까페거리)
1210,롯데월드타워(잠실역2번출구 쪽),1211,방이삼거리
1210,롯데월드타워(잠실역2번출구 쪽),1211,방이삼거리
1210,롯데월드타워(잠실역2번출구 쪽),1297,석촌호수교차로(동호 팔각정 앞)
1210,롯데월드타워(잠실역2번출구 쪽),1248,방이초등학교
1210,롯데월드타워(잠실역2번출구 쪽),2621,한성백제역 2번 출구
1210,롯데월드타워(잠실역2번출구 쪽),2610,여흥레이크빌 앞 (석촌호수 까페거리)
1210,롯데월드타워(잠실역2번출구 쪽),2608,송파구청
1210,롯데월드타워(잠실역2번출구 쪽),2610,여흥레이크빌 앞 (석촌호수 까페거리)
1210,롯데월드타워(잠실역2번출구 쪽),1297,석촌호수교차로(동호 팔각정 앞)
1210,롯데월드타워(잠실역2번출구 쪽),2610,여흥레이크빌 앞 (석촌호수 까페거리)
1210,롯데월드타워(잠실역2번출구 쪽),1211,방이삼거리
1210,롯데월드타워(잠실역2번출구 쪽),2608,송파구청
1210,롯데월드타워(잠실역2번출구 쪽),2610,여흥레이크빌 앞 (석촌호수 까페거리)
1210,롯데월드타워(잠실역2번출구 쪽),1251,석촌역 2번출구
1210,롯데월드타워(잠실역2번출구 쪽),1297,석촌호수교차로(동호 팔각정 앞)
1210,롯데월드타워(잠실역2번출구 쪽),2610,여흥레이크빌 앞 (석촌호수 까페거리)
1210,롯데월드타워(잠실역2번출구 쪽),4865,한성백제역 1번출구 뒤
1210,롯데월드타워(잠실역2번출구 쪽),1210,롯데월드타워(잠실역2번출구 쪽)
1210,롯데월드타워(잠실역2번출구 쪽),576,광나루역 3번 출구
1210,롯데월드타워(잠실역2번출구 쪽),1203,밀리아나2빌딩 앞
1210,롯데월드타워(잠실역2번출구 쪽),2635,잠실새내역 1번출구
1210,롯데월드타워(잠실역2번출구 쪽),2620,송파나루역 4번 출구옆
1210,롯데월드타워(잠실역2번출구 쪽),2620,송파나루역 4번 출구옆
1210,롯데월드타워(잠실역2번출구 쪽),2244,교육개발원입구 교차로
1210,롯데월드타워(잠실역2번출구 쪽),2604,삼표레미콘 앞
1210,롯데월드타워(잠실역2번출구 쪽),1249,아주중학교건너편
1210,롯데월드타워(잠실역2번출구 쪽),1222,잠실새내역 5번 출구 뒤
1210,롯데월드타워(잠실역2번출구 쪽),2637,잠실월드 메르디앙
1210,롯데월드타워(잠실역2번출구 쪽),1211,방이삼거리
1210,롯데월드타워(잠실역2번출구 쪽),2622,올림픽공원역 3번출구
1210,롯데월드타워(잠실역2번출구 쪽),3623,일원에코파크 앞(개포로 방면)
1210,롯데월드타워(잠실역2번출구 쪽),1201,가락시장역 3번 출구
1210,롯데월드타워(잠실역2번출구 쪽),2605,복정역 1번 출구 앞
1210,롯데월드타워(잠실역2번출구 쪽),2632,석촌고분역 2번 출구
1210,롯데월드타워(잠실역2번출구 쪽),2620,송파나루역 4번 출구옆
1210,롯데월드타워(잠실역2번출구 쪽),1030,미호 플랜트 앞
1210,롯데월드타워(잠실역2번출구 쪽),1251,석촌역 2번출구
1210,롯데월드타워(잠실역2번출구 쪽),1251,석촌역 2번출구
1210,롯데월드타워(잠실역2번출구 쪽),2610,여흥레이크빌 앞 (석촌호수 까페거리)
1210,롯데월드타워(잠실역2번출구 쪽),2610,여흥레이크빌 앞 (석촌호수 까페거리)
1210,롯데월드타워(잠실역2번출구 쪽),1211,방이삼거리
1210,롯데월드타워(잠실역2번출구 쪽),4868,레이크 호텔 앞
1210,롯데월드타워(잠실역2번출구 쪽),1248,방이초등학교
1210,롯데월드타워(잠실역2번출구 쪽),1209,잠실나루역 (2번 출구 쪽)
1210,롯데월드타워(잠실역2번출구 쪽),1210,롯데월드타워(잠실역2번출구 쪽)
1210,롯데월드타워(잠실역2번출구 쪽),4485,잠실나루역 고가하부
1210,롯데월드타워(잠실역2번출구 쪽),2611,송파지역자활센터 뒤
1210,롯데월드타워(잠실역2번출구 쪽),4864,송파사거리
1210,롯데월드타워(잠실역2번출구 쪽),2623,석촌동 주민센터
1210,롯데월드타워(잠실역2번출구 쪽),1211,방이삼거리
1210,롯데월드타워(잠실역2번출구 쪽),4865,한성백제역 1번출구 뒤
1210,롯데월드타워(잠실역2번출구 쪽),4485,잠실나루역 고가하부
1210,롯데월드타워(잠실역2번출구 쪽),1050,둔촌역 3번 출입구
1210,롯데월드타워(잠실역2번출구 쪽),1235,잠실트리지움310동 옆
1210,롯데월드타워(잠실역2번출구 쪽),1050,둔촌역 3번 출입구
1210,롯데월드타워(잠실역2번출구 쪽),1211,방이삼거리
1210,롯데월드타워(잠실역2번출구 쪽),1008,암사역 3번출구(국민은행앞)
1210,롯데월드타워(잠실역2번출구 쪽),1209,잠실나루역 (2번 출구 쪽)
1210,롯데월드타워(잠실역2번출구 쪽),1269,리센츠아파트
1210,롯데월드타워(잠실역2번출구 쪽),1211,방이삼거리
1210,롯데월드타워(잠실역2번출구 쪽),2639,석촌역 8번출구
1210,롯데월드타워(잠실역2번출구 쪽),2630,서울방이동 고분군
1210,롯데월드타워(잠실역2번출구 쪽),2431,대치역 7번출구
1210,롯데월드타워(잠실역2번출구 쪽),2646,레이크펠리스101동앞
1210,롯데월드타워(잠실역2번출구 쪽),4486,홈플러스 잠실점
1210,롯데월드타워(잠실역2번출구 쪽),4491,장지역 1번출구
1210,롯데월드타워(잠실역2번출구 쪽),1209,잠실나루역 (2번 출구 쪽)
1210,롯데월드타워(잠실역2번출구 쪽),2620,송파나루역 4번 출구옆
1210,롯데월드타워(잠실역2번출구 쪽),1222,잠실새내역 5번 출구 뒤
1210,롯데월드타워(잠실역2번출구 쪽),4864,송파사거리
1210,롯데월드타워(잠실역2번출구 쪽),2646,레이크펠리스101동앞
1210,롯데월드타워(잠실역2번출구 쪽),4478,문정근린공원2
1210,롯데월드타워(잠실역2번출구 쪽),2646,레이크펠리스101동앞
1210,롯데월드타워(잠실역2번출구 쪽),1269,리센츠아파트
1210,롯데월드타워(잠실역2번출구 쪽),2610,여흥레이크빌 앞 (석촌호수 까페거리)
1210,롯데월드타워(잠실역2번출구 쪽),4865,한성백제역 1번출구 뒤
1210,롯데월드타워(잠실역2번출구 쪽),1226,잠실4동 주민센터 옆
1210,롯데월드타워(잠실역2번출구 쪽),1210,롯데월드타워(잠실역2번출구 쪽)
1210,롯데월드타워(잠실역2번출구 쪽),2618,삼전역 1번출구
1210,롯데월드타워(잠실역2번출구 쪽),1297,석촌호수교차로(동호 팔각정 앞)
1210,롯데월드타워(잠실역2번출구 쪽),1210,롯데월드타워(잠실역2번출구 쪽)
1210,롯데월드타워(잠실역2번출구 쪽),1060,천일초교 사거리
1210,롯데월드타워(잠실역2번출구 쪽),1262,송파여성문화회관 앞
1210,롯데월드타워(잠실역2번출구 쪽),1262,송파여성문화회관 앞
1210,롯데월드타워(잠실역2번출구 쪽),3868,자양한강도서관
1210,롯데월드타워(잠실역2번출구 쪽),2610,여흥레이크빌 앞 (석촌호수 까페거리)
1210,롯데월드타워(잠실역2번출구 쪽),2646,레이크펠리스101동앞
1210,롯데월드타워(잠실역2번출구 쪽),2646,레이크펠리스101동앞
1210,롯데월드타워(잠실역2번출구 쪽),2620,송파나루역 4번 출구옆
1210,롯데월드타워(잠실역2번출구 쪽),2610,여흥레이크빌 앞 (석촌호수 까페거리)
1210,롯데월드타워(잠실역2번출구 쪽),2620,송파나루역 4번 출구옆
1210,롯데월드타워(잠실역2번출구 쪽),1259,방이역 1번출구
1210,롯데월드타워(잠실역2번출구 쪽),1265,문정동 근린공원
1210,롯데월드타워(잠실역2번출구 쪽),3627,압구정나들목
1210,롯데월드타워(잠실역2번출구 쪽),2652,송파 레미니스1단지 102동 앞
1210,롯데월드타워(잠실역2번출구 쪽),3627,압구정나들목
1210,롯데월드타워(잠실역2번출구 쪽),3627,압구정나들목
1210,롯데월드타워(잠실역2번출구 쪽),1211,방이삼거리
1210,롯데월드타워(잠실역2번출구 쪽),2632,석촌고분역 2번 출구
1210,롯데월드타워(잠실역2번출구 쪽),3536,중앙농협(자양동)
1210,롯데월드타워(잠실역2번출구 쪽),2647,잠실 자전거 수리센터 앞
1210,롯데월드타워(잠실역2번출구 쪽),2610,여흥레이크빌 앞 (석촌호수 까페거리)
1210,롯데월드타워(잠실역2번출구 쪽),1293,석촌호교차로 (스타벅스 앞)
1210,롯데월드타워(잠실역2번출구 쪽),1224,아시아지하보도 2번 출구
1210,롯데월드타워(잠실역2번출구 쪽),1051,양지시장 (용성약국앞) 입구
1210,롯데월드타워(잠실역2번출구 쪽),2601,석촌호수 서호사거리
1210,롯데월드타워(잠실역2번출구 쪽),4868,레이크 호텔 앞
1210,롯데월드타워(잠실역2번출구 쪽),2637,잠실월드 메르디앙
1210,롯데월드타워(잠실역2번출구 쪽),1008,암사역 3번출구(국민은행앞)
1210,롯데월드타워(잠실역2번출구 쪽),1262,송파여성문화회관 앞
1210,롯데월드타워(잠실역2번출구 쪽),2622,올림픽공원역 3번출구
1210,롯데월드타워(잠실역2번출구 쪽),2610,여흥레이크빌 앞 (석촌호수 까페거리)
1210,롯데월드타워(잠실역2번출구 쪽),1260,방이동 한양3차아파트 옆
1210,롯데월드타워(잠실역2번출구 쪽),2608,송파구청
1210,롯데월드타워(잠실역2번출구 쪽),1048,동부기업(둔촌동)
1210,롯데월드타워(잠실역2번출구 쪽),1048,동부기업(둔촌동)
1210,롯데월드타워(잠실역2번출구 쪽),2608,송파구청
1210,롯데월드타워(잠실역2번출구 쪽),1210,롯데월드타워(잠실역2번출구 쪽)
1210,롯데월드타워(잠실역2번출구 쪽),4865,한성백제역 1번출구 뒤
1210,롯데월드타워(잠실역2번출구 쪽),1211,방이삼거리
1210,롯데월드타워(잠실역2번출구 쪽),1019,다성이즈빌아파트(호원대 대각선 맞은편)
1210,롯데월드타워(잠실역2번출구 쪽),4864,송파사거리
1210,롯데월드타워(잠실역2번출구 쪽),2620,송파나루역 4번 출구옆
1210,롯데월드타워(잠실역2번출구 쪽),2601,석촌호수 서호사거리
1210,롯데월드타워(잠실역2번출구 쪽),4463,방이역 2번 출구
1210,롯데월드타워(잠실역2번출구 쪽),4865,한성백제역 1번출구 뒤
1210,롯데월드타워(잠실역2번출구 쪽),2651,경찰병원역 3번출구 앞
1210,롯데월드타워(잠실역2번출구 쪽),2610,여흥레이크빌 앞 (석촌호수 까페거리)
1210,롯데월드타워(잠실역2번출구 쪽),2620,송파나루역 4번 출구옆
1210,롯데월드타워(잠실역2번출구 쪽),1211,방이삼거리
1210,롯데월드타워(잠실역2번출구 쪽),4468,가락1동 주민센터 2
1210,롯데월드타워(잠실역2번출구 쪽),1296,석촌호수교차로 (송파나루근린공원 앞)
1210,롯데월드타워(잠실역2번출구 쪽),1296,석촌호수교차로 (송파나루근린공원 앞)
1210,롯데월드타워(잠실역2번출구 쪽),1213,백토공원 앞
1210,롯데월드타워(잠실역2번출구 쪽),2622,올림픽공원역 3번출구
1210,롯데월드타워(잠실역2번출구 쪽),1293,석촌호교차로 (스타벅스 앞)
1210,롯데월드타워(잠실역2번출구 쪽),2635,잠실새내역 1번출구
1210,롯데월드타워(잠실역2번출구 쪽),1218,방이역 4번출구
1210,롯데월드타워(잠실역2번출구 쪽),2646,레이크펠리스101동앞
1210,롯데월드타워(잠실역2번출구 쪽),1268,몽촌토성역 1번출구 옆
1210,롯데월드타워(잠실역2번출구 쪽),2633,송파학사 옆
1210,롯데월드타워(잠실역2번출구 쪽),1262,송파여성문화회관 앞
1210,롯데월드타워(잠실역2번출구 쪽),1289,풍납동 자전거보관소
1210,롯데월드타워(잠실역2번출구 쪽),2610,여흥레이크빌 앞 (석촌호수 까페거리)
1210,롯데월드타워(잠실역2번출구 쪽),2623,석촌동 주민센터
1210,롯데월드타워(잠실역2번출구 쪽),2639,석촌역 8번출구
1210,롯데월드타워(잠실역2번출구 쪽),1222,잠실새내역 5번 출구 뒤
1210,롯데월드타워(잠실역2번출구 쪽),2610,여흥레이크빌 앞 (석촌호수 까페거리)
1210,롯데월드타워(잠실역2번출구 쪽),2608,송파구청
1210,롯데월드타워(잠실역2번출구 쪽),1235,잠실트리지움310동 옆
1210,롯데월드타워(잠실역2번출구 쪽),1235,잠실트리지움310동 옆
1210,롯데월드타워(잠실역2번출구 쪽),1235,잠실트리지움310동 옆
1210,롯데월드타워(잠실역2번출구 쪽),2646,레이크펠리스101동앞
1210,롯데월드타워(잠실역2번출구 쪽),2620,송파나루역 4번 출구옆
1210,롯데월드타워(잠실역2번출구 쪽),2654,올림픽선수촌아파트 136동 앞
1210,롯데월드타워(잠실역2번출구 쪽),2614,가락고등학교 앞
1210,롯데월드타워(잠실역2번출구 쪽),4867,가락대림아파트 앞
1210,롯데월드타워(잠실역2번출구 쪽),1220,잠실본동주민센터뒤 잠실근린공원
1210,롯데월드타워(잠실역2번출구 쪽),2632,석촌고분역 2번 출구
1210,롯데월드타워(잠실역2번출구 쪽),1210,롯데월드타워(잠실역2번출구 쪽)
1210,롯데월드타워(잠실역2번출구 쪽),2623,석촌동 주민센터
1210,롯데월드타워(잠실역2번출구 쪽),2549,LH 서초 4단지 403동
1210,롯데월드타워(잠실역2번출구 쪽),1235,잠실트리지움310동 옆
1210,롯데월드타워(잠실역2번출구 쪽),4496,잠실 파크리오 120동 앞
1210,롯데월드타워(잠실역2번출구 쪽),2608,송파구청
1210,롯데월드타워(잠실역2번출구 쪽),2608,송파구청
1210,롯데월드타워(잠실역2번출구 쪽),1203,밀리아나2빌딩 앞
1210,롯데월드타워(잠실역2번출구 쪽),2620,송파나루역 4번 출구옆
1210,롯데월드타워(잠실역2번출구 쪽),2620,송파나루역 4번 출구옆
1210,롯데월드타워(잠실역2번출구 쪽),2623,석촌동 주민센터
1210,롯데월드타워(잠실역2번출구 쪽),4483,잠실나들목4
1210,롯데월드타워(잠실역2번출구 쪽),2639,석촌역 8번출구
1210,롯데월드타워(잠실역2번출구 쪽),2608,송파구청
1210,롯데월드타워(잠실역2번출구 쪽),646,장한평역 1번출구 (국민은행앞)
1210,롯데월드타워(잠실역2번출구 쪽),2639,석촌역 8번출구
1210,롯데월드타워(잠실역2번출구 쪽),1297,석촌호수교차로(동호 팔각정 앞)
1210,롯데월드타워(잠실역2번출구 쪽),4868,레이크 호텔 앞
1210,롯데월드타워(잠실역2번출구 쪽),1286,위례중앙푸르지오 1단지 앞
1210,롯데월드타워(잠실역2번출구 쪽),1220,잠실본동주민센터뒤 잠실근린공원
1210,롯데월드타워(잠실역2번출구 쪽),1262,송파여성문화회관 앞
1210,롯데월드타워(잠실역2번출구 쪽),1286,위례중앙푸르지오 1단지 앞
1210,롯데월드타워(잠실역2번출구 쪽),1211,방이삼거리
1210,롯데월드타워(잠실역2번출구 쪽),1210,롯데월드타워(잠실역2번출구 쪽)
1210,롯데월드타워(잠실역2번출구 쪽),1211,방이삼거리
1210,롯데월드타워(잠실역2번출구 쪽),1211,방이삼거리
1210,롯데월드타워(잠실역2번출구 쪽),1293,석촌호교차로 (스타벅스 앞)
1210,롯데월드타워(잠실역2번출구 쪽),1221,삼전사거리 포스코더샵
1210,롯데월드타워(잠실역2번출구 쪽),2611,송파지역자활센터 뒤
1210,롯데월드타워(잠실역2번출구 쪽),1248,방이초등학교
1210,롯데월드타워(잠실역2번출구 쪽),1235,잠실트리지움310동 옆
1210,롯데월드타워(잠실역2번출구 쪽),2621,한성백제역 2번 출구
1210,롯데월드타워(잠실역2번출구 쪽),2608,송파구청
1210,롯데월드타워(잠실역2번출구 쪽),1211,방이삼거리
1210,롯데월드타워(잠실역2번출구 쪽),1293,석촌호교차로 (스타벅스 앞)
1210,롯데월드타워(잠실역2번출구 쪽),2619,석촌고분역 4번출구
1210,롯데월드타워(잠실역2번출구 쪽),2620,송파나루역 4번 출구옆
1210,롯데월드타워(잠실역2번출구 쪽),2610,여흥레이크빌 앞 (석촌호수 까페거리)
1210,롯데월드타워(잠실역2번출구 쪽),2608,송파구청
1210,롯데월드타워(잠실역2번출구 쪽),2601,석촌호수 서호사거리
1210,롯데월드타워(잠실역2번출구 쪽),1248,방이초등학교
1210,롯데월드타워(잠실역2번출구 쪽),1277,오금동 송파 참병원
1210,롯데월드타워(잠실역2번출구 쪽),2608,송파구청
1210,롯데월드타워(잠실역2번출구 쪽),1297,석촌호수교차로(동호 팔각정 앞)
1210,롯데월드타워(잠실역2번출구 쪽),2639,석촌역 8번출구
1210,롯데월드타워(잠실역2번출구 쪽),1211,방이삼거리
1210,롯데월드타워(잠실역2번출구 쪽),1211,방이삼거리
1210,롯데월드타워(잠실역2번출구 쪽),2610,여흥레이크빌 앞 (석촌호수 까페거리)
1210,롯데월드타워(잠실역2번출구 쪽),2619,석촌고분역 4번출구
1210,롯데월드타워(잠실역2번출구 쪽),2608,송파구청
1210,롯데월드타워(잠실역2번출구 쪽),1211,방이삼거리
1210,롯데월드타워(잠실역2번출구 쪽),1248,방이초등학교
1210,롯데월드타워(잠실역2번출구 쪽),2601,석촌호수 서호사거리
1210,롯데월드타워(잠실역2번출구 쪽),1211,방이삼거리
1210,롯데월드타워(잠실역2번출구 쪽),1297,석촌호수교차로(동호 팔각정 앞)
1210,롯데월드타워(잠실역2번출구 쪽),1275,거여초등학교 옆
1210,롯데월드타워(잠실역2번출구 쪽),2317,삼성도로공원
1210,롯데월드타워(잠실역2번출구 쪽),2348,포스코사거리(기업은행)
1210,롯데월드타워(잠실역2번출구 쪽),2610,여흥레이크빌 앞 (석촌호수 까페거리)
1210,롯데월드타워(잠실역2번출구 쪽),2610,여흥레이크빌 앞 (석촌호수 까페거리)
1210,롯데월드타워(잠실역2번출구 쪽),2601,석촌호수 서호사거리
1210,롯데월드타워(잠실역2번출구 쪽),2621,한성백제역 2번 출구
1210,롯데월드타워(잠실역2번출구 쪽),2608,송파구청
1210,롯데월드타워(잠실역2번출구 쪽),2610,여흥레이크빌 앞 (석촌호수 까페거리)
1210,롯데월드타워(잠실역2번출구 쪽),4865,한성백제역 1번출구 뒤
1210,롯데월드타워(잠실역2번출구 쪽),2608,송파구청
1210,롯데월드타워(잠실역2번출구 쪽),4865,한성백제역 1번출구 뒤
1210,롯데월드타워(잠실역2번출구 쪽),2658,가락몰 업무동
1210,롯데월드타워(잠실역2번출구 쪽),2639,석촌역 8번출구
1210,롯데월드타워(잠실역2번출구 쪽),2601,석촌호수 서호사거리
1210,롯데월드타워(잠실역2번출구 쪽),1293,석촌호교차로 (스타벅스 앞)
1210,롯데월드타워(잠실역2번출구 쪽),2610,여흥레이크빌 앞 (석촌호수 까페거리)
1210,롯데월드타워(잠실역2번출구 쪽),1050,둔촌역 3번 출입구
1210,롯데월드타워(잠실역2번출구 쪽),2610,여흥레이크빌 앞 (석촌호수 까페거리)
1210,롯데월드타워(잠실역2번출구 쪽),1211,방이삼거리
1210,롯데월드타워(잠실역2번출구 쪽),4865,한성백제역 1번출구 뒤
1210,롯데월드타워(잠실역2번출구 쪽),1251,석촌역 2번출구
1210,롯데월드타워(잠실역2번출구 쪽),2646,레이크펠리스101동앞
1210,롯데월드타워(잠실역2번출구 쪽),2623,석촌동 주민센터
1210,롯데월드타워(잠실역2번출구 쪽),2641,송파역 4번출구
1210,롯데월드타워(잠실역2번출구 쪽),2619,석촌고분역 4번출구
1210,롯데월드타워(잠실역2번출구 쪽),1210,롯데월드타워(잠실역2번출구 쪽)
1210,롯데월드타워(잠실역2번출구 쪽),1211,방이삼거리
1210,롯데월드타워(잠실역2번출구 쪽),1220,잠실본동주민센터뒤 잠실근린공원
1210,롯데월드타워(잠실역2번출구 쪽),1211,방이삼거리
1210,롯데월드타워(잠실역2번출구 쪽),4869,잠실나들목6
1210,롯데월드타워(잠실역2번출구 쪽),1210,롯데월드타워(잠실역2번출구 쪽)
1210,롯데월드타워(잠실역2번출구 쪽),1009,천호역4번출구(현대백화점)
1210,롯데월드타워(잠실역2번출구 쪽),1251,석촌역 2번출구
1210,롯데월드타워(잠실역2번출구 쪽),4464,올림픽공원 북2문
1210,롯데월드타워(잠실역2번출구 쪽),2639,석촌역 8번출구
1210,롯데월드타워(잠실역2번출구 쪽),1232,롯데마트 주차장 옆
1210,롯데월드타워(잠실역2번출구 쪽),1282,송파소방서 맞은편(성내4교)
1210,롯데월드타워(잠실역2번출구 쪽),1008,암사역 3번출구(국민은행앞)
1210,롯데월드타워(잠실역2번출구 쪽),1211,방이삼거리
1210,롯데월드타워(잠실역2번출구 쪽),2639,석촌역 8번출구
1210,롯데월드타워(잠실역2번출구 쪽),1211,방이삼거리
1210,롯데월드타워(잠실역2번출구 쪽),1210,롯데월드타워(잠실역2번출구 쪽)
1210,롯데월드타워(잠실역2번출구 쪽),1210,롯데월드타워(잠실역2번출구 쪽)
1210,롯데월드타워(잠실역2번출구 쪽),4868,레이크 호텔 앞
1210,롯데월드타워(잠실역2번출구 쪽),1221,삼전사거리 포스코더샵
1210,롯데월드타워(잠실역2번출구 쪽),2610,여흥레이크빌 앞 (석촌호수 까페거리)
1210,롯데월드타워(잠실역2번출구 쪽),2610,여흥레이크빌 앞 (석촌호수 까페거리)
1210,롯데월드타워(잠실역2번출구 쪽),4865,한성백제역 1번출구 뒤
1210,롯데월드타워(잠실역2번출구 쪽),2610,여흥레이크빌 앞 (석촌호수 까페거리)
1210,롯데월드타워(잠실역2번출구 쪽),2610,여흥레이크빌 앞 (석촌호수 까페거리)
1210,롯데월드타워(잠실역2번출구 쪽),2620,송파나루역 4번 출구옆
1210,롯데월드타워(잠실역2번출구 쪽),4868,레이크 호텔 앞
1210,롯데월드타워(잠실역2번출구 쪽),1222,잠실새내역 5번 출구 뒤
1210,롯데월드타워(잠실역2번출구 쪽),1211,방이삼거리
1210,롯데월드타워(잠실역2번출구 쪽),1212,송파역 2번 출구앞
1210,롯데월드타워(잠실역2번출구 쪽),1300,오륜사거리
1210,롯데월드타워(잠실역2번출구 쪽),2620,송파나루역 4번 출구옆
1210,롯데월드타워(잠실역2번출구 쪽),1210,롯데월드타워(잠실역2번출구 쪽)
1210,롯데월드타워(잠실역2번출구 쪽),4868,레이크 호텔 앞
1210,롯데월드타워(잠실역2번출구 쪽),2620,송파나루역 4번 출구옆
1210,롯데월드타워(잠실역2번출구 쪽),1211,방이삼거리
1210,롯데월드타워(잠실역2번출구 쪽),2315,봉은사역 5번출구 옆
1210,롯데월드타워(잠실역2번출구 쪽),2610,여흥레이크빌 앞 (석촌호수 까페거리)
1210,롯데월드타워(잠실역2번출구 쪽),2601,석촌호수 서호사거리
1210,롯데월드타워(잠실역2번출구 쪽),1293,석촌호교차로 (스타벅스 앞)
1210,롯데월드타워(잠실역2번출구 쪽),1029,롯데 시네마
1210,롯데월드타워(잠실역2번출구 쪽),4484,잠실나루역4번출구뒤
1210,롯데월드타워(잠실역2번출구 쪽),2610,여흥레이크빌 앞 (석촌호수 까페거리)
1210,롯데월드타워(잠실역2번출구 쪽),1211,방이삼거리
1210,롯데월드타워(잠실역2번출구 쪽),1209,잠실나루역 (2번 출구 쪽)
1210,롯데월드타워(잠실역2번출구 쪽),2622,올림픽공원역 3번출구
1210,롯데월드타워(잠실역2번출구 쪽),1297,석촌호수교차로(동호 팔각정 앞)
1210,롯데월드타워(잠실역2번출구 쪽),1211,방이삼거리
1210,롯데월드타워(잠실역2번출구 쪽),1211,방이삼거리
1210,롯데월드타워(잠실역2번출구 쪽),1229,송파체육문화회관 앞
1210,롯데월드타워(잠실역2번출구 쪽),1221,삼전사거리 포스코더샵
1210,롯데월드타워(잠실역2번출구 쪽),4865,한성백제역 1번출구 뒤
1210,롯데월드타워(잠실역2번출구 쪽),1260,방이동 한양3차아파트 옆
1210,롯데월드타워(잠실역2번출구 쪽),2622,올림픽공원역 3번출구
1210,롯데월드타워(잠실역2번출구 쪽),2651,경찰병원역 3번출구 앞
1210,롯데월드타워(잠실역2번출구 쪽),2608,송파구청
1210,롯데월드타워(잠실역2번출구 쪽),1262,송파여성문화회관 앞
1210,롯데월드타워(잠실역2번출구 쪽),1211,방이삼거리
1210,롯데월드타워(잠실역2번출구 쪽),1260,방이동 한양3차아파트 옆
1210,롯데월드타워(잠실역2번출구 쪽),4868,레이크 호텔 앞
1210,롯데월드타워(잠실역2번출구 쪽),4868,레이크 호텔 앞
1210,롯데월드타워(잠실역2번출구 쪽),2635,잠실새내역 1번출구
1210,롯데월드타워(잠실역2번출구 쪽),2635,잠실새내역 1번출구
1210,롯데월드타워(잠실역2번출구 쪽),2620,송파나루역 4번 출구옆
1210,롯데월드타워(잠실역2번출구 쪽),2618,삼전역 1번출구
1210,롯데월드타워(잠실역2번출구 쪽),1210,롯데월드타워(잠실역2번출구 쪽)
1210,롯데월드타워(잠실역2번출구 쪽),1210,롯데월드타워(잠실역2번출구 쪽)
1210,롯데월드타워(잠실역2번출구 쪽),579,마장역 4번출구
1210,롯데월드타워(잠실역2번출구 쪽),2613,잠실나들목
1210,롯데월드타워(잠실역2번출구 쪽),2613,잠실나들목
1210,롯데월드타워(잠실역2번출구 쪽),2613,잠실나들목
1210,롯데월드타워(잠실역2번출구 쪽),1210,롯데월드타워(잠실역2번출구 쪽)
1210,롯데월드타워(잠실역2번출구 쪽),1210,롯데월드타워(잠실역2번출구 쪽)
1210,롯데월드타워(잠실역2번출구 쪽),2620,송파나루역 4번 출구옆
1210,롯데월드타워(잠실역2번출구 쪽),2601,석촌호수 서호사거리
1210,롯데월드타워(잠실역2번출구 쪽),2630,서울방이동 고분군
1210,롯데월드타워(잠실역2번출구 쪽),2613,잠실나들목
1210,롯데월드타워(잠실역2번출구 쪽),2641,송파역 4번출구
1210,롯데월드타워(잠실역2번출구 쪽),1212,송파역 2번 출구앞
1210,롯데월드타워(잠실역2번출구 쪽),2601,석촌호수 서호사거리
1210,롯데월드타워(잠실역2번출구 쪽),1221,삼전사거리 포스코더샵
1210,롯데월드타워(잠실역2번출구 쪽),1221,삼전사거리 포스코더샵
1210,롯데월드타워(잠실역2번출구 쪽),2610,여흥레이크빌 앞 (석촌호수 까페거리)
1210,롯데월드타워(잠실역2번출구 쪽),2601,석촌호수 서호사거리
1210,롯데월드타워(잠실역2번출구 쪽),2613,잠실나들목
1210,롯데월드타워(잠실역2번출구 쪽),2613,잠실나들목
1210,롯데월드타워(잠실역2번출구 쪽),2632,석촌고분역 2번 출구
1210,롯데월드타워(잠실역2번출구 쪽),2632,석촌고분역 2번 출구
1210,롯데월드타워(잠실역2번출구 쪽),1262,송파여성문화회관 앞
1210,롯데월드타워(잠실역2번출구 쪽),2610,여흥레이크빌 앞 (석촌호수 까페거리)
1210,롯데월드타워(잠실역2번출구 쪽),1210,롯데월드타워(잠실역2번출구 쪽)
1210,롯데월드타워(잠실역2번출구 쪽),1208,풍납현대아파트쉼터
1210,롯데월드타워(잠실역2번출구 쪽),2639,석촌역 8번출구
1210,롯데월드타워(잠실역2번출구 쪽),1220,잠실본동주민센터뒤 잠실근린공원
1210,롯데월드타워(잠실역2번출구 쪽),3571,화양 APT(횡단보도 옆)
1210,롯데월드타워(잠실역2번출구 쪽),3582,화양동 우체국
1210,롯데월드타워(잠실역2번출구 쪽),4868,레이크 호텔 앞
1210,롯데월드타워(잠실역2번출구 쪽),1262,송파여성문화회관 앞
1210,롯데월드타워(잠실역2번출구 쪽),2608,송파구청
1210,롯데월드타워(잠실역2번출구 쪽),2610,여흥레이크빌 앞 (석촌호수 까페거리)
1210,롯데월드타워(잠실역2번출구 쪽),1211,방이삼거리
1210,롯데월드타워(잠실역2번출구 쪽),1210,롯데월드타워(잠실역2번출구 쪽)
1210,롯데월드타워(잠실역2번출구 쪽),2610,여흥레이크빌 앞 (석촌호수 까페거리)
1210,롯데월드타워(잠실역2번출구 쪽),1210,롯데월드타워(잠실역2번출구 쪽)
1210,롯데월드타워(잠실역2번출구 쪽),1297,석촌호수교차로(동호 팔각정 앞)
1210,롯데월드타워(잠실역2번출구 쪽),1235,잠실트리지움310동 옆
1210,롯데월드타워(잠실역2번출구 쪽),2601,석촌호수 서호사거리
1210,롯데월드타워(잠실역2번출구 쪽),2601,석촌호수 서호사거리
1210,롯데월드타워(잠실역2번출구 쪽),2610,여흥레이크빌 앞 (석촌호수 까페거리)
1210,롯데월드타워(잠실역2번출구 쪽),2610,여흥레이크빌 앞 (석촌호수 까페거리)
1210,롯데월드타워(잠실역2번출구 쪽),2608,송파구청
1210,롯데월드타워(잠실역2번출구 쪽),4865,한성백제역 1번출구 뒤
1210,롯데월드타워(잠실역2번출구 쪽),4865,한성백제역 1번출구 뒤
1210,롯데월드타워(잠실역2번출구 쪽),1222,잠실새내역 5번 출구 뒤
1210,롯데월드타워(잠실역2번출구 쪽),1300,오륜사거리
1210,롯데월드타워(잠실역2번출구 쪽),2635,잠실새내역 1번출구
1210,롯데월드타워(잠실역2번출구 쪽),2635,잠실새내역 1번출구
1210,롯데월드타워(잠실역2번출구 쪽),2610,여흥레이크빌 앞 (석촌호수 까페거리)
1210,롯데월드타워(잠실역2번출구 쪽),2623,석촌동 주민센터
1210,롯데월드타워(잠실역2번출구 쪽),2610,여흥레이크빌 앞 (석촌호수 까페거리)
1210,롯데월드타워(잠실역2번출구 쪽),542,강변역 4번출구 뒤
1210,롯데월드타워(잠실역2번출구 쪽),2620,송파나루역 4번 출구옆
1210,롯데월드타워(잠실역2번출구 쪽),1222,잠실새내역 5번 출구 뒤
1210,롯데월드타워(잠실역2번출구 쪽),2623,석촌동 주민센터
1210,롯데월드타워(잠실역2번출구 쪽),2615,테라타워2
1210,롯데월드타워(잠실역2번출구 쪽),2608,송파구청
1210,롯데월드타워(잠실역2번출구 쪽),2601,석촌호수 서호사거리
1210,롯데월드타워(잠실역2번출구 쪽),2601,석촌호수 서호사거리
1210,롯데월드타워(잠실역2번출구 쪽),2608,송파구청
1210,롯데월드타워(잠실역2번출구 쪽),1295,잠실역 8번출구
1210,롯데월드타워(잠실역2번출구 쪽),2656,풍납동 아이파크 107동 앞
1210,롯데월드타워(잠실역2번출구 쪽),1295,잠실역 8번출구
1210,롯데월드타워(잠실역2번출구 쪽),1295,잠실역 8번출구
1210,롯데월드타워(잠실역2번출구 쪽),1295,잠실역 8번출구
1210,롯데월드타워(잠실역2번출구 쪽),1295,잠실역 8번출구
1210,롯데월드타워(잠실역2번출구 쪽),4484,잠실나루역4번출구뒤
1210,롯데월드타워(잠실역2번출구 쪽),2407,역삼서초삼성 세무서 앞 (역삼빌딩 앞)
1210,롯데월드타워(잠실역2번출구 쪽),2608,송파구청
1210,롯데월드타워(잠실역2번출구 쪽),4865,한성백제역 1번출구 뒤
1210,롯데월드타워(잠실역2번출구 쪽),2641,송파역 4번출구
1210,롯데월드타워(잠실역2번출구 쪽),2651,경찰병원역 3번출구 앞
1210,롯데월드타워(잠실역2번출구 쪽),2608,송파구청
1210,롯데월드타워(잠실역2번출구 쪽),1232,롯데마트 주차장 옆
1210,롯데월드타워(잠실역2번출구 쪽),4464,올림픽공원 북2문
1210,롯데월드타워(잠실역2번출구 쪽),1293,석촌호교차로 (스타벅스 앞)
1210,롯데월드타워(잠실역2번출구 쪽),1262,송파여성문화회관 앞
1210,롯데월드타워(잠실역2번출구 쪽),2601,석촌호수 서호사거리
1210,롯데월드타워(잠실역2번출구 쪽),2623,석촌동 주민센터
1210,롯데월드타워(잠실역2번출구 쪽),1220,잠실본동주민센터뒤 잠실근린공원
1210,롯데월드타워(잠실역2번출구 쪽),4465,건영아파트앞 사거리
1210,롯데월드타워(잠실역2번출구 쪽),3571,화양 APT(횡단보도 옆)
1210,롯데월드타워(잠실역2번출구 쪽),1060,천일초교 사거리
1210,롯데월드타워(잠실역2번출구 쪽),2619,석촌고분역 4번출구
1210,롯데월드타워(잠실역2번출구 쪽),2608,송파구청
1210,롯데월드타워(잠실역2번출구 쪽),2610,여흥레이크빌 앞 (석촌호수 까페거리)
1210,롯데월드타워(잠실역2번출구 쪽),2608,송파구청
1210,롯데월드타워(잠실역2번출구 쪽),1218,방이역 4번출구
1210,롯데월드타워(잠실역2번출구 쪽),1211,방이삼거리
1210,롯데월드타워(잠실역2번출구 쪽),1297,석촌호수교차로(동호 팔각정 앞)
1210,롯데월드타워(잠실역2번출구 쪽),2610,여흥레이크빌 앞 (석촌호수 까페거리)
1210,롯데월드타워(잠실역2번출구 쪽),2610,여흥레이크빌 앞 (석촌호수 까페거리)
1210,롯데월드타워(잠실역2번출구 쪽),2610,여흥레이크빌 앞 (석촌호수 까페거리)
1210,롯데월드타워(잠실역2번출구 쪽),2611,송파지역자활센터 뒤
1210,롯데월드타워(잠실역2번출구 쪽),2610,여흥레이크빌 앞 (석촌호수 까페거리)
1210,롯데월드타워(잠실역2번출구 쪽),1211,방이삼거리
1210,롯데월드타워(잠실역2번출구 쪽),1232,롯데마트 주차장 옆
1210,롯데월드타워(잠실역2번출구 쪽),1232,롯데마트 주차장 옆
1210,롯데월드타워(잠실역2번출구 쪽),2601,석촌호수 서호사거리
1210,롯데월드타워(잠실역2번출구 쪽),1295,잠실역 8번출구
1210,롯데월드타워(잠실역2번출구 쪽),4868,레이크 호텔 앞
1210,롯데월드타워(잠실역2번출구 쪽),1262,송파여성문화회관 앞
1210,롯데월드타워(잠실역2번출구 쪽),2620,송파나루역 4번 출구옆
1210,롯데월드타워(잠실역2번출구 쪽),1262,송파여성문화회관 앞
1210,롯데월드타워(잠실역2번출구 쪽),1262,송파여성문화회관 앞
1210,롯데월드타워(잠실역2번출구 쪽),2639,석촌역 8번출구
1210,롯데월드타워(잠실역2번출구 쪽),1297,석촌호수교차로(동호 팔각정 앞)
1210,롯데월드타워(잠실역2번출구 쪽),1210,롯데월드타워(잠실역2번출구 쪽)
1210,롯데월드타워(잠실역2번출구 쪽),2639,석촌역 8번출구
1210,롯데월드타워(잠실역2번출구 쪽),2641,송파역 4번출구
1210,롯데월드타워(잠실역2번출구 쪽),2610,여흥레이크빌 앞 (석촌호수 까페거리)
1210,롯데월드타워(잠실역2번출구 쪽),2601,석촌호수 서호사거리
1210,롯데월드타워(잠실역2번출구 쪽),2632,석촌고분역 2번 출구
1210,롯데월드타워(잠실역2번출구 쪽),2610,여흥레이크빌 앞 (석촌호수 까페거리)
1210,롯데월드타워(잠실역2번출구 쪽),2418,봉은사역 7번 출구
1210,롯데월드타워(잠실역2번출구 쪽),2317,삼성도로공원
1210,롯데월드타워(잠실역2번출구 쪽),2620,송파나루역 4번 출구옆
1210,롯데월드타워(잠실역2번출구 쪽),2639,석촌역 8번출구
1210,롯데월드타워(잠실역2번출구 쪽),4868,레이크 호텔 앞
1210,롯데월드타워(잠실역2번출구 쪽),4865,한성백제역 1번출구 뒤
1210,롯데월드타워(잠실역2번출구 쪽),1060,천일초교 사거리
1210,롯데월드타워(잠실역2번출구 쪽),2645,잠실나들목2(엘스아파트136동)
1210,롯데월드타워(잠실역2번출구 쪽),2631,배명고등학교
1210,롯데월드타워(잠실역2번출구 쪽),1228,마천사거리
1210,롯데월드타워(잠실역2번출구 쪽),1220,잠실본동주민센터뒤 잠실근린공원
1210,롯데월드타워(잠실역2번출구 쪽),2608,송파구청
1210,롯데월드타워(잠실역2번출구 쪽),2610,여흥레이크빌 앞 (석촌호수 까페거리)
1210,롯데월드타워(잠실역2번출구 쪽),1030,미호 플랜트 앞
1210,롯데월드타워(잠실역2번출구 쪽),3571,화양 APT(횡단보도 옆)
1210,롯데월드타워(잠실역2번출구 쪽),4865,한성백제역 1번출구 뒤
1210,롯데월드타워(잠실역2번출구 쪽),1211,방이삼거리
1210,롯데월드타워(잠실역2번출구 쪽),1293,석촌호교차로 (스타벅스 앞)
1210,롯데월드타워(잠실역2번출구 쪽),2608,송파구청
1210,롯데월드타워(잠실역2번출구 쪽),2619,석촌고분역 4번출구
1210,롯데월드타워(잠실역2번출구 쪽),1248,방이초등학교
1210,롯데월드타워(잠실역2번출구 쪽),4865,한성백제역 1번출구 뒤
1210,롯데월드타워(잠실역2번출구 쪽),1277,오금동 송파 참병원
1210,롯데월드타워(잠실역2번출구 쪽),1211,방이삼거리
1210,롯데월드타워(잠실역2번출구 쪽),2610,여흥레이크빌 앞 (석촌호수 까페거리)
1210,롯데월드타워(잠실역2번출구 쪽),1297,석촌호수교차로(동호 팔각정 앞)
1210,롯데월드타워(잠실역2번출구 쪽),2601,석촌호수 서호사거리
1210,롯데월드타워(잠실역2번출구 쪽),2608,송파구청
1210,롯데월드타워(잠실역2번출구 쪽),2621,한성백제역 2번 출구
1210,롯데월드타워(잠실역2번출구 쪽),2608,송파구청
1210,롯데월드타워(잠실역2번출구 쪽),1211,방이삼거리
1210,롯데월드타워(잠실역2번출구 쪽),1211,방이삼거리
1210,롯데월드타워(잠실역2번출구 쪽),2608,송파구청
1210,롯데월드타워(잠실역2번출구 쪽),1211,방이삼거리
1210,롯데월드타워(잠실역2번출구 쪽),2610,여흥레이크빌 앞 (석촌호수 까페거리)
1210,롯데월드타워(잠실역2번출구 쪽),1211,방이삼거리
1210,롯데월드타워(잠실역2번출구 쪽),2610,여흥레이크빌 앞 (석촌호수 까페거리)
1210,롯데월드타워(잠실역2번출구 쪽),2610,여흥레이크빌 앞 (석촌호수 까페거리)
1210,롯데월드타워(잠실역2번출구 쪽),2610,여흥레이크빌 앞 (석촌호수 까페거리)
1210,롯데월드타워(잠실역2번출구 쪽),2610,여흥레이크빌 앞 (석촌호수 까페거리)
1210,롯데월드타워(잠실역2번출구 쪽),1297,석촌호수교차로(동호 팔각정 앞)
1210,롯데월드타워(잠실역2번출구 쪽),1211,방이삼거리
1210,롯데월드타워(잠실역2번출구 쪽),1262,송파여성문화회관 앞
1210,롯데월드타워(잠실역2번출구 쪽),2641,송파역 4번출구
1210,롯데월드타워(잠실역2번출구 쪽),1221,삼전사거리 포스코더샵
1210,롯데월드타워(잠실역2번출구 쪽),2610,여흥레이크빌 앞 (석촌호수 까페거리)
1210,롯데월드타워(잠실역2번출구 쪽),2635,잠실새내역 1번출구
1210,롯데월드타워(잠실역2번출구 쪽),1060,천일초교 사거리
1210,롯데월드타워(잠실역2번출구 쪽),1201,가락시장역 3번 출구
1210,롯데월드타워(잠실역2번출구 쪽),4864,송파사거리
1210,롯데월드타워(잠실역2번출구 쪽),1297,석촌호수교차로(동호 팔각정 앞)
1210,롯데월드타워(잠실역2번출구 쪽),1210,롯데월드타워(잠실역2번출구 쪽)
1210,롯데월드타워(잠실역2번출구 쪽),1268,몽촌토성역 1번출구 옆
1210,롯데월드타워(잠실역2번출구 쪽),2639,석촌역 8번출구
1210,롯데월드타워(잠실역2번출구 쪽),1210,롯데월드타워(잠실역2번출구 쪽)
1210,롯데월드타워(잠실역2번출구 쪽),2635,잠실새내역 1번출구
1210,롯데월드타워(잠실역2번출구 쪽),2621,한성백제역 2번 출구
1210,롯데월드타워(잠실역2번출구 쪽),4860,가락쌍용2차아파트 103동
1210,롯데월드타워(잠실역2번출구 쪽),1210,롯데월드타워(잠실역2번출구 쪽)
1210,롯데월드타워(잠실역2번출구 쪽),4865,한성백제역 1번출구 뒤
1210,롯데월드타워(잠실역2번출구 쪽),1232,롯데마트 주차장 옆
1210,롯데월드타워(잠실역2번출구 쪽),1222,잠실새내역 5번 출구 뒤
1210,롯데월드타워(잠실역2번출구 쪽),1297,석촌호수교차로(동호 팔각정 앞)
1210,롯데월드타워(잠실역2번출구 쪽),4854,가락시장역 2번 출구
1210,롯데월드타워(잠실역2번출구 쪽),1232,롯데마트 주차장 옆
1210,롯데월드타워(잠실역2번출구 쪽),2642,마천동 성내천 쉼터
1210,롯데월드타워(잠실역2번출구 쪽),2610,여흥레이크빌 앞 (석촌호수 까페거리)
1210,롯데월드타워(잠실역2번출구 쪽),1293,석촌호교차로 (스타벅스 앞)
1210,롯데월드타워(잠실역2번출구 쪽),1209,잠실나루역 (2번 출구 쪽)
1210,롯데월드타워(잠실역2번출구 쪽),2610,여흥레이크빌 앞 (석촌호수 까페거리)
1210,롯데월드타워(잠실역2번출구 쪽),2623,석촌동 주민센터
1210,롯데월드타워(잠실역2번출구 쪽),2610,여흥레이크빌 앞 (석촌호수 까페거리)
1210,롯데월드타워(잠실역2번출구 쪽),1226,잠실4동 주민센터 옆
1210,롯데월드타워(잠실역2번출구 쪽),2610,여흥레이크빌 앞 (석촌호수 까페거리)
1210,롯데월드타워(잠실역2번출구 쪽),2639,석촌역 8번출구
1210,롯데월드타워(잠실역2번출구 쪽),2622,올림픽공원역 3번출구
1210,롯데월드타워(잠실역2번출구 쪽),2652,송파 레미니스1단지 102동 앞
1210,롯데월드타워(잠실역2번출구 쪽),4865,한성백제역 1번출구 뒤
1210,롯데월드타워(잠실역2번출구 쪽),2646,레이크펠리스101동앞
1210,롯데월드타워(잠실역2번출구 쪽),1293,석촌호교차로 (스타벅스 앞)
1210,롯데월드타워(잠실역2번출구 쪽),2641,송파역 4번출구
1210,롯데월드타워(잠실역2번출구 쪽),2608,송파구청
1210,롯데월드타워(잠실역2번출구 쪽),1211,방이삼거리
1210,롯데월드타워(잠실역2번출구 쪽),2404,대모산입구역 4번 출구 앞
1210,롯데월드타워(잠실역2번출구 쪽),2610,여흥레이크빌 앞 (석촌호수 까페거리)
1210,롯데월드타워(잠실역2번출구 쪽),4865,한성백제역 1번출구 뒤
1210,롯데월드타워(잠실역2번출구 쪽),2635,잠실새내역 1번출구
1210,롯데월드타워(잠실역2번출구 쪽),1262,송파여성문화회관 앞
1210,롯데월드타워(잠실역2번출구 쪽),4865,한성백제역 1번출구 뒤
1210,롯데월드타워(잠실역2번출구 쪽),2317,삼성도로공원
1210,롯데월드타워(잠실역2번출구 쪽),1297,석촌호수교차로(동호 팔각정 앞)
1210,롯데월드타워(잠실역2번출구 쪽),1293,석촌호교차로 (스타벅스 앞)
1210,롯데월드타워(잠실역2번출구 쪽),1293,석촌호교차로 (스타벅스 앞)
1210,롯데월드타워(잠실역2번출구 쪽),1293,석촌호교차로 (스타벅스 앞)
1210,롯데월드타워(잠실역2번출구 쪽),1226,잠실4동 주민센터 옆
1210,롯데월드타워(잠실역2번출구 쪽),4452,삼성SDS
1210,롯데월드타워(잠실역2번출구 쪽),2633,송파학사 옆
1210,롯데월드타워(잠실역2번출구 쪽),1229,송파체육문화회관 앞
1210,롯데월드타워(잠실역2번출구 쪽),1265,문정동 근린공원
1210,롯데월드타워(잠실역2번출구 쪽),1251,석촌역 2번출구
1210,롯데월드타워(잠실역2번출구 쪽),1293,석촌호교차로 (스타벅스 앞)
1210,롯데월드타워(잠실역2번출구 쪽),2610,여흥레이크빌 앞 (석촌호수 까페거리)
1210,롯데월드타워(잠실역2번출구 쪽),2610,여흥레이크빌 앞 (석촌호수 까페거리)
1210,롯데월드타워(잠실역2번출구 쪽),3575,자양사거리 (LG 유플러스)
1210,롯데월드타워(잠실역2번출구 쪽),1211,방이삼거리
1210,롯데월드타워(잠실역2번출구 쪽),2610,여흥레이크빌 앞 (석촌호수 까페거리)
1210,롯데월드타워(잠실역2번출구 쪽),1262,송파여성문화회관 앞
1210,롯데월드타워(잠실역2번출구 쪽),2639,석촌역 8번출구
1210,롯데월드타워(잠실역2번출구 쪽),1222,잠실새내역 5번 출구 뒤
1210,롯데월드타워(잠실역2번출구 쪽),2620,송파나루역 4번 출구옆
1210,롯데월드타워(잠실역2번출구 쪽),2610,여흥레이크빌 앞 (석촌호수 까페거리)
1210,롯데월드타워(잠실역2번출구 쪽),1251,석촌역 2번출구
1210,롯데월드타워(잠실역2번출구 쪽),1293,석촌호교차로 (스타벅스 앞)
1210,롯데월드타워(잠실역2번출구 쪽),1220,잠실본동주민센터뒤 잠실근린공원
1210,롯데월드타워(잠실역2번출구 쪽),1211,방이삼거리
1210,롯데월드타워(잠실역2번출구 쪽),1296,석촌호수교차로 (송파나루근린공원 앞)
1210,롯데월드타워(잠실역2번출구 쪽),1289,풍납동 자전거보관소
1210,롯데월드타워(잠실역2번출구 쪽),2608,송파구청
1210,롯데월드타워(잠실역2번출구 쪽),2623,석촌동 주민센터
1210,롯데월드타워(잠실역2번출구 쪽),1296,석촌호수교차로 (송파나루근린공원 앞)
1210,롯데월드타워(잠실역2번출구 쪽),2610,여흥레이크빌 앞 (석촌호수 까페거리)
1210,롯데월드타워(잠실역2번출구 쪽),2649,오금공원사거리2
1210,롯데월드타워(잠실역2번출구 쪽),1260,방이동 한양3차아파트 옆
1210,롯데월드타워(잠실역2번출구 쪽),1211,방이삼거리
1210,롯데월드타워(잠실역2번출구 쪽),2610,여흥레이크빌 앞 (석촌호수 까페거리)
1210,롯데월드타워(잠실역2번출구 쪽),4864,송파사거리
1210,롯데월드타워(잠실역2번출구 쪽),2619,석촌고분역 4번출구
1210,롯데월드타워(잠실역2번출구 쪽),2620,송파나루역 4번 출구옆
1210,롯데월드타워(잠실역2번출구 쪽),2632,석촌고분역 2번 출구
1210,롯데월드타워(잠실역2번출구 쪽),1293,석촌호교차로 (스타벅스 앞)
1210,롯데월드타워(잠실역2번출구 쪽),1209,잠실나루역 (2번 출구 쪽)
1210,롯데월드타워(잠실역2번출구 쪽),2375,수서역 1번출구 앞
1210,롯데월드타워(잠실역2번출구 쪽),2635,잠실새내역 1번출구
1210,롯데월드타워(잠실역2번출구 쪽),2635,잠실새내역 1번출구
1210,롯데월드타워(잠실역2번출구 쪽),2603,송파 글마루 도서관
1210,롯데월드타워(잠실역2번출구 쪽),1211,방이삼거리
1210,롯데월드타워(잠실역2번출구 쪽),2620,송파나루역 4번 출구옆
1210,롯데월드타워(잠실역2번출구 쪽),2619,석촌고분역 4번출구
1210,롯데월드타워(잠실역2번출구 쪽),1030,미호 플랜트 앞
1210,롯데월드타워(잠실역2번출구 쪽),1220,잠실본동주민센터뒤 잠실근린공원
1210,롯데월드타워(잠실역2번출구 쪽),1235,잠실트리지움310동 옆
1210,롯데월드타워(잠실역2번출구 쪽),4868,레이크 호텔 앞
1210,롯데월드타워(잠실역2번출구 쪽),4865,한성백제역 1번출구 뒤
1210,롯데월드타워(잠실역2번출구 쪽),2621,한성백제역 2번 출구
1210,롯데월드타워(잠실역2번출구 쪽),1211,방이삼거리
1210,롯데월드타워(잠실역2번출구 쪽),2608,송파구청
1210,롯데월드타워(잠실역2번출구 쪽),2317,삼성도로공원
1210,롯데월드타워(잠실역2번출구 쪽),1293,석촌호교차로 (스타벅스 앞)
1210,롯데월드타워(잠실역2번출구 쪽),2601,석촌호수 서호사거리
1210,롯데월드타워(잠실역2번출구 쪽),1248,방이초등학교
1210,롯데월드타워(잠실역2번출구 쪽),2601,석촌호수 서호사거리
1210,롯데월드타워(잠실역2번출구 쪽),2630,서울방이동 고분군
1210,롯데월드타워(잠실역2번출구 쪽),2608,송파구청
1210,롯데월드타워(잠실역2번출구 쪽),2619,석촌고분역 4번출구
1210,롯데월드타워(잠실역2번출구 쪽),2610,여흥레이크빌 앞 (석촌호수 까페거리)
1210,롯데월드타워(잠실역2번출구 쪽),1211,방이삼거리
1210,롯데월드타워(잠실역2번출구 쪽),1297,석촌호수교차로(동호 팔각정 앞)
1210,롯데월드타워(잠실역2번출구 쪽),1277,오금동 송파 참병원
1210,롯데월드타워(잠실역2번출구 쪽),1211,방이삼거리
1210,롯데월드타워(잠실역2번출구 쪽),1211,방이삼거리
1210,롯데월드타워(잠실역2번출구 쪽),1211,방이삼거리
1210,롯데월드타워(잠실역2번출구 쪽),2610,여흥레이크빌 앞 (석촌호수 까페거리)
1210,롯데월드타워(잠실역2번출구 쪽),2610,여흥레이크빌 앞 (석촌호수 까페거리)
1210,롯데월드타워(잠실역2번출구 쪽),2610,여흥레이크빌 앞 (석촌호수 까페거리)
1210,롯데월드타워(잠실역2번출구 쪽),2608,송파구청
1210,롯데월드타워(잠실역2번출구 쪽),1211,방이삼거리
1210,롯데월드타워(잠실역2번출구 쪽),2610,여흥레이크빌 앞 (석촌호수 까페거리)
1210,롯데월드타워(잠실역2번출구 쪽),2608,송파구청
1210,롯데월드타워(잠실역2번출구 쪽),2610,여흥레이크빌 앞 (석촌호수 까페거리)
1210,롯데월드타워(잠실역2번출구 쪽),1297,석촌호수교차로(동호 팔각정 앞)
1210,롯데월드타워(잠실역2번출구 쪽),2610,여흥레이크빌 앞 (석촌호수 까페거리)
1210,롯데월드타워(잠실역2번출구 쪽),2610,여흥레이크빌 앞 (석촌호수 까페거리)
1210,롯데월드타워(잠실역2번출구 쪽),2608,송파구청
1210,롯데월드타워(잠실역2번출구 쪽),2610,여흥레이크빌 앞 (석촌호수 까페거리)
1210,롯데월드타워(잠실역2번출구 쪽),2641,송파역 4번출구
1210,롯데월드타워(잠실역2번출구 쪽),1293,석촌호교차로 (스타벅스 앞)
1210,롯데월드타워(잠실역2번출구 쪽),1221,삼전사거리 포스코더샵
1210,롯데월드타워(잠실역2번출구 쪽),4865,한성백제역 1번출구 뒤
1210,롯데월드타워(잠실역2번출구 쪽),2608,송파구청
1210,롯데월드타워(잠실역2번출구 쪽),1232,롯데마트 주차장 옆
1210,롯데월드타워(잠실역2번출구 쪽),2620,송파나루역 4번 출구옆
1210,롯데월드타워(잠실역2번출구 쪽),4868,레이크 호텔 앞
1210,롯데월드타워(잠실역2번출구 쪽),1201,가락시장역 3번 출구
1210,롯데월드타워(잠실역2번출구 쪽),2610,여흥레이크빌 앞 (석촌호수 까페거리)
1210,롯데월드타워(잠실역2번출구 쪽),2639,석촌역 8번출구
1210,롯데월드타워(잠실역2번출구 쪽),4865,한성백제역 1번출구 뒤
1210,롯데월드타워(잠실역2번출구 쪽),2620,송파나루역 4번 출구옆
1210,롯데월드타워(잠실역2번출구 쪽),1211,방이삼거리
1210,롯데월드타워(잠실역2번출구 쪽),2623,석촌동 주민센터
1210,롯데월드타워(잠실역2번출구 쪽),1210,롯데월드타워(잠실역2번출구 쪽)
1210,롯데월드타워(잠실역2번출구 쪽),1210,롯데월드타워(잠실역2번출구 쪽)
1210,롯데월드타워(잠실역2번출구 쪽),1251,석촌역 2번출구
1210,롯데월드타워(잠실역2번출구 쪽),1227,거여역 8번출구 뒤
1210,롯데월드타워(잠실역2번출구 쪽),1211,방이삼거리
1210,롯데월드타워(잠실역2번출구 쪽),1210,롯데월드타워(잠실역2번출구 쪽)
1210,롯데월드타워(잠실역2번출구 쪽),2641,송파역 4번출구
1210,롯데월드타워(잠실역2번출구 쪽),1251,석촌역 2번출구
1210,롯데월드타워(잠실역2번출구 쪽),1251,석촌역 2번출구
1210,롯데월드타워(잠실역2번출구 쪽),2639,석촌역 8번출구
1210,롯데월드타워(잠실역2번출구 쪽),4868,레이크 호텔 앞
1210,롯데월드타워(잠실역2번출구 쪽),2632,석촌고분역 2번 출구
1210,롯데월드타워(잠실역2번출구 쪽),2623,석촌동 주민센터
1210,롯데월드타워(잠실역2번출구 쪽),1218,방이역 4번출구
1210,롯데월드타워(잠실역2번출구 쪽),1222,잠실새내역 5번 출구 뒤
1210,롯데월드타워(잠실역2번출구 쪽),4865,한성백제역 1번출구 뒤
1210,롯데월드타워(잠실역2번출구 쪽),2610,여흥레이크빌 앞 (석촌호수 까페거리)
1210,롯데월드타워(잠실역2번출구 쪽),1060,천일초교 사거리
1210,롯데월드타워(잠실역2번출구 쪽),1251,석촌역 2번출구
1210,롯데월드타워(잠실역2번출구 쪽),1251,석촌역 2번출구
1210,롯데월드타워(잠실역2번출구 쪽),2601,석촌호수 서호사거리
1210,롯데월드타워(잠실역2번출구 쪽),1262,송파여성문화회관 앞
1210,롯데월드타워(잠실역2번출구 쪽),1293,석촌호교차로 (스타벅스 앞)
1210,롯데월드타워(잠실역2번출구 쪽),1048,동부기업(둔촌동)
1210,롯데월드타워(잠실역2번출구 쪽),1222,잠실새내역 5번 출구 뒤
1210,롯데월드타워(잠실역2번출구 쪽),2635,잠실새내역 1번출구
1210,롯데월드타워(잠실역2번출구 쪽),2652,송파 레미니스1단지 102동 앞
1210,롯데월드타워(잠실역2번출구 쪽),544,광남중학교
1210,롯데월드타워(잠실역2번출구 쪽),2608,송파구청
1210,롯데월드타워(잠실역2번출구 쪽),2610,여흥레이크빌 앞 (석촌호수 까페거리)
1210,롯데월드타워(잠실역2번출구 쪽),4864,송파사거리
1210,롯데월드타워(잠실역2번출구 쪽),1248,방이초등학교
1210,롯데월드타워(잠실역2번출구 쪽),3570,구의역 리버비스타 오피스텔
1210,롯데월드타워(잠실역2번출구 쪽),1211,방이삼거리
1210,롯데월드타워(잠실역2번출구 쪽),2610,여흥레이크빌 앞 (석촌호수 까페거리)
1210,롯데월드타워(잠실역2번출구 쪽),2620,송파나루역 4번 출구옆
1210,롯데월드타워(잠실역2번출구 쪽),1260,방이동 한양3차아파트 옆
1210,롯데월드타워(잠실역2번출구 쪽),1293,석촌호교차로 (스타벅스 앞)
1210,롯데월드타워(잠실역2번출구 쪽),2652,송파 레미니스1단지 102동 앞
1210,롯데월드타워(잠실역2번출구 쪽),2608,송파구청
1210,롯데월드타워(잠실역2번출구 쪽),1251,석촌역 2번출구
1210,롯데월드타워(잠실역2번출구 쪽),2610,여흥레이크빌 앞 (석촌호수 까페거리)
1210,롯데월드타워(잠실역2번출구 쪽),1211,방이삼거리
1210,롯데월드타워(잠실역2번출구 쪽),1009,천호역4번출구(현대백화점)
1210,롯데월드타워(잠실역2번출구 쪽),4868,레이크 호텔 앞
1210,롯데월드타워(잠실역2번출구 쪽),4865,한성백제역 1번출구 뒤
1210,롯데월드타워(잠실역2번출구 쪽),546,잠실대교북단 교차로
1210,롯데월드타워(잠실역2번출구 쪽),1235,잠실트리지움310동 옆
1210,롯데월드타워(잠실역2번출구 쪽),1262,송파여성문화회관 앞
1210,롯데월드타워(잠실역2번출구 쪽),2317,삼성도로공원
1210,롯데월드타워(잠실역2번출구 쪽),1211,방이삼거리
1210,롯데월드타워(잠실역2번출구 쪽),2646,레이크펠리스101동앞
1210,롯데월드타워(잠실역2번출구 쪽),2639,석촌역 8번출구
1210,롯데월드타워(잠실역2번출구 쪽),2619,석촌고분역 4번출구
1210,롯데월드타워(잠실역2번출구 쪽),4868,레이크 호텔 앞
1210,롯데월드타워(잠실역2번출구 쪽),543,구의공원(테크노마트 앞)
1210,롯데월드타워(잠실역2번출구 쪽),1262,송파여성문화회관 앞
1210,롯데월드타워(잠실역2번출구 쪽),4868,레이크 호텔 앞
1210,롯데월드타워(잠실역2번출구 쪽),2632,석촌고분역 2번 출구
1210,롯데월드타워(잠실역2번출구 쪽),1229,송파체육문화회관 앞
1210,롯데월드타워(잠실역2번출구 쪽),1215,올림픽공원역 1번출구 앞
1210,롯데월드타워(잠실역2번출구 쪽),1215,올림픽공원역 1번출구 앞
1210,롯데월드타워(잠실역2번출구 쪽),2610,여흥레이크빌 앞 (석촌호수 까페거리)
1210,롯데월드타워(잠실역2번출구 쪽),1227,거여역 8번출구 뒤
1210,롯데월드타워(잠실역2번출구 쪽),1293,석촌호교차로 (스타벅스 앞)
1210,롯데월드타워(잠실역2번출구 쪽),1278,송파구청 교차로
1210,롯데월드타워(잠실역2번출구 쪽),2620,송파나루역 4번 출구옆
1210,롯데월드타워(잠실역2번출구 쪽),3575,자양사거리 (LG 유플러스)
1210,롯데월드타워(잠실역2번출구 쪽),1211,방이삼거리
1210,롯데월드타워(잠실역2번출구 쪽),2632,석촌고분역 2번 출구
1210,롯데월드타워(잠실역2번출구 쪽),2632,석촌고분역 2번 출구
1210,롯데월드타워(잠실역2번출구 쪽),1218,방이역 4번출구
1210,롯데월드타워(잠실역2번출구 쪽),2639,석촌역 8번출구
1210,롯데월드타워(잠실역2번출구 쪽),1203,밀리아나2빌딩 앞
1210,롯데월드타워(잠실역2번출구 쪽),1201,가락시장역 3번 출구
1210,롯데월드타워(잠실역2번출구 쪽),1260,방이동 한양3차아파트 옆
1210,롯데월드타워(잠실역2번출구 쪽),1211,방이삼거리
1210,롯데월드타워(잠실역2번출구 쪽),2619,석촌고분역 4번출구
1210,롯데월드타워(잠실역2번출구 쪽),2601,석촌호수 서호사거리
1210,롯데월드타워(잠실역2번출구 쪽),1211,방이삼거리
1210,롯데월드타워(잠실역2번출구 쪽),2610,여흥레이크빌 앞 (석촌호수 까페거리)
1210,롯데월드타워(잠실역2번출구 쪽),1221,삼전사거리 포스코더샵
1210,롯데월드타워(잠실역2번출구 쪽),3536,중앙농협(자양동)
1210,롯데월드타워(잠실역2번출구 쪽),509,이마트 버스정류소 옆
1210,롯데월드타워(잠실역2번출구 쪽),2639,석촌역 8번출구
1210,롯데월드타워(잠실역2번출구 쪽),1226,잠실4동 주민센터 옆
1210,롯데월드타워(잠실역2번출구 쪽),2641,송파역 4번출구
1210,롯데월드타워(잠실역2번출구 쪽),1293,석촌호교차로 (스타벅스 앞)
1210,롯데월드타워(잠실역2번출구 쪽),1211,방이삼거리
1210,롯데월드타워(잠실역2번출구 쪽),1251,석촌역 2번출구
1210,롯데월드타워(잠실역2번출구 쪽),2613,잠실나들목
1210,롯데월드타워(잠실역2번출구 쪽),2628,문정역 1번출구
1210,롯데월드타워(잠실역2번출구 쪽),1262,송파여성문화회관 앞
1210,롯데월드타워(잠실역2번출구 쪽),1209,잠실나루역 (2번 출구 쪽)
1210,롯데월드타워(잠실역2번출구 쪽),2632,석촌고분역 2번 출구
1210,롯데월드타워(잠실역2번출구 쪽),2608,송파구청
1210,롯데월드타워(잠실역2번출구 쪽),2429,압구정로데오역 6번출구
1210,롯데월드타워(잠실역2번출구 쪽),4868,레이크 호텔 앞
1210,롯데월드타워(잠실역2번출구 쪽),2317,삼성도로공원
1210,롯데월드타워(잠실역2번출구 쪽),2619,석촌고분역 4번출구
1210,롯데월드타워(잠실역2번출구 쪽),2621,한성백제역 2번 출구
1210,롯데월드타워(잠실역2번출구 쪽),4868,레이크 호텔 앞
1210,롯데월드타워(잠실역2번출구 쪽),1211,방이삼거리
1210,롯데월드타워(잠실역2번출구 쪽),1211,방이삼거리
1210,롯데월드타워(잠실역2번출구 쪽),2608,송파구청
1210,롯데월드타워(잠실역2번출구 쪽),2610,여흥레이크빌 앞 (석촌호수 까페거리)
1210,롯데월드타워(잠실역2번출구 쪽),1293,석촌호교차로 (스타벅스 앞)
1210,롯데월드타워(잠실역2번출구 쪽),1293,석촌호교차로 (스타벅스 앞)
1210,롯데월드타워(잠실역2번출구 쪽),1293,석촌호교차로 (스타벅스 앞)
1210,롯데월드타워(잠실역2번출구 쪽),2608,송파구청
1210,롯데월드타워(잠실역2번출구 쪽),1293,석촌호교차로 (스타벅스 앞)
1210,롯데월드타워(잠실역2번출구 쪽),2610,여흥레이크빌 앞 (석촌호수 까페거리)
1210,롯데월드타워(잠실역2번출구 쪽),1248,방이초등학교
1210,롯데월드타워(잠실역2번출구 쪽),2610,여흥레이크빌 앞 (석촌호수 까페거리)
1210,롯데월드타워(잠실역2번출구 쪽),2601,석촌호수 서호사거리
1210,롯데월드타워(잠실역2번출구 쪽),1277,오금동 송파 참병원
1210,롯데월드타워(잠실역2번출구 쪽),1297,석촌호수교차로(동호 팔각정 앞)
1210,롯데월드타워(잠실역2번출구 쪽),1211,방이삼거리
1210,롯데월드타워(잠실역2번출구 쪽),2619,석촌고분역 4번출구
1210,롯데월드타워(잠실역2번출구 쪽),2610,여흥레이크빌 앞 (석촌호수 까페거리)
1210,롯데월드타워(잠실역2번출구 쪽),2608,송파구청
1210,롯데월드타워(잠실역2번출구 쪽),1211,방이삼거리
1210,롯데월드타워(잠실역2번출구 쪽),1211,방이삼거리
1210,롯데월드타워(잠실역2번출구 쪽),2608,송파구청
1210,롯데월드타워(잠실역2번출구 쪽),2610,여흥레이크빌 앞 (석촌호수 까페거리)
1210,롯데월드타워(잠실역2번출구 쪽),2610,여흥레이크빌 앞 (석촌호수 까페거리)
1210,롯데월드타워(잠실역2번출구 쪽),4868,레이크 호텔 앞
1210,롯데월드타워(잠실역2번출구 쪽),1297,석촌호수교차로(동호 팔각정 앞)
1210,롯데월드타워(잠실역2번출구 쪽),2610,여흥레이크빌 앞 (석촌호수 까페거리)
1210,롯데월드타워(잠실역2번출구 쪽),1211,방이삼거리
1210,롯데월드타워(잠실역2번출구 쪽),1212,송파역 2번 출구앞
1210,롯데월드타워(잠실역2번출구 쪽),2601,석촌호수 서호사거리
1210,롯데월드타워(잠실역2번출구 쪽),2610,여흥레이크빌 앞 (석촌호수 까페거리)
1210,롯데월드타워(잠실역2번출구 쪽),1232,롯데마트 주차장 옆
1210,롯데월드타워(잠실역2번출구 쪽),2610,여흥레이크빌 앞 (석촌호수 까페거리)
1210,롯데월드타워(잠실역2번출구 쪽),4865,한성백제역 1번출구 뒤
1210,롯데월드타워(잠실역2번출구 쪽),1232,롯데마트 주차장 옆
1210,롯데월드타워(잠실역2번출구 쪽),4865,한성백제역 1번출구 뒤
1210,롯데월드타워(잠실역2번출구 쪽),2623,석촌동 주민센터
1210,롯데월드타워(잠실역2번출구 쪽),2623,석촌동 주민센터
1210,롯데월드타워(잠실역2번출구 쪽),2620,송파나루역 4번 출구옆
1210,롯데월드타워(잠실역2번출구 쪽),2620,송파나루역 4번 출구옆
1210,롯데월드타워(잠실역2번출구 쪽),1211,방이삼거리
1210,롯데월드타워(잠실역2번출구 쪽),3533,건대입구역 사거리(롯데백화점)
1210,롯데월드타워(잠실역2번출구 쪽),1262,송파여성문화회관 앞
1210,롯데월드타워(잠실역2번출구 쪽),1201,가락시장역 3번 출구
1210,롯데월드타워(잠실역2번출구 쪽),2608,송파구청
1210,롯데월드타워(잠실역2번출구 쪽),2635,잠실새내역 1번출구
1210,롯데월드타워(잠실역2번출구 쪽),1209,잠실나루역 (2번 출구 쪽)
1210,롯데월드타워(잠실역2번출구 쪽),1259,방이역 1번출구
1210,롯데월드타워(잠실역2번출구 쪽),1248,방이초등학교
1210,롯데월드타워(잠실역2번출구 쪽),2619,석촌고분역 4번출구
1210,롯데월드타워(잠실역2번출구 쪽),1262,송파여성문화회관 앞
1210,롯데월드타워(잠실역2번출구 쪽),2611,송파지역자활센터 뒤
1210,롯데월드타워(잠실역2번출구 쪽),2646,레이크펠리스101동앞
1210,롯데월드타워(잠실역2번출구 쪽),1262,송파여성문화회관 앞
1210,롯데월드타워(잠실역2번출구 쪽),1300,오륜사거리
1210,롯데월드타워(잠실역2번출구 쪽),2632,석촌고분역 2번 출구
1210,롯데월드타워(잠실역2번출구 쪽),2632,석촌고분역 2번 출구
1210,롯데월드타워(잠실역2번출구 쪽),2641,송파역 4번출구
1210,롯데월드타워(잠실역2번출구 쪽),1210,롯데월드타워(잠실역2번출구 쪽)
1210,롯데월드타워(잠실역2번출구 쪽),1232,롯데마트 주차장 옆
1210,롯데월드타워(잠실역2번출구 쪽),1008,암사역 3번출구(국민은행앞)
1210,롯데월드타워(잠실역2번출구 쪽),1251,석촌역 2번출구
1210,롯데월드타워(잠실역2번출구 쪽),1297,석촌호수교차로(동호 팔각정 앞)
1210,롯데월드타워(잠실역2번출구 쪽),1205,종합운동장역 4번출구
1210,롯데월드타워(잠실역2번출구 쪽),2610,여흥레이크빌 앞 (석촌호수 까페거리)
1210,롯데월드타워(잠실역2번출구 쪽),2608,송파구청
1210,롯데월드타워(잠실역2번출구 쪽),1262,송파여성문화회관 앞
1210,롯데월드타워(잠실역2번출구 쪽),1262,송파여성문화회관 앞
1210,롯데월드타워(잠실역2번출구 쪽),2608,송파구청
1210,롯데월드타워(잠실역2번출구 쪽),2608,송파구청
1210,롯데월드타워(잠실역2번출구 쪽),1235,잠실트리지움310동 옆
1210,롯데월드타워(잠실역2번출구 쪽),2639,석촌역 8번출구
1210,롯데월드타워(잠실역2번출구 쪽),4868,레이크 호텔 앞
1210,롯데월드타워(잠실역2번출구 쪽),4868,레이크 호텔 앞
1210,롯데월드타워(잠실역2번출구 쪽),4868,레이크 호텔 앞
1210,롯데월드타워(잠실역2번출구 쪽),2608,송파구청
1210,롯데월드타워(잠실역2번출구 쪽),1262,송파여성문화회관 앞
1210,롯데월드타워(잠실역2번출구 쪽),2623,석촌동 주민센터
1210,롯데월드타워(잠실역2번출구 쪽),588,뚝섬 유원지역
1210,롯데월드타워(잠실역2번출구 쪽),2635,잠실새내역 1번출구
1210,롯데월드타워(잠실역2번출구 쪽),4865,한성백제역 1번출구 뒤
1210,롯데월드타워(잠실역2번출구 쪽),502,뚝섬유원지역 1번출구 앞
1210,롯데월드타워(잠실역2번출구 쪽),1268,몽촌토성역 1번출구 옆
1210,롯데월드타워(잠실역2번출구 쪽),4868,레이크 호텔 앞
1210,롯데월드타워(잠실역2번출구 쪽),2623,석촌동 주민센터
1210,롯데월드타워(잠실역2번출구 쪽),2610,여흥레이크빌 앞 (석촌호수 까페거리)
1210,롯데월드타워(잠실역2번출구 쪽),1211,방이삼거리
1210,롯데월드타워(잠실역2번출구 쪽),2610,여흥레이크빌 앞 (석촌호수 까페거리)
1210,롯데월드타워(잠실역2번출구 쪽),1233,잠실3거리(갤러리아팰리스)
1210,롯데월드타워(잠실역2번출구 쪽),2610,여흥레이크빌 앞 (석촌호수 까페거리)
1210,롯데월드타워(잠실역2번출구 쪽),2610,여흥레이크빌 앞 (석촌호수 까페거리)
1210,롯데월드타워(잠실역2번출구 쪽),2623,석촌동 주민센터
1210,롯데월드타워(잠실역2번출구 쪽),1297,석촌호수교차로(동호 팔각정 앞)
1210,롯데월드타워(잠실역2번출구 쪽),1212,송파역 2번 출구앞
1210,롯데월드타워(잠실역2번출구 쪽),2639,석촌역 8번출구
1210,롯데월드타워(잠실역2번출구 쪽),4865,한성백제역 1번출구 뒤
1210,롯데월드타워(잠실역2번출구 쪽),667,청량차도 육교 밑
1210,롯데월드타워(잠실역2번출구 쪽),2620,송파나루역 4번 출구옆
1210,롯데월드타워(잠실역2번출구 쪽),1260,방이동 한양3차아파트 옆
1210,롯데월드타워(잠실역2번출구 쪽),2610,여흥레이크빌 앞 (석촌호수 까페거리)
1210,롯데월드타워(잠실역2번출구 쪽),2651,경찰병원역 3번출구 앞
1210,롯데월드타워(잠실역2번출구 쪽),4865,한성백제역 1번출구 뒤
1210,롯데월드타워(잠실역2번출구 쪽),1293,석촌호교차로 (스타벅스 앞)
1210,롯데월드타워(잠실역2번출구 쪽),2647,잠실 자전거 수리센터 앞
1210,롯데월드타워(잠실역2번출구 쪽),2610,여흥레이크빌 앞 (석촌호수 까페거리)
1210,롯데월드타워(잠실역2번출구 쪽),4865,한성백제역 1번출구 뒤
1210,롯데월드타워(잠실역2번출구 쪽),1211,방이삼거리
1210,롯데월드타워(잠실역2번출구 쪽),1249,아주중학교건너편
1210,롯데월드타워(잠실역2번출구 쪽),1224,아시아지하보도 2번 출구
1210,롯데월드타워(잠실역2번출구 쪽),2641,송파역 4번출구
1210,롯데월드타워(잠실역2번출구 쪽),1211,방이삼거리
1210,롯데월드타워(잠실역2번출구 쪽),2610,여흥레이크빌 앞 (석촌호수 까페거리)
1210,롯데월드타워(잠실역2번출구 쪽),1257,가락시장역 롯데마트앞
1210,롯데월드타워(잠실역2번출구 쪽),2317,삼성도로공원
1210,롯데월드타워(잠실역2번출구 쪽),2610,여흥레이크빌 앞 (석촌호수 까페거리)
1210,롯데월드타워(잠실역2번출구 쪽),2635,잠실새내역 1번출구
1210,롯데월드타워(잠실역2번출구 쪽),1229,송파체육문화회관 앞
1210,롯데월드타워(잠실역2번출구 쪽),1297,석촌호수교차로(동호 팔각정 앞)
1210,롯데월드타워(잠실역2번출구 쪽),1297,석촌호수교차로(동호 팔각정 앞)
1210,롯데월드타워(잠실역2번출구 쪽),1297,석촌호수교차로(동호 팔각정 앞)
1210,롯데월드타워(잠실역2번출구 쪽),1269,리센츠아파트
1210,롯데월드타워(잠실역2번출구 쪽),2610,여흥레이크빌 앞 (석촌호수 까페거리)
1210,롯데월드타워(잠실역2번출구 쪽),1275,거여초등학교 옆
1210,롯데월드타워(잠실역2번출구 쪽),1222,잠실새내역 5번 출구 뒤
1210,롯데월드타워(잠실역2번출구 쪽),1222,잠실새내역 5번 출구 뒤
1210,롯데월드타워(잠실역2번출구 쪽),1017,맥도날드(길동)
1210,롯데월드타워(잠실역2번출구 쪽),4859,잠실나루 나들목
1210,롯데월드타워(잠실역2번출구 쪽),1289,풍납동 자전거보관소
1210,롯데월드타워(잠실역2번출구 쪽),1212,송파역 2번 출구앞
1210,롯데월드타워(잠실역2번출구 쪽),2623,석촌동 주민센터
1210,롯데월드타워(잠실역2번출구 쪽),2610,여흥레이크빌 앞 (석촌호수 까페거리)
1210,롯데월드타워(잠실역2번출구 쪽),1211,방이삼거리
1210,롯데월드타워(잠실역2번출구 쪽),1262,송파여성문화회관 앞
1210,롯데월드타워(잠실역2번출구 쪽),2655,송이공원
1210,롯데월드타워(잠실역2번출구 쪽),1249,아주중학교건너편
1210,롯데월드타워(잠실역2번출구 쪽),1209,잠실나루역 (2번 출구 쪽)
1210,롯데월드타워(잠실역2번출구 쪽),1296,석촌호수교차로 (송파나루근린공원 앞)
1210,롯데월드타워(잠실역2번출구 쪽),1209,잠실나루역 (2번 출구 쪽)
1210,롯데월드타워(잠실역2번출구 쪽),2610,여흥레이크빌 앞 (석촌호수 까페거리)
1210,롯데월드타워(잠실역2번출구 쪽),2641,송파역 4번출구
1210,롯데월드타워(잠실역2번출구 쪽),2632,석촌고분역 2번 출구
1210,롯데월드타워(잠실역2번출구 쪽),2632,석촌고분역 2번 출구
1210,롯데월드타워(잠실역2번출구 쪽),1208,풍납현대아파트쉼터
1210,롯데월드타워(잠실역2번출구 쪽),1297,석촌호수교차로(동호 팔각정 앞)
1210,롯데월드타워(잠실역2번출구 쪽),4868,레이크 호텔 앞
1210,롯데월드타워(잠실역2번출구 쪽),2620,송파나루역 4번 출구옆
1210,롯데월드타워(잠실역2번출구 쪽),1251,석촌역 2번출구
1210,롯데월드타워(잠실역2번출구 쪽),2620,송파나루역 4번 출구옆
1210,롯데월드타워(잠실역2번출구 쪽),646,장한평역 1번출구 (국민은행앞)
1210,롯데월드타워(잠실역2번출구 쪽),3571,화양 APT(횡단보도 옆)
1210,롯데월드타워(잠실역2번출구 쪽),4868,레이크 호텔 앞
1210,롯데월드타워(잠실역2번출구 쪽),2621,한성백제역 2번 출구
1210,롯데월드타워(잠실역2번출구 쪽),2608,송파구청
1210,롯데월드타워(잠실역2번출구 쪽),2608,송파구청
1210,롯데월드타워(잠실역2번출구 쪽),1293,석촌호교차로 (스타벅스 앞)
1210,롯데월드타워(잠실역2번출구 쪽),1293,석촌호교차로 (스타벅스 앞)
1210,롯데월드타워(잠실역2번출구 쪽),1293,석촌호교차로 (스타벅스 앞)
1210,롯데월드타워(잠실역2번출구 쪽),2601,석촌호수 서호사거리
1210,롯데월드타워(잠실역2번출구 쪽),1262,송파여성문화회관 앞
1210,롯데월드타워(잠실역2번출구 쪽),1248,방이초등학교
1210,롯데월드타워(잠실역2번출구 쪽),2610,여흥레이크빌 앞 (석촌호수 까페거리)
1210,롯데월드타워(잠실역2번출구 쪽),2619,석촌고분역 4번출구
1210,롯데월드타워(잠실역2번출구 쪽),1211,방이삼거리
1210,롯데월드타워(잠실역2번출구 쪽),1277,오금동 송파 참병원
1210,롯데월드타워(잠실역2번출구 쪽),1297,석촌호수교차로(동호 팔각정 앞)
1210,롯데월드타워(잠실역2번출구 쪽),2601,석촌호수 서호사거리
1210,롯데월드타워(잠실역2번출구 쪽),2608,송파구청
1210,롯데월드타워(잠실역2번출구 쪽),1211,방이삼거리
1210,롯데월드타워(잠실역2번출구 쪽),2610,여흥레이크빌 앞 (석촌호수 까페거리)
1210,롯데월드타워(잠실역2번출구 쪽),1211,방이삼거리
1210,롯데월드타워(잠실역2번출구 쪽),1211,방이삼거리
1210,롯데월드타워(잠실역2번출구 쪽),1211,방이삼거리
1210,롯데월드타워(잠실역2번출구 쪽),2610,여흥레이크빌 앞 (석촌호수 까페거리)
1210,롯데월드타워(잠실역2번출구 쪽),1293,석촌호교차로 (스타벅스 앞)
1210,롯데월드타워(잠실역2번출구 쪽),2610,여흥레이크빌 앞 (석촌호수 까페거리)
1210,롯데월드타워(잠실역2번출구 쪽),2646,레이크펠리스101동앞
1210,롯데월드타워(잠실역2번출구 쪽),2610,여흥레이크빌 앞 (석촌호수 까페거리)
1210,롯데월드타워(잠실역2번출구 쪽),2610,여흥레이크빌 앞 (석촌호수 까페거리)
1210,롯데월드타워(잠실역2번출구 쪽),1297,석촌호수교차로(동호 팔각정 앞)
1210,롯데월드타워(잠실역2번출구 쪽),1211,방이삼거리
1210,롯데월드타워(잠실역2번출구 쪽),1211,방이삼거리
1210,롯데월드타워(잠실역2번출구 쪽),2610,여흥레이크빌 앞 (석촌호수 까페거리)
1210,롯데월드타워(잠실역2번출구 쪽),1212,송파역 2번 출구앞
1210,롯데월드타워(잠실역2번출구 쪽),1211,방이삼거리
1210,롯데월드타워(잠실역2번출구 쪽),4486,홈플러스 잠실점
1210,롯데월드타워(잠실역2번출구 쪽),4868,레이크 호텔 앞
1210,롯데월드타워(잠실역2번출구 쪽),1259,방이역 1번출구
1210,롯데월드타워(잠실역2번출구 쪽),1211,방이삼거리
1210,롯데월드타워(잠실역2번출구 쪽),4868,레이크 호텔 앞
1210,롯데월드타워(잠실역2번출구 쪽),4868,레이크 호텔 앞
1210,롯데월드타워(잠실역2번출구 쪽),2641,송파역 4번출구
1210,롯데월드타워(잠실역2번출구 쪽),1201,가락시장역 3번 출구
1210,롯데월드타워(잠실역2번출구 쪽),2639,석촌역 8번출구
1210,롯데월드타워(잠실역2번출구 쪽),2623,석촌동 주민센터
1210,롯데월드타워(잠실역2번출구 쪽),1262,송파여성문화회관 앞
1210,롯데월드타워(잠실역2번출구 쪽),2610,여흥레이크빌 앞 (석촌호수 까페거리)
1210,롯데월드타워(잠실역2번출구 쪽),4864,송파사거리
1210,롯데월드타워(잠실역2번출구 쪽),2638,쌍용아파트
1210,롯데월드타워(잠실역2번출구 쪽),3533,건대입구역 사거리(롯데백화점)
1210,롯데월드타워(잠실역2번출구 쪽),2620,송파나루역 4번 출구옆
1210,롯데월드타워(잠실역2번출구 쪽),1028,포레스 주상복합 빌딩
1210,롯데월드타워(잠실역2번출구 쪽),1211,방이삼거리
1210,롯데월드타워(잠실역2번출구 쪽),1235,잠실트리지움310동 옆
1210,롯데월드타워(잠실역2번출구 쪽),4859,잠실나루 나들목
1210,롯데월드타워(잠실역2번출구 쪽),4865,한성백제역 1번출구 뒤
1210,롯데월드타워(잠실역2번출구 쪽),1210,롯데월드타워(잠실역2번출구 쪽)
1210,롯데월드타워(잠실역2번출구 쪽),1251,석촌역 2번출구
1210,롯데월드타워(잠실역2번출구 쪽),1211,방이삼거리
1210,롯데월드타워(잠실역2번출구 쪽),2620,송파나루역 4번 출구옆
1210,롯데월드타워(잠실역2번출구 쪽),2610,여흥레이크빌 앞 (석촌호수 까페거리)
1210,롯데월드타워(잠실역2번출구 쪽),2623,석촌동 주민센터
1210,롯데월드타워(잠실역2번출구 쪽),1293,석촌호교차로 (스타벅스 앞)
1210,롯데월드타워(잠실역2번출구 쪽),1210,롯데월드타워(잠실역2번출구 쪽)
1210,롯데월드타워(잠실역2번출구 쪽),2610,여흥레이크빌 앞 (석촌호수 까페거리)
1210,롯데월드타워(잠실역2번출구 쪽),2610,여흥레이크빌 앞 (석촌호수 까페거리)
1210,롯데월드타워(잠실역2번출구 쪽),2610,여흥레이크빌 앞 (석촌호수 까페거리)
1210,롯데월드타워(잠실역2번출구 쪽),2608,송파구청
1210,롯데월드타워(잠실역2번출구 쪽),2610,여흥레이크빌 앞 (석촌호수 까페거리)
1210,롯데월드타워(잠실역2번출구 쪽),546,잠실대교북단 교차로
1210,롯데월드타워(잠실역2번출구 쪽),546,잠실대교북단 교차로
1210,롯데월드타워(잠실역2번출구 쪽),2608,송파구청
1210,롯데월드타워(잠실역2번출구 쪽),2608,송파구청
1210,롯데월드타워(잠실역2번출구 쪽),1060,천일초교 사거리
1210,롯데월드타워(잠실역2번출구 쪽),2610,여흥레이크빌 앞 (석촌호수 까페거리)
1210,롯데월드타워(잠실역2번출구 쪽),1211,방이삼거리
1210,롯데월드타워(잠실역2번출구 쪽),4854,가락시장역 2번 출구
1210,롯데월드타워(잠실역2번출구 쪽),2653,올림픽공원사거리(선수촌아파트)
1210,롯데월드타워(잠실역2번출구 쪽),2608,송파구청
1210,롯데월드타워(잠실역2번출구 쪽),2622,올림픽공원역 3번출구
1210,롯데월드타워(잠실역2번출구 쪽),1280,송파파크데일 2단지입구 앞 주차장
1210,롯데월드타워(잠실역2번출구 쪽),1211,방이삼거리
1210,롯데월드타워(잠실역2번출구 쪽),1262,송파여성문화회관 앞
1210,롯데월드타워(잠실역2번출구 쪽),2619,석촌고분역 4번출구
1210,롯데월드타워(잠실역2번출구 쪽),2610,여흥레이크빌 앞 (석촌호수 까페거리)
1210,롯데월드타워(잠실역2번출구 쪽),2647,잠실 자전거 수리센터 앞
1210,롯데월드타워(잠실역2번출구 쪽),1211,방이삼거리
1210,롯데월드타워(잠실역2번출구 쪽),4868,레이크 호텔 앞
1210,롯데월드타워(잠실역2번출구 쪽),1296,석촌호수교차로 (송파나루근린공원 앞)
1210,롯데월드타워(잠실역2번출구 쪽),1297,석촌호수교차로(동호 팔각정 앞)
1210,롯데월드타워(잠실역2번출구 쪽),2610,여흥레이크빌 앞 (석촌호수 까페거리)
1210,롯데월드타워(잠실역2번출구 쪽),1260,방이동 한양3차아파트 옆
1210,롯데월드타워(잠실역2번출구 쪽),2610,여흥레이크빌 앞 (석촌호수 까페거리)
1210,롯데월드타워(잠실역2번출구 쪽),4868,레이크 호텔 앞
1210,롯데월드타워(잠실역2번출구 쪽),2610,여흥레이크빌 앞 (석촌호수 까페거리)
1210,롯데월드타워(잠실역2번출구 쪽),1275,거여초등학교 옆
1210,롯데월드타워(잠실역2번출구 쪽),4865,한성백제역 1번출구 뒤
1210,롯데월드타워(잠실역2번출구 쪽),2637,잠실월드 메르디앙
1210,롯데월드타워(잠실역2번출구 쪽),2620,송파나루역 4번 출구옆
1210,롯데월드타워(잠실역2번출구 쪽),1209,잠실나루역 (2번 출구 쪽)
1210,롯데월드타워(잠실역2번출구 쪽),1290,위례송파꿈에그린아파트24단지 앞 성벽 다리 밑
1210,롯데월드타워(잠실역2번출구 쪽),2651,경찰병원역 3번출구 앞
1210,롯데월드타워(잠실역2번출구 쪽),2620,송파나루역 4번 출구옆
1210,롯데월드타워(잠실역2번출구 쪽),1229,송파체육문화회관 앞
1210,롯데월드타워(잠실역2번출구 쪽),1210,롯데월드타워(잠실역2번출구 쪽)
1210,롯데월드타워(잠실역2번출구 쪽),1211,방이삼거리
1210,롯데월드타워(잠실역2번출구 쪽),4869,잠실나들목6
1210,롯데월드타워(잠실역2번출구 쪽),4869,잠실나들목6
1210,롯데월드타워(잠실역2번출구 쪽),2643,풍납중학교 측면
1210,롯데월드타워(잠실역2번출구 쪽),4859,잠실나루 나들목
1210,롯데월드타워(잠실역2번출구 쪽),1251,석촌역 2번출구
1210,롯데월드타워(잠실역2번출구 쪽),1210,롯데월드타워(잠실역2번출구 쪽)
1210,롯데월드타워(잠실역2번출구 쪽),2613,잠실나들목
1210,롯데월드타워(잠실역2번출구 쪽),2613,잠실나들목
1210,롯데월드타워(잠실역2번출구 쪽),1279,마천금호어울림 1차아파트 건너편
1210,롯데월드타워(잠실역2번출구 쪽),2608,송파구청
1210,롯데월드타워(잠실역2번출구 쪽),1232,롯데마트 주차장 옆
1210,롯데월드타워(잠실역2번출구 쪽),2639,석촌역 8번출구
1210,롯데월드타워(잠실역2번출구 쪽),2639,석촌역 8번출구
1210,롯데월드타워(잠실역2번출구 쪽),2610,여흥레이크빌 앞 (석촌호수 까페거리)
1210,롯데월드타워(잠실역2번출구 쪽),4868,레이크 호텔 앞
1210,롯데월드타워(잠실역2번출구 쪽),1211,방이삼거리
1210,롯데월드타워(잠실역2번출구 쪽),1296,석촌호수교차로 (송파나루근린공원 앞)
1210,롯데월드타워(잠실역2번출구 쪽),1248,방이초등학교
1210,롯데월드타워(잠실역2번출구 쪽),1211,방이삼거리
1210,롯데월드타워(잠실역2번출구 쪽),4864,송파사거리
1210,롯데월드타워(잠실역2번출구 쪽),2620,송파나루역 4번 출구옆
1210,롯데월드타워(잠실역2번출구 쪽),1002,해공공원(천호동)
1210,롯데월드타워(잠실역2번출구 쪽),2608,송파구청
1210,롯데월드타워(잠실역2번출구 쪽),2610,여흥레이크빌 앞 (석촌호수 까페거리)
1210,롯데월드타워(잠실역2번출구 쪽),1231,잠실역 6번출구
1210,롯데월드타워(잠실역2번출구 쪽),2608,송파구청
1210,롯데월드타워(잠실역2번출구 쪽),2621,한성백제역 2번 출구
1210,롯데월드타워(잠실역2번출구 쪽),1293,석촌호교차로 (스타벅스 앞)
1210,롯데월드타워(잠실역2번출구 쪽),2601,석촌호수 서호사거리
1210,롯데월드타워(잠실역2번출구 쪽),2610,여흥레이크빌 앞 (석촌호수 까페거리)
1210,롯데월드타워(잠실역2번출구 쪽),1277,오금동 송파 참병원
1210,롯데월드타워(잠실역2번출구 쪽),1297,석촌호수교차로(동호 팔각정 앞)
1210,롯데월드타워(잠실역2번출구 쪽),1211,방이삼거리
1210,롯데월드타워(잠실역2번출구 쪽),2610,여흥레이크빌 앞 (석촌호수 까페거리)
1210,롯데월드타워(잠실역2번출구 쪽),2610,여흥레이크빌 앞 (석촌호수 까페거리)
1210,롯데월드타워(잠실역2번출구 쪽),2317,삼성도로공원
1210,롯데월드타워(잠실역2번출구 쪽),2610,여흥레이크빌 앞 (석촌호수 까페거리)
1210,롯데월드타워(잠실역2번출구 쪽),1211,방이삼거리
1210,롯데월드타워(잠실역2번출구 쪽),2610,여흥레이크빌 앞 (석촌호수 까페거리)
1210,롯데월드타워(잠실역2번출구 쪽),2610,여흥레이크빌 앞 (석촌호수 까페거리)
1210,롯데월드타워(잠실역2번출구 쪽),2610,여흥레이크빌 앞 (석촌호수 까페거리)
1210,롯데월드타워(잠실역2번출구 쪽),2324,천주교 대치 2동 교회 옆
1210,롯데월드타워(잠실역2번출구 쪽),2623,석촌동 주민센터
1210,롯데월드타워(잠실역2번출구 쪽),1211,방이삼거리
1210,롯데월드타워(잠실역2번출구 쪽),4868,레이크 호텔 앞
1210,롯데월드타워(잠실역2번출구 쪽),1297,석촌호수교차로(동호 팔각정 앞)
1210,롯데월드타워(잠실역2번출구 쪽),1300,오륜사거리
1210,롯데월드타워(잠실역2번출구 쪽),1210,롯데월드타워(잠실역2번출구 쪽)
1210,롯데월드타워(잠실역2번출구 쪽),1293,석촌호교차로 (스타벅스 앞)
1210,롯데월드타워(잠실역2번출구 쪽),1297,석촌호수교차로(동호 팔각정 앞)
1210,롯데월드타워(잠실역2번출구 쪽),2613,잠실나들목
1210,롯데월드타워(잠실역2번출구 쪽),4868,레이크 호텔 앞
1210,롯데월드타워(잠실역2번출구 쪽),2641,송파역 4번출구
1210,롯데월드타워(잠실역2번출구 쪽),2635,잠실새내역 1번출구
1210,롯데월드타워(잠실역2번출구 쪽),2610,여흥레이크빌 앞 (석촌호수 까페거리)
1210,롯데월드타워(잠실역2번출구 쪽),4864,송파사거리
1210,롯데월드타워(잠실역2번출구 쪽),1251,석촌역 2번출구
1210,롯데월드타워(잠실역2번출구 쪽),1211,방이삼거리
1210,롯데월드타워(잠실역2번출구 쪽),2618,삼전역 1번출구
1210,롯데월드타워(잠실역2번출구 쪽),1227,거여역 8번출구 뒤
1210,롯데월드타워(잠실역2번출구 쪽),1269,리센츠아파트
1210,롯데월드타워(잠실역2번출구 쪽),2646,레이크펠리스101동앞
1210,롯데월드타워(잠실역2번출구 쪽),1204,거여역 3번출구
1210,롯데월드타워(잠실역2번출구 쪽),1211,방이삼거리
1210,롯데월드타워(잠실역2번출구 쪽),2641,송파역 4번출구
1210,롯데월드타워(잠실역2번출구 쪽),2632,석촌고분역 2번 출구
1210,롯데월드타워(잠실역2번출구 쪽),1211,방이삼거리
1210,롯데월드타워(잠실역2번출구 쪽),1297,석촌호수교차로(동호 팔각정 앞)
1210,롯데월드타워(잠실역2번출구 쪽),4460,올림픽훼미리아파트 112동 앞
1210,롯데월드타워(잠실역2번출구 쪽),2620,송파나루역 4번 출구옆
1210,롯데월드타워(잠실역2번출구 쪽),2608,송파구청
1210,롯데월드타워(잠실역2번출구 쪽),1262,송파여성문화회관 앞
1210,롯데월드타워(잠실역2번출구 쪽),2610,여흥레이크빌 앞 (석촌호수 까페거리)
1210,롯데월드타워(잠실역2번출구 쪽),2620,송파나루역 4번 출구옆
1210,롯데월드타워(잠실역2번출구 쪽),1210,롯데월드타워(잠실역2번출구 쪽)
1210,롯데월드타워(잠실역2번출구 쪽),1297,석촌호수교차로(동호 팔각정 앞)
1210,롯데월드타워(잠실역2번출구 쪽),1293,석촌호교차로 (스타벅스 앞)
1210,롯데월드타워(잠실역2번출구 쪽),3627,압구정나들목
1210,롯데월드타워(잠실역2번출구 쪽),3627,압구정나들목
1210,롯데월드타워(잠실역2번출구 쪽),4452,삼성SDS
1210,롯데월드타워(잠실역2번출구 쪽),1297,석촌호수교차로(동호 팔각정 앞)
1210,롯데월드타워(잠실역2번출구 쪽),1297,석촌호수교차로(동호 팔각정 앞)
1210,롯데월드타워(잠실역2번출구 쪽),1211,방이삼거리
1210,롯데월드타워(잠실역2번출구 쪽),4868,레이크 호텔 앞
1210,롯데월드타워(잠실역2번출구 쪽),1251,석촌역 2번출구
1210,롯데월드타워(잠실역2번출구 쪽),2620,송파나루역 4번 출구옆
1210,롯데월드타워(잠실역2번출구 쪽),2646,레이크펠리스101동앞
1210,롯데월드타워(잠실역2번출구 쪽),4868,레이크 호텔 앞
1210,롯데월드타워(잠실역2번출구 쪽),2620,송파나루역 4번 출구옆
1210,롯데월드타워(잠실역2번출구 쪽),4868,레이크 호텔 앞
1210,롯데월드타워(잠실역2번출구 쪽),2610,여흥레이크빌 앞 (석촌호수 까페거리)
1210,롯데월드타워(잠실역2번출구 쪽),2610,여흥레이크빌 앞 (석촌호수 까페거리)
1210,롯데월드타워(잠실역2번출구 쪽),2608,송파구청
1210,롯데월드타워(잠실역2번출구 쪽),1235,잠실트리지움310동 옆
1210,롯데월드타워(잠실역2번출구 쪽),1295,잠실역 8번출구
1210,롯데월드타워(잠실역2번출구 쪽),3575,자양사거리 (LG 유플러스)
1210,롯데월드타워(잠실역2번출구 쪽),2618,삼전역 1번출구
1210,롯데월드타워(잠실역2번출구 쪽),2620,송파나루역 4번 출구옆
1210,롯데월드타워(잠실역2번출구 쪽),2610,여흥레이크빌 앞 (석촌호수 까페거리)
1210,롯데월드타워(잠실역2번출구 쪽),1268,몽촌토성역 1번출구 옆
1210,롯데월드타워(잠실역2번출구 쪽),1293,석촌호교차로 (스타벅스 앞)
1210,롯데월드타워(잠실역2번출구 쪽),1221,삼전사거리 포스코더샵
1210,롯데월드타워(잠실역2번출구 쪽),2418,봉은사역 7번 출구
1210,롯데월드타워(잠실역2번출구 쪽),2623,석촌동 주민센터
1210,롯데월드타워(잠실역2번출구 쪽),2651,경찰병원역 3번출구 앞
1210,롯데월드타워(잠실역2번출구 쪽),1251,석촌역 2번출구
1210,롯데월드타워(잠실역2번출구 쪽),1269,리센츠아파트
1210,롯데월드타워(잠실역2번출구 쪽),2632,석촌고분역 2번 출구
1210,롯데월드타워(잠실역2번출구 쪽),1228,마천사거리
1210,롯데월드타워(잠실역2번출구 쪽),1210,롯데월드타워(잠실역2번출구 쪽)
1210,롯데월드타워(잠실역2번출구 쪽),1210,롯데월드타워(잠실역2번출구 쪽)

광진구,202109,20191,502,뚝섬유원지역 1번출구 앞,37.53186035,127.0671921