1210,롯데월드타워(잠실역2번출구 쪽),1048,동부기업(둔촌동)
1210,롯데월드타워(잠실역2번출구 쪽),2652,송파 레미니스1단지 102동 앞
1210,롯데월드타워(잠실역2번출구 쪽),1020,강동경찰서
1210,롯데월드타워(잠실역2번출구 쪽),2635,잠실새내역 1번출구
1210,롯데월드타워(잠실역2번출구 쪽),2608,송파구청
1210,롯데월드타워(잠실역2번출구 쪽),1269,리센츠아파트
1210,롯데월드타워(잠실역2번출구 쪽),4865,한성백제역 1번출구 뒤
1210,롯데월드타워(잠실역2번출구 쪽),1211,방이삼거리
1210,롯데월드타워(잠실역2번출구 쪽),2608,송파구청
1210,롯데월드타워(잠실역2번출구 쪽),1293,석촌호교차로 (스타벅스 앞)
1210,롯데월드타워(잠실역2번출구 쪽),2630,서울방이동 고분군
1210,롯데월드타워(잠실역2번출구 쪽),2317,삼성도로공원
1210,롯데월드타워(잠실역2번출구 쪽),1262,송파여성문화회관 앞
1210,롯데월드타워(잠실역2번출구 쪽),2610,여흥레이크빌 앞 (석촌호수 까페거리)
1210,롯데월드타워(잠실역2번출구 쪽),1248,방이초등학교
1210,롯데월드타워(잠실역2번출구 쪽),2601,석촌호수 서호사거리
1210,롯데월드타워(잠실역2번출구 쪽),2632,석촌고분역 2번 출구
1210,롯데월드타워(잠실역2번출구 쪽),2601,석촌호수 서호사거리
1210,롯데월드타워(잠실역2번출구 쪽),1235,잠실트리지움310동 옆
1210,롯데월드타워(잠실역2번출구 쪽),2610,여흥레이크빌 앞 (석촌호수 까페거리)
1210,롯데월드타워(잠실역2번출구 쪽),1297,석촌호수교차로(동호 팔각정 앞)
1210,롯데월드타워(잠실역2번출구 쪽),1277,오금동 송파 참병원
1210,롯데월드타워(잠실역2번출구 쪽),1211,방이삼거리
1210,롯데월드타워(잠실역2번출구 쪽),2608,송파구청
1210,롯데월드타워(잠실역2번출구 쪽),2608,송파구청
1210,롯데월드타워(잠실역2번출구 쪽),1211,방이삼거리
1210,롯데월드타워(잠실역2번출구 쪽),2630,서울방이동 고분군
1210,롯데월드타워(잠실역2번출구 쪽),1297,석촌호수교차로(동호 팔각정 앞)
1210,롯데월드타워(잠실역2번출구 쪽),2608,송파구청
1210,롯데월드타워(잠실역2번출구 쪽),2610,여흥레이크빌 앞 (석촌호수 까페거리)
1210,롯데월드타워(잠실역2번출구 쪽),2610,여흥레이크빌 앞 (석촌호수 까페거리)
1210,롯데월드타워(잠실역2번출구 쪽),1211,방이삼거리
1210,롯데월드타워(잠실역2번출구 쪽),4865,한성백제역 1번출구 뒤
1210,롯데월드타워(잠실역2번출구 쪽),2610,여흥레이크빌 앞 (석촌호수 까페거리)
1210,롯데월드타워(잠실역2번출구 쪽),1211,방이삼거리
1210,롯데월드타워(잠실역2번출구 쪽),2610,여흥레이크빌 앞 (석촌호수 까페거리)
1210,롯데월드타워(잠실역2번출구 쪽),2608,송파구청
1210,롯데월드타워(잠실역2번출구 쪽),2610,여흥레이크빌 앞 (석촌호수 까페거리)
1210,롯데월드타워(잠실역2번출구 쪽),1269,리센츠아파트
1210,롯데월드타워(잠실역2번출구 쪽),2608,송파구청
1210,롯데월드타워(잠실역2번출구 쪽),2610,여흥레이크빌 앞 (석촌호수 까페거리)
1210,롯데월드타워(잠실역2번출구 쪽),2623,석촌동 주민센터
1210,롯데월드타워(잠실역2번출구 쪽),4868,레이크 호텔 앞
1210,롯데월드타워(잠실역2번출구 쪽),2610,여흥레이크빌 앞 (석촌호수 까페거리)
1210,롯데월드타워(잠실역2번출구 쪽),559,왕십리역 4번 출구 건너편
1210,롯데월드타워(잠실역2번출구 쪽),1268,몽촌토성역 1번출구 옆
1210,롯데월드타워(잠실역2번출구 쪽),1222,잠실새내역 5번 출구 뒤
1210,롯데월드타워(잠실역2번출구 쪽),4865,한성백제역 1번출구 뒤
1210,롯데월드타워(잠실역2번출구 쪽),2608,송파구청
1210,롯데월드타워(잠실역2번출구 쪽),1262,송파여성문화회관 앞
1210,롯데월드타워(잠실역2번출구 쪽),2618,삼전역 1번출구
1210,롯데월드타워(잠실역2번출구 쪽),1293,석촌호교차로 (스타벅스 앞)
1210,롯데월드타워(잠실역2번출구 쪽),1203,밀리아나2빌딩 앞
1210,롯데월드타워(잠실역2번출구 쪽),2623,석촌동 주민센터
1210,롯데월드타워(잠실역2번출구 쪽),4868,레이크 호텔 앞
1210,롯데월드타워(잠실역2번출구 쪽),2637,잠실월드 메르디앙
1210,롯데월드타워(잠실역2번출구 쪽),4868,레이크 호텔 앞
1210,롯데월드타워(잠실역2번출구 쪽),2610,여흥레이크빌 앞 (석촌호수 까페거리)
1210,롯데월드타워(잠실역2번출구 쪽),2613,잠실나들목
1210,롯데월드타워(잠실역2번출구 쪽),1231,잠실역 6번출구
1210,롯데월드타워(잠실역2번출구 쪽),1251,석촌역 2번출구
1210,롯데월드타워(잠실역2번출구 쪽),1215,올림픽공원역 1번출구 앞
1210,롯데월드타워(잠실역2번출구 쪽),1211,방이삼거리
1210,롯데월드타워(잠실역2번출구 쪽),2651,경찰병원역 3번출구 앞
1210,롯데월드타워(잠실역2번출구 쪽),2630,서울방이동 고분군
1210,롯데월드타워(잠실역2번출구 쪽),2630,서울방이동 고분군
1210,롯데월드타워(잠실역2번출구 쪽),2601,석촌호수 서호사거리
1210,롯데월드타워(잠실역2번출구 쪽),1251,석촌역 2번출구
1210,롯데월드타워(잠실역2번출구 쪽),1210,롯데월드타워(잠실역2번출구 쪽)
1210,롯데월드타워(잠실역2번출구 쪽),4865,한성백제역 1번출구 뒤
1210,롯데월드타워(잠실역2번출구 쪽),1262,송파여성문화회관 앞
1210,롯데월드타워(잠실역2번출구 쪽),4463,방이역 2번 출구
1210,롯데월드타워(잠실역2번출구 쪽),1295,잠실역 8번출구
1210,롯데월드타워(잠실역2번출구 쪽),1220,잠실본동주민센터뒤 잠실근린공원
1210,롯데월드타워(잠실역2번출구 쪽),1220,잠실본동주민센터뒤 잠실근린공원
1210,롯데월드타워(잠실역2번출구 쪽),2619,석촌고분역 4번출구
1210,롯데월드타워(잠실역2번출구 쪽),1211,방이삼거리
1210,롯데월드타워(잠실역2번출구 쪽),1211,방이삼거리
1210,롯데월드타워(잠실역2번출구 쪽),2608,송파구청
1210,롯데월드타워(잠실역2번출구 쪽),1269,리센츠아파트
1210,롯데월드타워(잠실역2번출구 쪽),2623,석촌동 주민센터
1210,롯데월드타워(잠실역2번출구 쪽),2623,석촌동 주민센터
1210,롯데월드타워(잠실역2번출구 쪽),2646,레이크펠리스101동앞
1210,롯데월드타워(잠실역2번출구 쪽),2601,석촌호수 서호사거리
1210,롯데월드타워(잠실역2번출구 쪽),2601,석촌호수 서호사거리
1210,롯데월드타워(잠실역2번출구 쪽),2601,석촌호수 서호사거리
1210,롯데월드타워(잠실역2번출구 쪽),2601,석촌호수 서호사거리
1210,롯데월드타워(잠실역2번출구 쪽),2601,석촌호수 서호사거리
1210,롯데월드타워(잠실역2번출구 쪽),2641,송파역 4번출구
1210,롯데월드타워(잠실역2번출구 쪽),1235,잠실트리지움310동 옆
1210,롯데월드타워(잠실역2번출구 쪽),2328,르네상스 호텔 사거리 역삼지하보도 7번출구 앞
1210,롯데월드타워(잠실역2번출구 쪽),2620,송파나루역 4번 출구옆
1210,롯데월드타워(잠실역2번출구 쪽),1211,방이삼거리
1210,롯데월드타워(잠실역2번출구 쪽),1222,잠실새내역 5번 출구 뒤
1210,롯데월드타워(잠실역2번출구 쪽),1222,잠실새내역 5번 출구 뒤
1210,롯데월드타워(잠실역2번출구 쪽),1211,방이삼거리
1210,롯데월드타워(잠실역2번출구 쪽),4865,한성백제역 1번출구 뒤
1210,롯데월드타워(잠실역2번출구 쪽),2637,잠실월드 메르디앙
1210,롯데월드타워(잠실역2번출구 쪽),1226,잠실4동 주민센터 옆
1210,롯데월드타워(잠실역2번출구 쪽),2623,석촌동 주민센터
1210,롯데월드타워(잠실역2번출구 쪽),2641,송파역 4번출구
1210,롯데월드타워(잠실역2번출구 쪽),2641,송파역 4번출구
1210,롯데월드타워(잠실역2번출구 쪽),2601,석촌호수 서호사거리
1210,롯데월드타워(잠실역2번출구 쪽),2608,송파구청
1210,롯데월드타워(잠실역2번출구 쪽),2649,오금공원사거리2
1210,롯데월드타워(잠실역2번출구 쪽),2620,송파나루역 4번 출구옆
1210,롯데월드타워(잠실역2번출구 쪽),1203,밀리아나2빌딩 앞
1210,롯데월드타워(잠실역2번출구 쪽),2610,여흥레이크빌 앞 (석촌호수 까페거리)
1210,롯데월드타워(잠실역2번출구 쪽),1293,석촌호교차로 (스타벅스 앞)
1210,롯데월드타워(잠실역2번출구 쪽),1297,석촌호수교차로(동호 팔각정 앞)
1210,롯데월드타워(잠실역2번출구 쪽),2620,송파나루역 4번 출구옆
1210,롯데월드타워(잠실역2번출구 쪽),1259,방이역 1번출구
1210,롯데월드타워(잠실역2번출구 쪽),1259,방이역 1번출구
1210,롯데월드타워(잠실역2번출구 쪽),4864,송파사거리
1210,롯데월드타워(잠실역2번출구 쪽),2630,서울방이동 고분군
1210,롯데월드타워(잠실역2번출구 쪽),2620,송파나루역 4번 출구옆
1210,롯데월드타워(잠실역2번출구 쪽),1208,풍납현대아파트쉼터
1210,롯데월드타워(잠실역2번출구 쪽),1204,거여역 3번출구
1210,롯데월드타워(잠실역2번출구 쪽),1224,아시아지하보도 2번 출구
1210,롯데월드타워(잠실역2번출구 쪽),1221,삼전사거리 포스코더샵
1210,롯데월드타워(잠실역2번출구 쪽),2601,석촌호수 서호사거리
1210,롯데월드타워(잠실역2번출구 쪽),2601,석촌호수 서호사거리
1210,롯데월드타워(잠실역2번출구 쪽),2601,석촌호수 서호사거리
1210,롯데월드타워(잠실역2번출구 쪽),1235,잠실트리지움310동 옆
1210,롯데월드타워(잠실역2번출구 쪽),1235,잠실트리지움310동 옆
1210,롯데월드타워(잠실역2번출구 쪽),2632,석촌고분역 2번 출구
1210,롯데월드타워(잠실역2번출구 쪽),1019,다성이즈빌아파트(호원대 대각선 맞은편)
1210,롯데월드타워(잠실역2번출구 쪽),1067,한영중고앞사거리
1210,롯데월드타워(잠실역2번출구 쪽),1071,명일근린공원공동체텃밭
1210,롯데월드타워(잠실역2번출구 쪽),2619,석촌고분역 4번출구
1210,롯데월드타워(잠실역2번출구 쪽),3520,광진경찰서
1210,롯데월드타워(잠실역2번출구 쪽),4868,레이크 호텔 앞
1210,롯데월드타워(잠실역2번출구 쪽),1211,방이삼거리
1210,롯데월드타워(잠실역2번출구 쪽),4865,한성백제역 1번출구 뒤
1210,롯데월드타워(잠실역2번출구 쪽),1275,거여초등학교 옆
1210,롯데월드타워(잠실역2번출구 쪽),2623,석촌동 주민센터
1210,롯데월드타워(잠실역2번출구 쪽),2646,레이크펠리스101동앞
1210,롯데월드타워(잠실역2번출구 쪽),2335,3호선 매봉역 3번출구앞
1210,롯데월드타워(잠실역2번출구 쪽),2646,레이크펠리스101동앞
1210,롯데월드타워(잠실역2번출구 쪽),2608,송파구청
1210,롯데월드타워(잠실역2번출구 쪽),1221,삼전사거리 포스코더샵
1210,롯데월드타워(잠실역2번출구 쪽),1211,방이삼거리
1210,롯데월드타워(잠실역2번출구 쪽),1229,송파체육문화회관 앞
1210,롯데월드타워(잠실역2번출구 쪽),1262,송파여성문화회관 앞
1210,롯데월드타워(잠실역2번출구 쪽),1268,몽촌토성역 1번출구 옆
1210,롯데월드타워(잠실역2번출구 쪽),1205,종합운동장역 4번출구
1210,롯데월드타워(잠실역2번출구 쪽),2620,송파나루역 4번 출구옆
1210,롯데월드타워(잠실역2번출구 쪽),4864,송파사거리
1210,롯데월드타워(잠실역2번출구 쪽),2601,석촌호수 서호사거리
1210,롯데월드타워(잠실역2번출구 쪽),1210,롯데월드타워(잠실역2번출구 쪽)
1210,롯데월드타워(잠실역2번출구 쪽),1235,잠실트리지움310동 옆
1210,롯데월드타워(잠실역2번출구 쪽),1218,방이역 4번출구
1210,롯데월드타워(잠실역2번출구 쪽),1222,잠실새내역 5번 출구 뒤
1210,롯데월드타워(잠실역2번출구 쪽),1211,방이삼거리
1210,롯데월드타워(잠실역2번출구 쪽),3528,광진정보도서관
1210,롯데월드타워(잠실역2번출구 쪽),2642,마천동 성내천 쉼터
1210,롯데월드타워(잠실역2번출구 쪽),1297,석촌호수교차로(동호 팔각정 앞)
1210,롯데월드타워(잠실역2번출구 쪽),1297,석촌호수교차로(동호 팔각정 앞)
1210,롯데월드타워(잠실역2번출구 쪽),1251,석촌역 2번출구
1210,롯데월드타워(잠실역2번출구 쪽),2610,여흥레이크빌 앞 (석촌호수 까페거리)
1210,롯데월드타워(잠실역2번출구 쪽),1220,잠실본동주민센터뒤 잠실근린공원
1210,롯데월드타워(잠실역2번출구 쪽),1203,밀리아나2빌딩 앞
1210,롯데월드타워(잠실역2번출구 쪽),1203,밀리아나2빌딩 앞
1210,롯데월드타워(잠실역2번출구 쪽),2608,송파구청
1210,롯데월드타워(잠실역2번출구 쪽),2608,송파구청
1210,롯데월드타워(잠실역2번출구 쪽),2639,석촌역 8번출구
1210,롯데월드타워(잠실역2번출구 쪽),1211,방이삼거리
1210,롯데월드타워(잠실역2번출구 쪽),4462,가락중학교 앞
1210,롯데월드타워(잠실역2번출구 쪽),2620,송파나루역 4번 출구옆
1210,롯데월드타워(잠실역2번출구 쪽),1262,송파여성문화회관 앞
1210,롯데월드타워(잠실역2번출구 쪽),1269,리센츠아파트
1210,롯데월드타워(잠실역2번출구 쪽),2632,석촌고분역 2번 출구
1210,롯데월드타워(잠실역2번출구 쪽),2632,석촌고분역 2번 출구
1210,롯데월드타워(잠실역2번출구 쪽),2610,여흥레이크빌 앞 (석촌호수 까페거리)
1210,롯데월드타워(잠실역2번출구 쪽),2632,석촌고분역 2번 출구
1210,롯데월드타워(잠실역2번출구 쪽),1245,문정 법조단지9
1210,롯데월드타워(잠실역2번출구 쪽),1211,방이삼거리
1210,롯데월드타워(잠실역2번출구 쪽),1220,잠실본동주민센터뒤 잠실근린공원
1210,롯데월드타워(잠실역2번출구 쪽),2653,올림픽공원사거리(선수촌아파트)
1210,롯데월드타워(잠실역2번출구 쪽),2635,잠실새내역 1번출구
1210,롯데월드타워(잠실역2번출구 쪽),1074,대명초교입구 사거리
1210,롯데월드타워(잠실역2번출구 쪽),1074,대명초교입구 사거리
1210,롯데월드타워(잠실역2번출구 쪽),2610,여흥레이크빌 앞 (석촌호수 까페거리)
1210,롯데월드타워(잠실역2번출구 쪽),2631,배명고등학교
1210,롯데월드타워(잠실역2번출구 쪽),4854,가락시장역 2번 출구
1210,롯데월드타워(잠실역2번출구 쪽),2613,잠실나들목
1210,롯데월드타워(잠실역2번출구 쪽),1251,석촌역 2번출구
1210,롯데월드타워(잠실역2번출구 쪽),1251,석촌역 2번출구
1210,롯데월드타워(잠실역2번출구 쪽),1222,잠실새내역 5번 출구 뒤
1210,롯데월드타워(잠실역2번출구 쪽),1210,롯데월드타워(잠실역2번출구 쪽)
1210,롯데월드타워(잠실역2번출구 쪽),1210,롯데월드타워(잠실역2번출구 쪽)
1210,롯데월드타워(잠실역2번출구 쪽),1206,9호선종합운동장역 9번출구
1210,롯데월드타워(잠실역2번출구 쪽),2608,송파구청
1210,롯데월드타워(잠실역2번출구 쪽),2635,잠실새내역 1번출구
1210,롯데월드타워(잠실역2번출구 쪽),2635,잠실새내역 1번출구
1210,롯데월드타워(잠실역2번출구 쪽),1295,잠실역 8번출구
1210,롯데월드타워(잠실역2번출구 쪽),1295,잠실역 8번출구
1210,롯데월드타워(잠실역2번출구 쪽),1222,잠실새내역 5번 출구 뒤
1210,롯데월드타워(잠실역2번출구 쪽),4868,레이크 호텔 앞
1210,롯데월드타워(잠실역2번출구 쪽),1265,문정동 근린공원
1210,롯데월드타워(잠실역2번출구 쪽),2626,"경찰병원역 1,2번 출구 사이"
1210,롯데월드타워(잠실역2번출구 쪽),4854,가락시장역 2번 출구
1210,롯데월드타워(잠실역2번출구 쪽),1060,천일초교 사거리
1210,롯데월드타워(잠실역2번출구 쪽),2633,송파학사 옆
1210,롯데월드타워(잠실역2번출구 쪽),1248,방이초등학교
1210,롯데월드타워(잠실역2번출구 쪽),2610,여흥레이크빌 앞 (석촌호수 까페거리)
1210,롯데월드타워(잠실역2번출구 쪽),561,서울숲역 2번출구 앞
1210,롯데월드타워(잠실역2번출구 쪽),1293,석촌호교차로 (스타벅스 앞)
1210,롯데월드타워(잠실역2번출구 쪽),1244,문정 법조단지8
1210,롯데월드타워(잠실역2번출구 쪽),2641,송파역 4번출구
1210,롯데월드타워(잠실역2번출구 쪽),1262,송파여성문화회관 앞
1210,롯데월드타워(잠실역2번출구 쪽),2610,여흥레이크빌 앞 (석촌호수 까페거리)
1210,롯데월드타워(잠실역2번출구 쪽),2623,석촌동 주민센터
1210,롯데월드타워(잠실역2번출구 쪽),1232,롯데마트 주차장 옆
1210,롯데월드타워(잠실역2번출구 쪽),2622,올림픽공원역 3번출구
1210,롯데월드타워(잠실역2번출구 쪽),3623,일원에코파크 앞(개포로 방면)
1210,롯데월드타워(잠실역2번출구 쪽),2610,여흥레이크빌 앞 (석촌호수 까페거리)
1210,롯데월드타워(잠실역2번출구 쪽),1293,석촌호교차로 (스타벅스 앞)
1210,롯데월드타워(잠실역2번출구 쪽),2317,삼성도로공원
1210,롯데월드타워(잠실역2번출구 쪽),1224,아시아지하보도 2번 출구
1210,롯데월드타워(잠실역2번출구 쪽),1224,아시아지하보도 2번 출구
1210,롯데월드타워(잠실역2번출구 쪽),1269,리센츠아파트
1210,롯데월드타워(잠실역2번출구 쪽),2610,여흥레이크빌 앞 (석촌호수 까페거리)
1210,롯데월드타워(잠실역2번출구 쪽),2632,석촌고분역 2번 출구
1210,롯데월드타워(잠실역2번출구 쪽),1297,석촌호수교차로(동호 팔각정 앞)
1210,롯데월드타워(잠실역2번출구 쪽),2623,석촌동 주민센터
1210,롯데월드타워(잠실역2번출구 쪽),1293,석촌호교차로 (스타벅스 앞)
1210,롯데월드타워(잠실역2번출구 쪽),1235,잠실트리지움310동 옆
1210,롯데월드타워(잠실역2번출구 쪽),1262,송파여성문화회관 앞
1210,롯데월드타워(잠실역2번출구 쪽),1211,방이삼거리
1210,롯데월드타워(잠실역2번출구 쪽),1211,방이삼거리
1210,롯데월드타워(잠실역2번출구 쪽),2610,여흥레이크빌 앞 (석촌호수 까페거리)
1210,롯데월드타워(잠실역2번출구 쪽),1084,윤선생빌딩(JYP사옥)
1210,롯데월드타워(잠실역2번출구 쪽),1212,송파역 2번 출구앞
1210,롯데월드타워(잠실역2번출구 쪽),2642,마천동 성내천 쉼터
1210,롯데월드타워(잠실역2번출구 쪽),4860,가락쌍용2차아파트 103동
1210,롯데월드타워(잠실역2번출구 쪽),1211,방이삼거리
1210,롯데월드타워(잠실역2번출구 쪽),2608,송파구청
1210,롯데월드타워(잠실역2번출구 쪽),1251,석촌역 2번출구
1210,롯데월드타워(잠실역2번출구 쪽),2632,석촌고분역 2번 출구
1210,롯데월드타워(잠실역2번출구 쪽),1293,석촌호교차로 (스타벅스 앞)
1210,롯데월드타워(잠실역2번출구 쪽),1224,아시아지하보도 2번 출구
1210,롯데월드타워(잠실역2번출구 쪽),4868,레이크 호텔 앞
1210,롯데월드타워(잠실역2번출구 쪽),1047,건강보험 강동지사kt
1210,롯데월드타워(잠실역2번출구 쪽),1297,석촌호수교차로(동호 팔각정 앞)
1210,롯데월드타워(잠실역2번출구 쪽),1293,석촌호교차로 (스타벅스 앞)
1210,롯데월드타워(잠실역2번출구 쪽),1203,밀리아나2빌딩 앞
1210,롯데월드타워(잠실역2번출구 쪽),2628,문정역 1번출구
1210,롯데월드타워(잠실역2번출구 쪽),1028,포레스 주상복합 빌딩
1210,롯데월드타워(잠실역2번출구 쪽),2610,여흥레이크빌 앞 (석촌호수 까페거리)
1210,롯데월드타워(잠실역2번출구 쪽),2610,여흥레이크빌 앞 (석촌호수 까페거리)
1210,롯데월드타워(잠실역2번출구 쪽),2601,석촌호수 서호사거리
1210,롯데월드타워(잠실역2번출구 쪽),1210,롯데월드타워(잠실역2번출구 쪽)
1210,롯데월드타워(잠실역2번출구 쪽),2223,방배래미안 정문 앞
1210,롯데월드타워(잠실역2번출구 쪽),2610,여흥레이크빌 앞 (석촌호수 까페거리)
1210,롯데월드타워(잠실역2번출구 쪽),1211,방이삼거리
1210,롯데월드타워(잠실역2번출구 쪽),2610,여흥레이크빌 앞 (석촌호수 까페거리)
1210,롯데월드타워(잠실역2번출구 쪽),2608,송파구청
1210,롯데월드타워(잠실역2번출구 쪽),1211,방이삼거리
1210,롯데월드타워(잠실역2번출구 쪽),2317,삼성도로공원
1210,롯데월드타워(잠실역2번출구 쪽),2619,석촌고분역 4번출구
1210,롯데월드타워(잠실역2번출구 쪽),1248,방이초등학교
1210,롯데월드타워(잠실역2번출구 쪽),2608,송파구청
1210,롯데월드타워(잠실역2번출구 쪽),1277,오금동 송파 참병원
1210,롯데월드타워(잠실역2번출구 쪽),2610,여흥레이크빌 앞 (석촌호수 까페거리)
1210,롯데월드타워(잠실역2번출구 쪽),2601,석촌호수 서호사거리
1210,롯데월드타워(잠실역2번출구 쪽),2608,송파구청
1210,롯데월드타워(잠실역2번출구 쪽),2608,송파구청
1210,롯데월드타워(잠실역2번출구 쪽),2621,한성백제역 2번 출구
1210,롯데월드타워(잠실역2번출구 쪽),1297,석촌호수교차로(동호 팔각정 앞)
1210,롯데월드타워(잠실역2번출구 쪽),1211,방이삼거리
1210,롯데월드타워(잠실역2번출구 쪽),2610,여흥레이크빌 앞 (석촌호수 까페거리)
1210,롯데월드타워(잠실역2번출구 쪽),2610,여흥레이크빌 앞 (석촌호수 까페거리)
1210,롯데월드타워(잠실역2번출구 쪽),2610,여흥레이크빌 앞 (석촌호수 까페거리)
1210,롯데월드타워(잠실역2번출구 쪽),1211,방이삼거리
1210,롯데월드타워(잠실역2번출구 쪽),1293,석촌호교차로 (스타벅스 앞)
1210,롯데월드타워(잠실역2번출구 쪽),2610,여흥레이크빌 앞 (석촌호수 까페거리)
1210,롯데월드타워(잠실역2번출구 쪽),1297,석촌호수교차로(동호 팔각정 앞)
1210,롯데월드타워(잠실역2번출구 쪽),2610,여흥레이크빌 앞 (석촌호수 까페거리)
1210,롯데월드타워(잠실역2번출구 쪽),2610,여흥레이크빌 앞 (석촌호수 까페거리)
1210,롯데월드타워(잠실역2번출구 쪽),1211,방이삼거리
1210,롯데월드타워(잠실역2번출구 쪽),2610,여흥레이크빌 앞 (석촌호수 까페거리)
1210,롯데월드타워(잠실역2번출구 쪽),2610,여흥레이크빌 앞 (석촌호수 까페거리)
1210,롯데월드타워(잠실역2번출구 쪽),2601,석촌호수 서호사거리
1210,롯데월드타워(잠실역2번출구 쪽),1222,잠실새내역 5번 출구 뒤
1210,롯데월드타워(잠실역2번출구 쪽),1221,삼전사거리 포스코더샵
1210,롯데월드타워(잠실역2번출구 쪽),4868,레이크 호텔 앞
1210,롯데월드타워(잠실역2번출구 쪽),1210,롯데월드타워(잠실역2번출구 쪽)
1210,롯데월드타워(잠실역2번출구 쪽),2639,석촌역 8번출구
1210,롯데월드타워(잠실역2번출구 쪽),1232,롯데마트 주차장 옆
1210,롯데월드타워(잠실역2번출구 쪽),1201,가락시장역 3번 출구
1210,롯데월드타워(잠실역2번출구 쪽),1222,잠실새내역 5번 출구 뒤
1210,롯데월드타워(잠실역2번출구 쪽),1211,방이삼거리
1210,롯데월드타워(잠실역2번출구 쪽),1211,방이삼거리
1210,롯데월드타워(잠실역2번출구 쪽),2610,여흥레이크빌 앞 (석촌호수 까페거리)
1210,롯데월드타워(잠실역2번출구 쪽),2601,석촌호수 서호사거리
1210,롯데월드타워(잠실역2번출구 쪽),1295,잠실역 8번출구
1210,롯데월드타워(잠실역2번출구 쪽),2613,잠실나들목
1210,롯데월드타워(잠실역2번출구 쪽),1300,오륜사거리
1210,롯데월드타워(잠실역2번출구 쪽),1013,강동구청역 1번 출입구
1210,롯데월드타워(잠실역2번출구 쪽),1251,석촌역 2번출구
1210,롯데월드타워(잠실역2번출구 쪽),2601,석촌호수 서호사거리
1210,롯데월드타워(잠실역2번출구 쪽),4496,잠실 파크리오 120동 앞
1210,롯데월드타워(잠실역2번출구 쪽),2608,송파구청
1210,롯데월드타워(잠실역2번출구 쪽),2608,송파구청
1210,롯데월드타워(잠실역2번출구 쪽),1211,방이삼거리
1210,롯데월드타워(잠실역2번출구 쪽),4865,한성백제역 1번출구 뒤
1210,롯데월드타워(잠실역2번출구 쪽),2619,석촌고분역 4번출구
1210,롯데월드타워(잠실역2번출구 쪽),1211,방이삼거리
1210,롯데월드타워(잠실역2번출구 쪽),2611,송파지역자활센터 뒤
1210,롯데월드타워(잠실역2번출구 쪽),4865,한성백제역 1번출구 뒤
1210,롯데월드타워(잠실역2번출구 쪽),4856,올림픽공원 서1문 앞
1210,롯데월드타워(잠실역2번출구 쪽),2509,KT반포지사
1210,롯데월드타워(잠실역2번출구 쪽),1060,천일초교 사거리
1210,롯데월드타워(잠실역2번출구 쪽),2610,여흥레이크빌 앞 (석촌호수 까페거리)
1210,롯데월드타워(잠실역2번출구 쪽),2610,여흥레이크빌 앞 (석촌호수 까페거리)
1210,롯데월드타워(잠실역2번출구 쪽),1295,잠실역 8번출구
1210,롯데월드타워(잠실역2번출구 쪽),4868,레이크 호텔 앞
1210,롯데월드타워(잠실역2번출구 쪽),1222,잠실새내역 5번 출구 뒤
1210,롯데월드타워(잠실역2번출구 쪽),1222,잠실새내역 5번 출구 뒤
1210,롯데월드타워(잠실역2번출구 쪽),1228,마천사거리
1210,롯데월드타워(잠실역2번출구 쪽),4865,한성백제역 1번출구 뒤
1210,롯데월드타워(잠실역2번출구 쪽),1293,석촌호교차로 (스타벅스 앞)
1210,롯데월드타워(잠실역2번출구 쪽),4868,레이크 호텔 앞
1210,롯데월드타워(잠실역2번출구 쪽),4486,홈플러스 잠실점
1210,롯데월드타워(잠실역2번출구 쪽),1251,석촌역 2번출구
1210,롯데월드타워(잠실역2번출구 쪽),1030,미호 플랜트 앞
1210,롯데월드타워(잠실역2번출구 쪽),2632,석촌고분역 2번 출구
1210,롯데월드타워(잠실역2번출구 쪽),1264,천호역 10번 출구 앞
1210,롯데월드타워(잠실역2번출구 쪽),1251,석촌역 2번출구
1210,롯데월드타워(잠실역2번출구 쪽),2639,석촌역 8번출구
1210,롯데월드타워(잠실역2번출구 쪽),2610,여흥레이크빌 앞 (석촌호수 까페거리)
1210,롯데월드타워(잠실역2번출구 쪽),1232,롯데마트 주차장 옆
1210,롯데월드타워(잠실역2번출구 쪽),1211,방이삼거리
1210,롯데월드타워(잠실역2번출구 쪽),4868,레이크 호텔 앞
1210,롯데월드타워(잠실역2번출구 쪽),1211,방이삼거리
1210,롯데월드타워(잠실역2번출구 쪽),1211,방이삼거리
1210,롯데월드타워(잠실역2번출구 쪽),1211,방이삼거리
1210,롯데월드타워(잠실역2번출구 쪽),2625,가락1동 주민센터
1210,롯데월드타워(잠실역2번출구 쪽),1224,아시아지하보도 2번 출구
1210,롯데월드타워(잠실역2번출구 쪽),1262,송파여성문화회관 앞
1210,롯데월드타워(잠실역2번출구 쪽),2620,송파나루역 4번 출구옆
1210,롯데월드타워(잠실역2번출구 쪽),2610,여흥레이크빌 앞 (석촌호수 까페거리)
1210,롯데월드타워(잠실역2번출구 쪽),1008,암사역 3번출구(국민은행앞)
1210,롯데월드타워(잠실역2번출구 쪽),1008,암사역 3번출구(국민은행앞)
1210,롯데월드타워(잠실역2번출구 쪽),2652,송파 레미니스1단지 102동 앞
1210,롯데월드타워(잠실역2번출구 쪽),2619,석촌고분역 4번출구
1210,롯데월드타워(잠실역2번출구 쪽),2622,올림픽공원역 3번출구
1210,롯데월드타워(잠실역2번출구 쪽),4865,한성백제역 1번출구 뒤
1210,롯데월드타워(잠실역2번출구 쪽),2608,송파구청
1210,롯데월드타워(잠실역2번출구 쪽),2635,잠실새내역 1번출구
1210,롯데월드타워(잠실역2번출구 쪽),1275,거여초등학교 옆
1210,롯데월드타워(잠실역2번출구 쪽),4868,레이크 호텔 앞
1210,롯데월드타워(잠실역2번출구 쪽),1297,석촌호수교차로(동호 팔각정 앞)
1210,롯데월드타워(잠실역2번출구 쪽),1211,방이삼거리
1210,롯데월드타워(잠실역2번출구 쪽),4864,송파사거리
1210,롯데월드타워(잠실역2번출구 쪽),2262,한신16차아파트 119동 앞
1210,롯데월드타워(잠실역2번출구 쪽),2619,석촌고분역 4번출구
1210,롯데월드타워(잠실역2번출구 쪽),2317,삼성도로공원
1210,롯데월드타워(잠실역2번출구 쪽),2601,석촌호수 서호사거리
1210,롯데월드타워(잠실역2번출구 쪽),2632,석촌고분역 2번 출구
1210,롯데월드타워(잠실역2번출구 쪽),2623,석촌동 주민센터
1210,롯데월드타워(잠실역2번출구 쪽),1050,둔촌역 3번 출입구
1210,롯데월드타워(잠실역2번출구 쪽),2619,석촌고분역 4번출구
1210,롯데월드타워(잠실역2번출구 쪽),1260,방이동 한양3차아파트 옆
1210,롯데월드타워(잠실역2번출구 쪽),2635,잠실새내역 1번출구
1210,롯데월드타워(잠실역2번출구 쪽),2601,석촌호수 서호사거리
1210,롯데월드타워(잠실역2번출구 쪽),1222,잠실새내역 5번 출구 뒤
1210,롯데월드타워(잠실역2번출구 쪽),1203,밀리아나2빌딩 앞
1210,롯데월드타워(잠실역2번출구 쪽),2648,헬리오시티 112동 앞
1210,롯데월드타워(잠실역2번출구 쪽),1210,롯데월드타워(잠실역2번출구 쪽)
1210,롯데월드타워(잠실역2번출구 쪽),1212,송파역 2번 출구앞
1210,롯데월드타워(잠실역2번출구 쪽),4860,가락쌍용2차아파트 103동
1210,롯데월드타워(잠실역2번출구 쪽),2601,석촌호수 서호사거리
1210,롯데월드타워(잠실역2번출구 쪽),2601,석촌호수 서호사거리
1210,롯데월드타워(잠실역2번출구 쪽),2608,송파구청
1210,롯데월드타워(잠실역2번출구 쪽),1211,방이삼거리
1210,롯데월드타워(잠실역2번출구 쪽),1210,롯데월드타워(잠실역2번출구 쪽)
1210,롯데월드타워(잠실역2번출구 쪽),2620,송파나루역 4번 출구옆
1210,롯데월드타워(잠실역2번출구 쪽),2635,잠실새내역 1번출구
1210,롯데월드타워(잠실역2번출구 쪽),1262,송파여성문화회관 앞
1210,롯데월드타워(잠실역2번출구 쪽),2620,송파나루역 4번 출구옆
1210,롯데월드타워(잠실역2번출구 쪽),2647,잠실 자전거 수리센터 앞
1210,롯데월드타워(잠실역2번출구 쪽),2610,여흥레이크빌 앞 (석촌호수 까페거리)
1210,롯데월드타워(잠실역2번출구 쪽),2610,여흥레이크빌 앞 (석촌호수 까페거리)
1210,롯데월드타워(잠실역2번출구 쪽),2639,석촌역 8번출구
1210,롯데월드타워(잠실역2번출구 쪽),1211,방이삼거리
1210,롯데월드타워(잠실역2번출구 쪽),2608,송파구청
1210,롯데월드타워(잠실역2번출구 쪽),1269,리센츠아파트
1210,롯데월드타워(잠실역2번출구 쪽),2623,석촌동 주민센터
1210,롯데월드타워(잠실역2번출구 쪽),1222,잠실새내역 5번 출구 뒤
1210,롯데월드타워(잠실역2번출구 쪽),1297,석촌호수교차로(동호 팔각정 앞)
1210,롯데월드타워(잠실역2번출구 쪽),2630,서울방이동 고분군
1210,롯데월드타워(잠실역2번출구 쪽),1289,풍납동 자전거보관소
1210,롯데월드타워(잠실역2번출구 쪽),1293,석촌호교차로 (스타벅스 앞)
1210,롯데월드타워(잠실역2번출구 쪽),1011,LIGA 아파트 앞
1210,롯데월드타워(잠실역2번출구 쪽),2605,복정역 1번 출구 앞
1210,롯데월드타워(잠실역2번출구 쪽),1293,석촌호교차로 (스타벅스 앞)
1210,롯데월드타워(잠실역2번출구 쪽),1210,롯데월드타워(잠실역2번출구 쪽)
1210,롯데월드타워(잠실역2번출구 쪽),1233,잠실3거리(갤러리아팰리스)
1210,롯데월드타워(잠실역2번출구 쪽),1211,방이삼거리
1210,롯데월드타워(잠실역2번출구 쪽),2601,석촌호수 서호사거리
1210,롯데월드타워(잠실역2번출구 쪽),1244,문정 법조단지8
1210,롯데월드타워(잠실역2번출구 쪽),3575,자양사거리 (LG 유플러스)
1210,롯데월드타워(잠실역2번출구 쪽),1235,잠실트리지움310동 옆
1210,롯데월드타워(잠실역2번출구 쪽),1211,방이삼거리
1210,롯데월드타워(잠실역2번출구 쪽),3571,화양 APT(횡단보도 옆)
1210,롯데월드타워(잠실역2번출구 쪽),1002,해공공원(천호동)
1210,롯데월드타워(잠실역2번출구 쪽),1235,잠실트리지움310동 옆
1210,롯데월드타워(잠실역2번출구 쪽),1267,올림픽공원 남2문 앞
1210,롯데월드타워(잠실역2번출구 쪽),2619,석촌고분역 4번출구
1210,롯데월드타워(잠실역2번출구 쪽),2608,송파구청
1210,롯데월드타워(잠실역2번출구 쪽),1211,방이삼거리
1210,롯데월드타워(잠실역2번출구 쪽),2620,송파나루역 4번 출구옆
1210,롯데월드타워(잠실역2번출구 쪽),1232,롯데마트 주차장 옆
1210,롯데월드타워(잠실역2번출구 쪽),1293,석촌호교차로 (스타벅스 앞)
1210,롯데월드타워(잠실역2번출구 쪽),1262,송파여성문화회관 앞
1210,롯데월드타워(잠실역2번출구 쪽),2630,서울방이동 고분군
1210,롯데월드타워(잠실역2번출구 쪽),2656,풍납동 아이파크 107동 앞
1210,롯데월드타워(잠실역2번출구 쪽),2601,석촌호수 서호사거리
1210,롯데월드타워(잠실역2번출구 쪽),1248,방이초등학교
1210,롯데월드타워(잠실역2번출구 쪽),2619,석촌고분역 4번출구
1210,롯데월드타워(잠실역2번출구 쪽),2601,석촌호수 서호사거리
1210,롯데월드타워(잠실역2번출구 쪽),1211,방이삼거리
1210,롯데월드타워(잠실역2번출구 쪽),2610,여흥레이크빌 앞 (석촌호수 까페거리)
1210,롯데월드타워(잠실역2번출구 쪽),1297,석촌호수교차로(동호 팔각정 앞)
1210,롯데월드타워(잠실역2번출구 쪽),1277,오금동 송파 참병원
1210,롯데월드타워(잠실역2번출구 쪽),1211,방이삼거리
1210,롯데월드타워(잠실역2번출구 쪽),2621,한성백제역 2번 출구
1210,롯데월드타워(잠실역2번출구 쪽),2608,송파구청
1210,롯데월드타워(잠실역2번출구 쪽),2608,송파구청
1210,롯데월드타워(잠실역2번출구 쪽),1260,방이동 한양3차아파트 옆
1210,롯데월드타워(잠실역2번출구 쪽),1296,석촌호수교차로 (송파나루근린공원 앞)
1210,롯데월드타워(잠실역2번출구 쪽),2608,송파구청
1210,롯데월드타워(잠실역2번출구 쪽),2608,송파구청
1210,롯데월드타워(잠실역2번출구 쪽),2610,여흥레이크빌 앞 (석촌호수 까페거리)
1210,롯데월드타워(잠실역2번출구 쪽),1211,방이삼거리
1210,롯데월드타워(잠실역2번출구 쪽),2610,여흥레이크빌 앞 (석촌호수 까페거리)
1210,롯데월드타워(잠실역2번출구 쪽),2610,여흥레이크빌 앞 (석촌호수 까페거리)
1210,롯데월드타워(잠실역2번출구 쪽),1226,잠실4동 주민센터 옆
1210,롯데월드타워(잠실역2번출구 쪽),1211,방이삼거리
1210,롯데월드타워(잠실역2번출구 쪽),2610,여흥레이크빌 앞 (석촌호수 까페거리)
1210,롯데월드타워(잠실역2번출구 쪽),2601,석촌호수 서호사거리
1210,롯데월드타워(잠실역2번출구 쪽),1297,석촌호수교차로(동호 팔각정 앞)
1210,롯데월드타워(잠실역2번출구 쪽),1211,방이삼거리
1210,롯데월드타워(잠실역2번출구 쪽),2610,여흥레이크빌 앞 (석촌호수 까페거리)
1210,롯데월드타워(잠실역2번출구 쪽),1211,방이삼거리
1210,롯데월드타워(잠실역2번출구 쪽),2348,포스코사거리(기업은행)
1210,롯데월드타워(잠실역2번출구 쪽),4865,한성백제역 1번출구 뒤
1210,롯데월드타워(잠실역2번출구 쪽),2610,여흥레이크빌 앞 (석촌호수 까페거리)
1210,롯데월드타워(잠실역2번출구 쪽),1226,잠실4동 주민센터 옆
1210,롯데월드타워(잠실역2번출구 쪽),2646,레이크펠리스101동앞
1210,롯데월드타워(잠실역2번출구 쪽),4865,한성백제역 1번출구 뒤
1210,롯데월드타워(잠실역2번출구 쪽),2610,여흥레이크빌 앞 (석촌호수 까페거리)
1210,롯데월드타워(잠실역2번출구 쪽),2620,송파나루역 4번 출구옆
1210,롯데월드타워(잠실역2번출구 쪽),2603,송파 글마루 도서관
1210,롯데월드타워(잠실역2번출구 쪽),2608,송파구청
1210,롯데월드타워(잠실역2번출구 쪽),4868,레이크 호텔 앞
1210,롯데월드타워(잠실역2번출구 쪽),1262,송파여성문화회관 앞
1210,롯데월드타워(잠실역2번출구 쪽),1210,롯데월드타워(잠실역2번출구 쪽)
1210,롯데월드타워(잠실역2번출구 쪽),1210,롯데월드타워(잠실역2번출구 쪽)
1210,롯데월드타워(잠실역2번출구 쪽),1262,송파여성문화회관 앞
1210,롯데월드타워(잠실역2번출구 쪽),1210,롯데월드타워(잠실역2번출구 쪽)
1210,롯데월드타워(잠실역2번출구 쪽),1211,방이삼거리
1210,롯데월드타워(잠실역2번출구 쪽),2637,잠실월드 메르디앙
1210,롯데월드타워(잠실역2번출구 쪽),1210,롯데월드타워(잠실역2번출구 쪽)
1210,롯데월드타워(잠실역2번출구 쪽),1267,올림픽공원 남2문 앞
1210,롯데월드타워(잠실역2번출구 쪽),1293,석촌호교차로 (스타벅스 앞)
1210,롯데월드타워(잠실역2번출구 쪽),1297,석촌호수교차로(동호 팔각정 앞)
1210,롯데월드타워(잠실역2번출구 쪽),2610,여흥레이크빌 앞 (석촌호수 까페거리)
1210,롯데월드타워(잠실역2번출구 쪽),2608,송파구청
1210,롯데월드타워(잠실역2번출구 쪽),2653,올림픽공원사거리(선수촌아파트)
1210,롯데월드타워(잠실역2번출구 쪽),1295,잠실역 8번출구
1210,롯데월드타워(잠실역2번출구 쪽),1295,잠실역 8번출구
1210,롯데월드타워(잠실역2번출구 쪽),2601,석촌호수 서호사거리
1210,롯데월드타워(잠실역2번출구 쪽),4484,잠실나루역4번출구뒤
1210,롯데월드타워(잠실역2번출구 쪽),4868,레이크 호텔 앞
1210,롯데월드타워(잠실역2번출구 쪽),1210,롯데월드타워(잠실역2번출구 쪽)
1210,롯데월드타워(잠실역2번출구 쪽),1293,석촌호교차로 (스타벅스 앞)
1210,롯데월드타워(잠실역2번출구 쪽),4452,삼성SDS
1210,롯데월드타워(잠실역2번출구 쪽),1030,미호 플랜트 앞
1210,롯데월드타워(잠실역2번출구 쪽),1235,잠실트리지움310동 옆
1210,롯데월드타워(잠실역2번출구 쪽),1222,잠실새내역 5번 출구 뒤
1210,롯데월드타워(잠실역2번출구 쪽),1293,석촌호교차로 (스타벅스 앞)
1210,롯데월드타워(잠실역2번출구 쪽),1211,방이삼거리
1210,롯데월드타워(잠실역2번출구 쪽),1268,몽촌토성역 1번출구 옆
1210,롯데월드타워(잠실역2번출구 쪽),1268,몽촌토성역 1번출구 옆
1210,롯데월드타워(잠실역2번출구 쪽),2601,석촌호수 서호사거리
1210,롯데월드타워(잠실역2번출구 쪽),2646,레이크펠리스101동앞
1210,롯데월드타워(잠실역2번출구 쪽),2631,배명고등학교
1210,롯데월드타워(잠실역2번출구 쪽),2610,여흥레이크빌 앞 (석촌호수 까페거리)
1210,롯데월드타워(잠실역2번출구 쪽),2610,여흥레이크빌 앞 (석촌호수 까페거리)
1210,롯데월드타워(잠실역2번출구 쪽),1060,천일초교 사거리
1210,롯데월드타워(잠실역2번출구 쪽),2619,석촌고분역 4번출구
1210,롯데월드타워(잠실역2번출구 쪽),2601,석촌호수 서호사거리
1210,롯데월드타워(잠실역2번출구 쪽),2619,석촌고분역 4번출구
1210,롯데월드타워(잠실역2번출구 쪽),1210,롯데월드타워(잠실역2번출구 쪽)
1210,롯데월드타워(잠실역2번출구 쪽),2610,여흥레이크빌 앞 (석촌호수 까페거리)
1210,롯데월드타워(잠실역2번출구 쪽),2610,여흥레이크빌 앞 (석촌호수 까페거리)
1210,롯데월드타워(잠실역2번출구 쪽),1211,방이삼거리
1210,롯데월드타워(잠실역2번출구 쪽),4868,레이크 호텔 앞
1210,롯데월드타워(잠실역2번출구 쪽),2332,선릉역3번출구
1210,롯데월드타워(잠실역2번출구 쪽),2610,여흥레이크빌 앞 (석촌호수 까페거리)
1210,롯데월드타워(잠실역2번출구 쪽),2646,레이크펠리스101동앞
1210,롯데월드타워(잠실역2번출구 쪽),4864,송파사거리
1210,롯데월드타워(잠실역2번출구 쪽),2619,석촌고분역 4번출구
1210,롯데월드타워(잠실역2번출구 쪽),2641,송파역 4번출구
1210,롯데월드타워(잠실역2번출구 쪽),4868,레이크 호텔 앞
1210,롯데월드타워(잠실역2번출구 쪽),1050,둔촌역 3번 출입구
1210,롯데월드타워(잠실역2번출구 쪽),1275,거여초등학교 옆
1210,롯데월드타워(잠실역2번출구 쪽),2610,여흥레이크빌 앞 (석촌호수 까페거리)
1210,롯데월드타워(잠실역2번출구 쪽),2637,잠실월드 메르디앙
1210,롯데월드타워(잠실역2번출구 쪽),2639,석촌역 8번출구
1210,롯데월드타워(잠실역2번출구 쪽),2610,여흥레이크빌 앞 (석촌호수 까페거리)
1210,롯데월드타워(잠실역2번출구 쪽),1077,강동역 1번출구 앞
1210,롯데월드타워(잠실역2번출구 쪽),1297,석촌호수교차로(동호 팔각정 앞)
1210,롯데월드타워(잠실역2번출구 쪽),4865,한성백제역 1번출구 뒤
1210,롯데월드타워(잠실역2번출구 쪽),2317,삼성도로공원
1210,롯데월드타워(잠실역2번출구 쪽),1293,석촌호교차로 (스타벅스 앞)
1210,롯데월드타워(잠실역2번출구 쪽),1293,석촌호교차로 (스타벅스 앞)
1210,롯데월드타워(잠실역2번출구 쪽),1293,석촌호교차로 (스타벅스 앞)
1210,롯데월드타워(잠실역2번출구 쪽),1244,문정 법조단지8
1210,롯데월드타워(잠실역2번출구 쪽),1211,방이삼거리
1210,롯데월드타워(잠실역2번출구 쪽),2620,송파나루역 4번 출구옆
1210,롯데월드타워(잠실역2번출구 쪽),1220,잠실본동주민센터뒤 잠실근린공원
1210,롯데월드타워(잠실역2번출구 쪽),2423,영희초교 사거리(래미안개포루체하임)
1210,롯데월드타워(잠실역2번출구 쪽),2623,석촌동 주민센터
1210,롯데월드타워(잠실역2번출구 쪽),1226,잠실4동 주민센터 옆
1210,롯데월드타워(잠실역2번출구 쪽),2623,석촌동 주민센터
1210,롯데월드타워(잠실역2번출구 쪽),1269,리센츠아파트
1210,롯데월드타워(잠실역2번출구 쪽),2648,헬리오시티 112동 앞
1210,롯데월드타워(잠실역2번출구 쪽),2651,경찰병원역 3번출구 앞
1210,롯데월드타워(잠실역2번출구 쪽),4864,송파사거리
1210,롯데월드타워(잠실역2번출구 쪽),1211,방이삼거리
1210,롯데월드타워(잠실역2번출구 쪽),4864,송파사거리
1210,롯데월드타워(잠실역2번출구 쪽),3571,화양 APT(횡단보도 옆)
1210,롯데월드타워(잠실역2번출구 쪽),2613,잠실나들목
1210,롯데월드타워(잠실역2번출구 쪽),2620,송파나루역 4번 출구옆
1210,롯데월드타워(잠실역2번출구 쪽),1293,석촌호교차로 (스타벅스 앞)
1210,롯데월드타워(잠실역2번출구 쪽),2620,송파나루역 4번 출구옆
1210,롯데월드타워(잠실역2번출구 쪽),2610,여흥레이크빌 앞 (석촌호수 까페거리)
1210,롯데월드타워(잠실역2번출구 쪽),2619,석촌고분역 4번출구
1210,롯데월드타워(잠실역2번출구 쪽),2601,석촌호수 서호사거리
1210,롯데월드타워(잠실역2번출구 쪽),1293,석촌호교차로 (스타벅스 앞)
1210,롯데월드타워(잠실역2번출구 쪽),1277,오금동 송파 참병원
1210,롯데월드타워(잠실역2번출구 쪽),1248,방이초등학교
1210,롯데월드타워(잠실역2번출구 쪽),2610,여흥레이크빌 앞 (석촌호수 까페거리)
1210,롯데월드타워(잠실역2번출구 쪽),2646,레이크펠리스101동앞
1210,롯데월드타워(잠실역2번출구 쪽),1297,석촌호수교차로(동호 팔각정 앞)
1210,롯데월드타워(잠실역2번출구 쪽),1211,방이삼거리
1210,롯데월드타워(잠실역2번출구 쪽),1297,석촌호수교차로(동호 팔각정 앞)
1210,롯데월드타워(잠실역2번출구 쪽),2608,송파구청
1210,롯데월드타워(잠실역2번출구 쪽),2608,송파구청
1210,롯데월드타워(잠실역2번출구 쪽),1211,방이삼거리
1210,롯데월드타워(잠실역2번출구 쪽),2630,서울방이동 고분군
1210,롯데월드타워(잠실역2번출구 쪽),2608,송파구청
1210,롯데월드타워(잠실역2번출구 쪽),2610,여흥레이크빌 앞 (석촌호수 까페거리)
1210,롯데월드타워(잠실역2번출구 쪽),2608,송파구청
1210,롯데월드타워(잠실역2번출구 쪽),1211,방이삼거리
1210,롯데월드타워(잠실역2번출구 쪽),4865,한성백제역 1번출구 뒤
1210,롯데월드타워(잠실역2번출구 쪽),1211,방이삼거리
1210,롯데월드타워(잠실역2번출구 쪽),2610,여흥레이크빌 앞 (석촌호수 까페거리)
1210,롯데월드타워(잠실역2번출구 쪽),4868,레이크 호텔 앞
1210,롯데월드타워(잠실역2번출구 쪽),2610,여흥레이크빌 앞 (석촌호수 까페거리)
1210,롯데월드타워(잠실역2번출구 쪽),2639,석촌역 8번출구
1210,롯데월드타워(잠실역2번출구 쪽),2610,여흥레이크빌 앞 (석촌호수 까페거리)
1210,롯데월드타워(잠실역2번출구 쪽),4865,한성백제역 1번출구 뒤
1210,롯데월드타워(잠실역2번출구 쪽),4865,한성백제역 1번출구 뒤
1210,롯데월드타워(잠실역2번출구 쪽),2641,송파역 4번출구
1210,롯데월드타워(잠실역2번출구 쪽),1211,방이삼거리
1210,롯데월드타워(잠실역2번출구 쪽),2632,석촌고분역 2번 출구
1210,롯데월드타워(잠실역2번출구 쪽),2610,여흥레이크빌 앞 (석촌호수 까페거리)
1210,롯데월드타워(잠실역2번출구 쪽),1253,오금역 3번 출구 뒤
1210,롯데월드타워(잠실역2번출구 쪽),2608,송파구청
1210,롯데월드타워(잠실역2번출구 쪽),1211,방이삼거리
1210,롯데월드타워(잠실역2번출구 쪽),2646,레이크펠리스101동앞
1210,롯데월드타워(잠실역2번출구 쪽),1201,가락시장역 3번 출구
1210,롯데월드타워(잠실역2번출구 쪽),4859,잠실나루 나들목
1210,롯데월드타워(잠실역2번출구 쪽),2623,석촌동 주민센터
1210,롯데월드타워(잠실역2번출구 쪽),2632,석촌고분역 2번 출구
1210,롯데월드타워(잠실역2번출구 쪽),2608,송파구청
1210,롯데월드타워(잠실역2번출구 쪽),2635,잠실새내역 1번출구
1210,롯데월드타워(잠실역2번출구 쪽),2601,석촌호수 서호사거리
1210,롯데월드타워(잠실역2번출구 쪽),1295,잠실역 8번출구
1210,롯데월드타워(잠실역2번출구 쪽),2608,송파구청
1210,롯데월드타워(잠실역2번출구 쪽),2620,송파나루역 4번 출구옆
1210,롯데월드타워(잠실역2번출구 쪽),2620,송파나루역 4번 출구옆
1210,롯데월드타워(잠실역2번출구 쪽),2646,레이크펠리스101동앞
1210,롯데월드타워(잠실역2번출구 쪽),1210,롯데월드타워(잠실역2번출구 쪽)
1210,롯데월드타워(잠실역2번출구 쪽),2610,여흥레이크빌 앞 (석촌호수 까페거리)
1210,롯데월드타워(잠실역2번출구 쪽),2628,문정역 1번출구
1210,롯데월드타워(잠실역2번출구 쪽),1211,방이삼거리
1210,롯데월드타워(잠실역2번출구 쪽),1260,방이동 한양3차아파트 옆
1210,롯데월드타워(잠실역2번출구 쪽),2620,송파나루역 4번 출구옆
1210,롯데월드타워(잠실역2번출구 쪽),1211,방이삼거리
1210,롯데월드타워(잠실역2번출구 쪽),4864,송파사거리
1210,롯데월드타워(잠실역2번출구 쪽),2630,서울방이동 고분군
1210,롯데월드타워(잠실역2번출구 쪽),2639,석촌역 8번출구
1210,롯데월드타워(잠실역2번출구 쪽),1262,송파여성문화회관 앞
1210,롯데월드타워(잠실역2번출구 쪽),2620,송파나루역 4번 출구옆
1210,롯데월드타워(잠실역2번출구 쪽),4864,송파사거리
1210,롯데월드타워(잠실역2번출구 쪽),2641,송파역 4번출구
1210,롯데월드타워(잠실역2번출구 쪽),4453,위례중앙푸르지오 201동 앞
1210,롯데월드타워(잠실역2번출구 쪽),4859,잠실나루 나들목
1210,롯데월드타워(잠실역2번출구 쪽),1233,잠실3거리(갤러리아팰리스)
1210,롯데월드타워(잠실역2번출구 쪽),1221,삼전사거리 포스코더샵
1210,롯데월드타워(잠실역2번출구 쪽),1221,삼전사거리 포스코더샵
1210,롯데월드타워(잠실역2번출구 쪽),2608,송파구청
1210,롯데월드타워(잠실역2번출구 쪽),1251,석촌역 2번출구
1210,롯데월드타워(잠실역2번출구 쪽),1210,롯데월드타워(잠실역2번출구 쪽)
1210,롯데월드타워(잠실역2번출구 쪽),2610,여흥레이크빌 앞 (석촌호수 까페거리)
1210,롯데월드타워(잠실역2번출구 쪽),1248,방이초등학교
1210,롯데월드타워(잠실역2번출구 쪽),2315,봉은사역 5번출구 옆
1210,롯데월드타워(잠실역2번출구 쪽),1222,잠실새내역 5번 출구 뒤
1210,롯데월드타워(잠실역2번출구 쪽),1211,방이삼거리
1210,롯데월드타워(잠실역2번출구 쪽),1027,프라자 아파트 앞
1210,롯데월드타워(잠실역2번출구 쪽),2620,송파나루역 4번 출구옆
1210,롯데월드타워(잠실역2번출구 쪽),299,여의도 순복음교회
1210,롯데월드타워(잠실역2번출구 쪽),1262,송파여성문화회관 앞
1210,롯데월드타워(잠실역2번출구 쪽),1251,석촌역 2번출구
1210,롯데월드타워(잠실역2번출구 쪽),1004,삼성광나루아파트 버스정류장
1210,롯데월드타워(잠실역2번출구 쪽),2646,레이크펠리스101동앞
1210,롯데월드타워(잠실역2번출구 쪽),2610,여흥레이크빌 앞 (석촌호수 까페거리)
1210,롯데월드타워(잠실역2번출구 쪽),2623,석촌동 주민센터
1210,롯데월드타워(잠실역2번출구 쪽),2623,석촌동 주민센터
1210,롯데월드타워(잠실역2번출구 쪽),4491,장지역 1번출구
1210,롯데월드타워(잠실역2번출구 쪽),2608,송파구청
1210,롯데월드타워(잠실역2번출구 쪽),1300,오륜사거리
1210,롯데월드타워(잠실역2번출구 쪽),1211,방이삼거리
1210,롯데월드타워(잠실역2번출구 쪽),1221,삼전사거리 포스코더샵
1210,롯데월드타워(잠실역2번출구 쪽),4868,레이크 호텔 앞
1210,롯데월드타워(잠실역2번출구 쪽),2615,테라타워2
1210,롯데월드타워(잠실역2번출구 쪽),1293,석촌호교차로 (스타벅스 앞)
1210,롯데월드타워(잠실역2번출구 쪽),2610,여흥레이크빌 앞 (석촌호수 까페거리)
1210,롯데월드타워(잠실역2번출구 쪽),2639,석촌역 8번출구
1210,롯데월드타워(잠실역2번출구 쪽),2620,송파나루역 4번 출구옆
1210,롯데월드타워(잠실역2번출구 쪽),1221,삼전사거리 포스코더샵
1210,롯데월드타워(잠실역2번출구 쪽),2639,석촌역 8번출구
1210,롯데월드타워(잠실역2번출구 쪽),1211,방이삼거리
1210,롯데월드타워(잠실역2번출구 쪽),1293,석촌호교차로 (스타벅스 앞)
1210,롯데월드타워(잠실역2번출구 쪽),2547,포드서초서비스센터앞
1210,롯데월드타워(잠실역2번출구 쪽),1265,문정동 근린공원
1210,롯데월드타워(잠실역2번출구 쪽),2601,석촌호수 서호사거리
1210,롯데월드타워(잠실역2번출구 쪽),1221,삼전사거리 포스코더샵
1210,롯데월드타워(잠실역2번출구 쪽),1210,롯데월드타워(잠실역2번출구 쪽)
1210,롯데월드타워(잠실역2번출구 쪽),1008,암사역 3번출구(국민은행앞)
1210,롯데월드타워(잠실역2번출구 쪽),2619,석촌고분역 4번출구
1210,롯데월드타워(잠실역2번출구 쪽),1206,9호선종합운동장역 9번출구
1210,롯데월드타워(잠실역2번출구 쪽),2620,송파나루역 4번 출구옆
1210,롯데월드타워(잠실역2번출구 쪽),1260,방이동 한양3차아파트 옆
1210,롯데월드타워(잠실역2번출구 쪽),1297,석촌호수교차로(동호 팔각정 앞)
1210,롯데월드타워(잠실역2번출구 쪽),1232,롯데마트 주차장 옆
1210,롯데월드타워(잠실역2번출구 쪽),2645,잠실나들목2(엘스아파트136동)
1210,롯데월드타워(잠실역2번출구 쪽),1211,방이삼거리
1210,롯데월드타워(잠실역2번출구 쪽),1251,석촌역 2번출구
1210,롯데월드타워(잠실역2번출구 쪽),2651,경찰병원역 3번출구 앞
1210,롯데월드타워(잠실역2번출구 쪽),1259,방이역 1번출구
1210,롯데월드타워(잠실역2번출구 쪽),2641,송파역 4번출구
1210,롯데월드타워(잠실역2번출구 쪽),2641,송파역 4번출구
1210,롯데월드타워(잠실역2번출구 쪽),1233,잠실3거리(갤러리아팰리스)
1210,롯데월드타워(잠실역2번출구 쪽),2632,석촌고분역 2번 출구
1210,롯데월드타워(잠실역2번출구 쪽),1297,석촌호수교차로(동호 팔각정 앞)
1210,롯데월드타워(잠실역2번출구 쪽),1210,롯데월드타워(잠실역2번출구 쪽)
1210,롯데월드타워(잠실역2번출구 쪽),4864,송파사거리
1210,롯데월드타워(잠실역2번출구 쪽),4864,송파사거리
1210,롯데월드타워(잠실역2번출구 쪽),1293,석촌호교차로 (스타벅스 앞)
1210,롯데월드타워(잠실역2번출구 쪽),1235,잠실트리지움310동 옆
1210,롯데월드타워(잠실역2번출구 쪽),1201,가락시장역 3번 출구
1210,롯데월드타워(잠실역2번출구 쪽),1232,롯데마트 주차장 옆
1210,롯데월드타워(잠실역2번출구 쪽),4865,한성백제역 1번출구 뒤
1210,롯데월드타워(잠실역2번출구 쪽),2608,송파구청
1210,롯데월드타워(잠실역2번출구 쪽),1051,양지시장 (용성약국앞) 입구
1210,롯데월드타워(잠실역2번출구 쪽),3640,일원1동주민센터앞 사거리
1210,롯데월드타워(잠실역2번출구 쪽),2620,송파나루역 4번 출구옆
1210,롯데월드타워(잠실역2번출구 쪽),4868,레이크 호텔 앞
1210,롯데월드타워(잠실역2번출구 쪽),1212,송파역 2번 출구앞
1210,롯데월드타워(잠실역2번출구 쪽),1210,롯데월드타워(잠실역2번출구 쪽)
1210,롯데월드타워(잠실역2번출구 쪽),2635,잠실새내역 1번출구
1210,롯데월드타워(잠실역2번출구 쪽),1296,석촌호수교차로 (송파나루근린공원 앞)
1210,롯데월드타워(잠실역2번출구 쪽),4864,송파사거리
1210,롯데월드타워(잠실역2번출구 쪽),2632,석촌고분역 2번 출구
1210,롯데월드타워(잠실역2번출구 쪽),4864,송파사거리
1210,롯데월드타워(잠실역2번출구 쪽),3575,자양사거리 (LG 유플러스)
1210,롯데월드타워(잠실역2번출구 쪽),4865,한성백제역 1번출구 뒤
1210,롯데월드타워(잠실역2번출구 쪽),2620,송파나루역 4번 출구옆
1210,롯데월드타워(잠실역2번출구 쪽),2635,잠실새내역 1번출구
1210,롯데월드타워(잠실역2번출구 쪽),1222,잠실새내역 5번 출구 뒤
1210,롯데월드타워(잠실역2번출구 쪽),1211,방이삼거리
1210,롯데월드타워(잠실역2번출구 쪽),1233,잠실3거리(갤러리아팰리스)
1210,롯데월드타워(잠실역2번출구 쪽),2608,송파구청
1210,롯데월드타워(잠실역2번출구 쪽),1293,석촌호교차로 (스타벅스 앞)
1210,롯데월드타워(잠실역2번출구 쪽),1293,석촌호교차로 (스타벅스 앞)
1210,롯데월드타워(잠실역2번출구 쪽),1218,방이역 4번출구
1210,롯데월드타워(잠실역2번출구 쪽),1232,롯데마트 주차장 옆
1210,롯데월드타워(잠실역2번출구 쪽),1232,롯데마트 주차장 옆
1210,롯데월드타워(잠실역2번출구 쪽),2610,여흥레이크빌 앞 (석촌호수 까페거리)
1210,롯데월드타워(잠실역2번출구 쪽),2601,석촌호수 서호사거리
1210,롯데월드타워(잠실역2번출구 쪽),2620,송파나루역 4번 출구옆
1210,롯데월드타워(잠실역2번출구 쪽),2639,석촌역 8번출구
1210,롯데월드타워(잠실역2번출구 쪽),2610,여흥레이크빌 앞 (석촌호수 까페거리)
1210,롯데월드타워(잠실역2번출구 쪽),2610,여흥레이크빌 앞 (석촌호수 까페거리)
1210,롯데월드타워(잠실역2번출구 쪽),1220,잠실본동주민센터뒤 잠실근린공원
1210,롯데월드타워(잠실역2번출구 쪽),2635,잠실새내역 1번출구
1210,롯데월드타워(잠실역2번출구 쪽),2619,석촌고분역 4번출구
1210,롯데월드타워(잠실역2번출구 쪽),2610,여흥레이크빌 앞 (석촌호수 까페거리)
1210,롯데월드타워(잠실역2번출구 쪽),1251,석촌역 2번출구
1210,롯데월드타워(잠실역2번출구 쪽),1230,송파중학교 정문
1210,롯데월드타워(잠실역2번출구 쪽),2601,석촌호수 서호사거리
1210,롯데월드타워(잠실역2번출구 쪽),1251,석촌역 2번출구
1210,롯데월드타워(잠실역2번출구 쪽),2623,석촌동 주민센터
1210,롯데월드타워(잠실역2번출구 쪽),2619,석촌고분역 4번출구
1210,롯데월드타워(잠실역2번출구 쪽),2619,석촌고분역 4번출구
1210,롯데월드타워(잠실역2번출구 쪽),2618,삼전역 1번출구
1210,롯데월드타워(잠실역2번출구 쪽),2623,석촌동 주민센터
1210,롯데월드타워(잠실역2번출구 쪽),1293,석촌호교차로 (스타벅스 앞)
1210,롯데월드타워(잠실역2번출구 쪽),1211,방이삼거리
1210,롯데월드타워(잠실역2번출구 쪽),1210,롯데월드타워(잠실역2번출구 쪽)
1210,롯데월드타워(잠실역2번출구 쪽),2632,석촌고분역 2번 출구
1210,롯데월드타워(잠실역2번출구 쪽),2639,석촌역 8번출구
1210,롯데월드타워(잠실역2번출구 쪽),1215,올림픽공원역 1번출구 앞
1210,롯데월드타워(잠실역2번출구 쪽),2639,석촌역 8번출구
1210,롯데월드타워(잠실역2번출구 쪽),540,군자역 7번출구 베스트샵 앞
1210,롯데월드타워(잠실역2번출구 쪽),1293,석촌호교차로 (스타벅스 앞)
1210,롯데월드타워(잠실역2번출구 쪽),1224,아시아지하보도 2번 출구
1210,롯데월드타워(잠실역2번출구 쪽),2618,삼전역 1번출구
1210,롯데월드타워(잠실역2번출구 쪽),1262,송파여성문화회관 앞
1210,롯데월드타워(잠실역2번출구 쪽),1211,방이삼거리
1210,롯데월드타워(잠실역2번출구 쪽),2625,가락1동 주민센터
1210,롯데월드타워(잠실역2번출구 쪽),1013,강동구청역 1번 출입구
1210,롯데월드타워(잠실역2번출구 쪽),1221,삼전사거리 포스코더샵
1210,롯데월드타워(잠실역2번출구 쪽),2610,여흥레이크빌 앞 (석촌호수 까페거리)
1210,롯데월드타워(잠실역2번출구 쪽),2618,삼전역 1번출구
1210,롯데월드타워(잠실역2번출구 쪽),3569,건대병원후문
1210,롯데월드타워(잠실역2번출구 쪽),3542,래미안 구의파크 스위트
1210,롯데월드타워(잠실역2번출구 쪽),1262,송파여성문화회관 앞
1210,롯데월드타워(잠실역2번출구 쪽),502,뚝섬유원지역 1번출구 앞
1210,롯데월드타워(잠실역2번출구 쪽),1221,삼전사거리 포스코더샵
1210,롯데월드타워(잠실역2번출구 쪽),2641,송파역 4번출구
1210,롯데월드타워(잠실역2번출구 쪽),2641,송파역 4번출구
1210,롯데월드타워(잠실역2번출구 쪽),1251,석촌역 2번출구
1210,롯데월드타워(잠실역2번출구 쪽),1221,삼전사거리 포스코더샵
1210,롯데월드타워(잠실역2번출구 쪽),2610,여흥레이크빌 앞 (석촌호수 까페거리)
1210,롯데월드타워(잠실역2번출구 쪽),1235,잠실트리지움310동 옆
1210,롯데월드타워(잠실역2번출구 쪽),2610,여흥레이크빌 앞 (석촌호수 까페거리)
1210,롯데월드타워(잠실역2번출구 쪽),2317,삼성도로공원
1210,롯데월드타워(잠실역2번출구 쪽),1293,석촌호교차로 (스타벅스 앞)
1210,롯데월드타워(잠실역2번출구 쪽),2619,석촌고분역 4번출구
1210,롯데월드타워(잠실역2번출구 쪽),2601,석촌호수 서호사거리
1210,롯데월드타워(잠실역2번출구 쪽),1248,방이초등학교
1210,롯데월드타워(잠실역2번출구 쪽),1277,오금동 송파 참병원
1210,롯데월드타워(잠실역2번출구 쪽),2610,여흥레이크빌 앞 (석촌호수 까페거리)
1210,롯데월드타워(잠실역2번출구 쪽),1211,방이삼거리
1210,롯데월드타워(잠실역2번출구 쪽),2608,송파구청
1210,롯데월드타워(잠실역2번출구 쪽),1297,석촌호수교차로(동호 팔각정 앞)
1210,롯데월드타워(잠실역2번출구 쪽),2610,여흥레이크빌 앞 (석촌호수 까페거리)
1210,롯데월드타워(잠실역2번출구 쪽),1296,석촌호수교차로 (송파나루근린공원 앞)
1210,롯데월드타워(잠실역2번출구 쪽),2608,송파구청
1210,롯데월드타워(잠실역2번출구 쪽),1211,방이삼거리
1210,롯데월드타워(잠실역2번출구 쪽),1211,방이삼거리
1210,롯데월드타워(잠실역2번출구 쪽),1211,방이삼거리
1210,롯데월드타워(잠실역2번출구 쪽),2610,여흥레이크빌 앞 (석촌호수 까페거리)
1210,롯데월드타워(잠실역2번출구 쪽),2610,여흥레이크빌 앞 (석촌호수 까페거리)
1210,롯데월드타워(잠실역2번출구 쪽),2610,여흥레이크빌 앞 (석촌호수 까페거리)
1210,롯데월드타워(잠실역2번출구 쪽),1211,방이삼거리
1210,롯데월드타워(잠실역2번출구 쪽),2637,잠실월드 메르디앙
1210,롯데월드타워(잠실역2번출구 쪽),2348,포스코사거리(기업은행)
1210,롯데월드타워(잠실역2번출구 쪽),1211,방이삼거리
1210,롯데월드타워(잠실역2번출구 쪽),1297,석촌호수교차로(동호 팔각정 앞)
1210,롯데월드타워(잠실역2번출구 쪽),2610,여흥레이크빌 앞 (석촌호수 까페거리)
1210,롯데월드타워(잠실역2번출구 쪽),2610,여흥레이크빌 앞 (석촌호수 까페거리)
1210,롯데월드타워(잠실역2번출구 쪽),4865,한성백제역 1번출구 뒤
1210,롯데월드타워(잠실역2번출구 쪽),1221,삼전사거리 포스코더샵
1210,롯데월드타워(잠실역2번출구 쪽),4865,한성백제역 1번출구 뒤
1210,롯데월드타워(잠실역2번출구 쪽),1275,거여초등학교 옆
1210,롯데월드타워(잠실역2번출구 쪽),2623,석촌동 주민센터
1210,롯데월드타워(잠실역2번출구 쪽),1269,리센츠아파트
1210,롯데월드타워(잠실역2번출구 쪽),2610,여흥레이크빌 앞 (석촌호수 까페거리)
1210,롯데월드타워(잠실역2번출구 쪽),2601,석촌호수 서호사거리
1210,롯데월드타워(잠실역2번출구 쪽),4868,레이크 호텔 앞
1210,롯데월드타워(잠실역2번출구 쪽),1211,방이삼거리
1210,롯데월드타워(잠실역2번출구 쪽),2610,여흥레이크빌 앞 (석촌호수 까페거리)
1210,롯데월드타워(잠실역2번출구 쪽),1293,석촌호교차로 (스타벅스 앞)
1210,롯데월드타워(잠실역2번출구 쪽),1203,밀리아나2빌딩 앞
1210,롯데월드타워(잠실역2번출구 쪽),4865,한성백제역 1번출구 뒤
1210,롯데월드타워(잠실역2번출구 쪽),2637,잠실월드 메르디앙
1210,롯데월드타워(잠실역2번출구 쪽),2637,잠실월드 메르디앙
1210,롯데월드타워(잠실역2번출구 쪽),1293,석촌호교차로 (스타벅스 앞)
1210,롯데월드타워(잠실역2번출구 쪽),2632,석촌고분역 2번 출구
1210,롯데월드타워(잠실역2번출구 쪽),4865,한성백제역 1번출구 뒤
1210,롯데월드타워(잠실역2번출구 쪽),2610,여흥레이크빌 앞 (석촌호수 까페거리)
1210,롯데월드타워(잠실역2번출구 쪽),2623,석촌동 주민센터
1210,롯데월드타워(잠실역2번출구 쪽),1297,석촌호수교차로(동호 팔각정 앞)
1210,롯데월드타워(잠실역2번출구 쪽),4868,레이크 호텔 앞
1210,롯데월드타워(잠실역2번출구 쪽),1210,롯데월드타워(잠실역2번출구 쪽)
1210,롯데월드타워(잠실역2번출구 쪽),1210,롯데월드타워(잠실역2번출구 쪽)
1210,롯데월드타워(잠실역2번출구 쪽),2601,석촌호수 서호사거리
1210,롯데월드타워(잠실역2번출구 쪽),1211,방이삼거리
1210,롯데월드타워(잠실역2번출구 쪽),1300,오륜사거리
1210,롯데월드타워(잠실역2번출구 쪽),2610,여흥레이크빌 앞 (석촌호수 까페거리)
1210,롯데월드타워(잠실역2번출구 쪽),1221,삼전사거리 포스코더샵
1210,롯데월드타워(잠실역2번출구 쪽),1030,미호 플랜트 앞
1210,롯데월드타워(잠실역2번출구 쪽),2635,잠실새내역 1번출구
1210,롯데월드타워(잠실역2번출구 쪽),2635,잠실새내역 1번출구
1210,롯데월드타워(잠실역2번출구 쪽),2619,석촌고분역 4번출구
1210,롯데월드타워(잠실역2번출구 쪽),1297,석촌호수교차로(동호 팔각정 앞)
1210,롯데월드타워(잠실역2번출구 쪽),4452,삼성SDS
1210,롯데월드타워(잠실역2번출구 쪽),4868,레이크 호텔 앞
1210,롯데월드타워(잠실역2번출구 쪽),2623,석촌동 주민센터
1210,롯데월드타워(잠실역2번출구 쪽),1211,방이삼거리
1210,롯데월드타워(잠실역2번출구 쪽),1084,윤선생빌딩(JYP사옥)
1210,롯데월드타워(잠실역2번출구 쪽),2601,석촌호수 서호사거리
1210,롯데월드타워(잠실역2번출구 쪽),2618,삼전역 1번출구
1210,롯데월드타워(잠실역2번출구 쪽),4868,레이크 호텔 앞
1210,롯데월드타워(잠실역2번출구 쪽),1248,방이초등학교
1210,롯데월드타워(잠실역2번출구 쪽),4496,잠실 파크리오 120동 앞
1210,롯데월드타워(잠실역2번출구 쪽),2637,잠실월드 메르디앙
1210,롯데월드타워(잠실역2번출구 쪽),1235,잠실트리지움310동 옆
1210,롯데월드타워(잠실역2번출구 쪽),2620,송파나루역 4번 출구옆
1210,롯데월드타워(잠실역2번출구 쪽),1008,암사역 3번출구(국민은행앞)
1210,롯데월드타워(잠실역2번출구 쪽),1269,리센츠아파트
1210,롯데월드타워(잠실역2번출구 쪽),2620,송파나루역 4번 출구옆
1210,롯데월드타워(잠실역2번출구 쪽),1218,방이역 4번출구
1210,롯데월드타워(잠실역2번출구 쪽),2635,잠실새내역 1번출구
1210,롯데월드타워(잠실역2번출구 쪽),1209,잠실나루역 (2번 출구 쪽)
1210,롯데월드타워(잠실역2번출구 쪽),2639,석촌역 8번출구
1210,롯데월드타워(잠실역2번출구 쪽),2610,여흥레이크빌 앞 (석촌호수 까페거리)
1210,롯데월드타워(잠실역2번출구 쪽),1248,방이초등학교
1210,롯데월드타워(잠실역2번출구 쪽),1004,삼성광나루아파트 버스정류장
1210,롯데월드타워(잠실역2번출구 쪽),1210,롯데월드타워(잠실역2번출구 쪽)
1210,롯데월드타워(잠실역2번출구 쪽),2637,잠실월드 메르디앙
1210,롯데월드타워(잠실역2번출구 쪽),2276,영동1교 (양재천근린공원)
1210,롯데월드타워(잠실역2번출구 쪽),4868,레이크 호텔 앞
1210,롯데월드타워(잠실역2번출구 쪽),2276,영동1교 (양재천근린공원)
1210,롯데월드타워(잠실역2번출구 쪽),2276,영동1교 (양재천근린공원)
1210,롯데월드타워(잠실역2번출구 쪽),1211,방이삼거리
1210,롯데월드타워(잠실역2번출구 쪽),1297,석촌호수교차로(동호 팔각정 앞)
1210,롯데월드타워(잠실역2번출구 쪽),1211,방이삼거리
1210,롯데월드타워(잠실역2번출구 쪽),2610,여흥레이크빌 앞 (석촌호수 까페거리)
1210,롯데월드타워(잠실역2번출구 쪽),2618,삼전역 1번출구
1210,롯데월드타워(잠실역2번출구 쪽),2610,여흥레이크빌 앞 (석촌호수 까페거리)
1210,롯데월드타워(잠실역2번출구 쪽),2620,송파나루역 4번 출구옆
1210,롯데월드타워(잠실역2번출구 쪽),2635,잠실새내역 1번출구
1210,롯데월드타워(잠실역2번출구 쪽),2610,여흥레이크빌 앞 (석촌호수 까페거리)
1210,롯데월드타워(잠실역2번출구 쪽),1211,방이삼거리
1210,롯데월드타워(잠실역2번출구 쪽),1224,아시아지하보도 2번 출구
1210,롯데월드타워(잠실역2번출구 쪽),1300,오륜사거리
1210,롯데월드타워(잠실역2번출구 쪽),2618,삼전역 1번출구
1210,롯데월드타워(잠실역2번출구 쪽),1262,송파여성문화회관 앞
1210,롯데월드타워(잠실역2번출구 쪽),2623,석촌동 주민센터
1210,롯데월드타워(잠실역2번출구 쪽),2608,송파구청
1210,롯데월드타워(잠실역2번출구 쪽),2610,여흥레이크빌 앞 (석촌호수 까페거리)
1210,롯데월드타워(잠실역2번출구 쪽),2620,송파나루역 4번 출구옆
1210,롯데월드타워(잠실역2번출구 쪽),2639,석촌역 8번출구
1210,롯데월드타워(잠실역2번출구 쪽),1258,가락미륭아파트 앞
1210,롯데월드타워(잠실역2번출구 쪽),4865,한성백제역 1번출구 뒤
1210,롯데월드타워(잠실역2번출구 쪽),2613,잠실나들목
1210,롯데월드타워(잠실역2번출구 쪽),2610,여흥레이크빌 앞 (석촌호수 까페거리)
1210,롯데월드타워(잠실역2번출구 쪽),1008,암사역 3번출구(국민은행앞)
1210,롯데월드타워(잠실역2번출구 쪽),2625,가락1동 주민센터
1210,롯데월드타워(잠실역2번출구 쪽),1245,문정 법조단지9
1210,롯데월드타워(잠실역2번출구 쪽),2620,송파나루역 4번 출구옆
1210,롯데월드타워(잠실역2번출구 쪽),2619,석촌고분역 4번출구
1210,롯데월드타워(잠실역2번출구 쪽),1235,잠실트리지움310동 옆
1210,롯데월드타워(잠실역2번출구 쪽),2618,삼전역 1번출구
1210,롯데월드타워(잠실역2번출구 쪽),1008,암사역 3번출구(국민은행앞)
1210,롯데월드타워(잠실역2번출구 쪽),2618,삼전역 1번출구
1210,롯데월드타워(잠실역2번출구 쪽),4865,한성백제역 1번출구 뒤
1210,롯데월드타워(잠실역2번출구 쪽),2601,석촌호수 서호사거리
1210,롯데월드타워(잠실역2번출구 쪽),4868,레이크 호텔 앞
1210,롯데월드타워(잠실역2번출구 쪽),2637,잠실월드 메르디앙
1210,롯데월드타워(잠실역2번출구 쪽),1211,방이삼거리
1210,롯데월드타워(잠실역2번출구 쪽),2637,잠실월드 메르디앙
1210,롯데월드타워(잠실역2번출구 쪽),1260,방이동 한양3차아파트 옆
1210,롯데월드타워(잠실역2번출구 쪽),2608,송파구청
1210,롯데월드타워(잠실역2번출구 쪽),1077,강동역 1번출구 앞
1210,롯데월드타워(잠실역2번출구 쪽),1222,잠실새내역 5번 출구 뒤
1210,롯데월드타워(잠실역2번출구 쪽),2632,석촌고분역 2번 출구
1210,롯데월드타워(잠실역2번출구 쪽),2635,잠실새내역 1번출구
1210,롯데월드타워(잠실역2번출구 쪽),2630,서울방이동 고분군
1210,롯데월드타워(잠실역2번출구 쪽),2620,송파나루역 4번 출구옆
1210,롯데월드타워(잠실역2번출구 쪽),1269,리센츠아파트
1210,롯데월드타워(잠실역2번출구 쪽),2653,올림픽공원사거리(선수촌아파트)
1210,롯데월드타워(잠실역2번출구 쪽),1218,방이역 4번출구
1210,롯데월드타워(잠실역2번출구 쪽),1226,잠실4동 주민센터 옆
1210,롯데월드타워(잠실역2번출구 쪽),2348,포스코사거리(기업은행)
1210,롯데월드타워(잠실역2번출구 쪽),1211,방이삼거리
1210,롯데월드타워(잠실역2번출구 쪽),1211,방이삼거리
1210,롯데월드타워(잠실역2번출구 쪽),1251,석촌역 2번출구
1210,롯데월드타워(잠실역2번출구 쪽),2608,송파구청
1210,롯데월드타워(잠실역2번출구 쪽),1293,석촌호교차로 (스타벅스 앞)
1210,롯데월드타워(잠실역2번출구 쪽),2317,삼성도로공원
1210,롯데월드타워(잠실역2번출구 쪽),4865,한성백제역 1번출구 뒤
1210,롯데월드타워(잠실역2번출구 쪽),4864,송파사거리
1210,롯데월드타워(잠실역2번출구 쪽),4868,레이크 호텔 앞
1210,롯데월드타워(잠실역2번출구 쪽),4468,가락1동 주민센터 2
1210,롯데월드타워(잠실역2번출구 쪽),2621,한성백제역 2번 출구
1210,롯데월드타워(잠실역2번출구 쪽),2635,잠실새내역 1번출구
1210,롯데월드타워(잠실역2번출구 쪽),1221,삼전사거리 포스코더샵
1210,롯데월드타워(잠실역2번출구 쪽),2618,삼전역 1번출구
1210,롯데월드타워(잠실역2번출구 쪽),2623,석촌동 주민센터
1210,롯데월드타워(잠실역2번출구 쪽),2610,여흥레이크빌 앞 (석촌호수 까페거리)
1210,롯데월드타워(잠실역2번출구 쪽),2651,경찰병원역 3번출구 앞
1210,롯데월드타워(잠실역2번출구 쪽),4864,송파사거리
1210,롯데월드타워(잠실역2번출구 쪽),2623,석촌동 주민센터
1210,롯데월드타워(잠실역2번출구 쪽),1211,방이삼거리
1210,롯데월드타워(잠실역2번출구 쪽),4484,잠실나루역4번출구뒤
1210,롯데월드타워(잠실역2번출구 쪽),2622,올림픽공원역 3번출구
1210,롯데월드타워(잠실역2번출구 쪽),1213,백토공원 앞
1210,롯데월드타워(잠실역2번출구 쪽),2610,여흥레이크빌 앞 (석촌호수 까페거리)
1210,롯데월드타워(잠실역2번출구 쪽),1251,석촌역 2번출구
1210,롯데월드타워(잠실역2번출구 쪽),2623,석촌동 주민센터
1210,롯데월드타워(잠실역2번출구 쪽),1262,송파여성문화회관 앞
1210,롯데월드타워(잠실역2번출구 쪽),2618,삼전역 1번출구
1210,롯데월드타워(잠실역2번출구 쪽),2610,여흥레이크빌 앞 (석촌호수 까페거리)
1210,롯데월드타워(잠실역2번출구 쪽),2610,여흥레이크빌 앞 (석촌호수 까페거리)
1210,롯데월드타워(잠실역2번출구 쪽),1297,석촌호수교차로(동호 팔각정 앞)
1210,롯데월드타워(잠실역2번출구 쪽),2623,석촌동 주민센터
1210,롯데월드타워(잠실역2번출구 쪽),1235,잠실트리지움310동 옆
1210,롯데월드타워(잠실역2번출구 쪽),1235,잠실트리지움310동 옆
1210,롯데월드타워(잠실역2번출구 쪽),1293,석촌호교차로 (스타벅스 앞)
1210,롯데월드타워(잠실역2번출구 쪽),2620,송파나루역 4번 출구옆
1210,롯데월드타워(잠실역2번출구 쪽),2610,여흥레이크빌 앞 (석촌호수 까페거리)
1210,롯데월드타워(잠실역2번출구 쪽),2608,송파구청
1210,롯데월드타워(잠실역2번출구 쪽),1218,방이역 4번출구
1210,롯데월드타워(잠실역2번출구 쪽),2601,석촌호수 서호사거리
1210,롯데월드타워(잠실역2번출구 쪽),1212,송파역 2번 출구앞
1210,롯데월드타워(잠실역2번출구 쪽),2610,여흥레이크빌 앞 (석촌호수 까페거리)
1210,롯데월드타워(잠실역2번출구 쪽),1212,송파역 2번 출구앞
1210,롯데월드타워(잠실역2번출구 쪽),2646,레이크펠리스101동앞
1210,롯데월드타워(잠실역2번출구 쪽),2620,송파나루역 4번 출구옆
1210,롯데월드타워(잠실역2번출구 쪽),2639,석촌역 8번출구
1210,롯데월드타워(잠실역2번출구 쪽),3575,자양사거리 (LG 유플러스)
1210,롯데월드타워(잠실역2번출구 쪽),2610,여흥레이크빌 앞 (석촌호수 까페거리)
1210,롯데월드타워(잠실역2번출구 쪽),4859,잠실나루 나들목
1210,롯데월드타워(잠실역2번출구 쪽),1015,샛마을 근린공원
1210,롯데월드타워(잠실역2번출구 쪽),2638,쌍용아파트
1210,롯데월드타워(잠실역2번출구 쪽),3623,일원에코파크 앞(개포로 방면)
1210,롯데월드타워(잠실역2번출구 쪽),2309,청담역(우리들병원 앞)
1210,롯데월드타워(잠실역2번출구 쪽),4457,아산병원 기숙사 부근
1210,롯데월드타워(잠실역2번출구 쪽),2623,석촌동 주민센터
1210,롯데월드타워(잠실역2번출구 쪽),1233,잠실3거리(갤러리아팰리스)
1210,롯데월드타워(잠실역2번출구 쪽),1233,잠실3거리(갤러리아팰리스)
1210,롯데월드타워(잠실역2번출구 쪽),1073,SSTS 몰 앞
1210,롯데월드타워(잠실역2번출구 쪽),1073,SSTS 몰 앞
1210,롯데월드타워(잠실역2번출구 쪽),1220,잠실본동주민센터뒤 잠실근린공원
1210,롯데월드타워(잠실역2번출구 쪽),4452,삼성SDS
1210,롯데월드타워(잠실역2번출구 쪽),2619,석촌고분역 4번출구
1210,롯데월드타워(잠실역2번출구 쪽),4864,송파사거리
1210,롯데월드타워(잠실역2번출구 쪽),4864,송파사거리
1210,롯데월드타워(잠실역2번출구 쪽),2620,송파나루역 4번 출구옆
1210,롯데월드타워(잠실역2번출구 쪽),1210,롯데월드타워(잠실역2번출구 쪽)
1210,롯데월드타워(잠실역2번출구 쪽),2635,잠실새내역 1번출구
1210,롯데월드타워(잠실역2번출구 쪽),2635,잠실새내역 1번출구
1210,롯데월드타워(잠실역2번출구 쪽),2635,잠실새내역 1번출구
1210,롯데월드타워(잠실역2번출구 쪽),4461,한양3차아파트 3동 앞
1210,롯데월드타워(잠실역2번출구 쪽),2639,석촌역 8번출구
1210,롯데월드타워(잠실역2번출구 쪽),546,잠실대교북단 교차로
1210,롯데월드타워(잠실역2번출구 쪽),1210,롯데월드타워(잠실역2번출구 쪽)
1210,롯데월드타워(잠실역2번출구 쪽),3680,강동역3번출구
1210,롯데월드타워(잠실역2번출구 쪽),1244,문정 법조단지8
1210,롯데월드타워(잠실역2번출구 쪽),4465,건영아파트앞 사거리
1210,롯데월드타워(잠실역2번출구 쪽),4465,건영아파트앞 사거리
1210,롯데월드타워(잠실역2번출구 쪽),1293,석촌호교차로 (스타벅스 앞)
1210,롯데월드타워(잠실역2번출구 쪽),4485,잠실나루역 고가하부
1210,롯데월드타워(잠실역2번출구 쪽),4868,레이크 호텔 앞
1210,롯데월드타워(잠실역2번출구 쪽),1017,맥도날드(길동)
1210,롯데월드타워(잠실역2번출구 쪽),2306,압구정역 2번 출구 옆
1210,롯데월드타워(잠실역2번출구 쪽),2306,압구정역 2번 출구 옆
1210,롯데월드타워(잠실역2번출구 쪽),4496,잠실 파크리오 120동 앞
1210,롯데월드타워(잠실역2번출구 쪽),2610,여흥레이크빌 앞 (석촌호수 까페거리)
1210,롯데월드타워(잠실역2번출구 쪽),1251,석촌역 2번출구
1210,롯데월드타워(잠실역2번출구 쪽),2342,대청역 1번출구  뒤
1210,롯데월드타워(잠실역2번출구 쪽),2632,석촌고분역 2번 출구
1210,롯데월드타워(잠실역2번출구 쪽),1211,방이삼거리
1210,롯데월드타워(잠실역2번출구 쪽),1210,롯데월드타워(잠실역2번출구 쪽)
1210,롯데월드타워(잠실역2번출구 쪽),4464,올림픽공원 북2문
1210,롯데월드타워(잠실역2번출구 쪽),1257,가락시장역 롯데마트앞
1210,롯데월드타워(잠실역2번출구 쪽),4480,가락시장역 롯데마트2
1210,롯데월드타워(잠실역2번출구 쪽),2601,석촌호수 서호사거리
1210,롯데월드타워(잠실역2번출구 쪽),1222,잠실새내역 5번 출구 뒤
1210,롯데월드타워(잠실역2번출구 쪽),1264,천호역 10번 출구 앞
1210,롯데월드타워(잠실역2번출구 쪽),2635,잠실새내역 1번출구
1210,롯데월드타워(잠실역2번출구 쪽),4865,한성백제역 1번출구 뒤
1210,롯데월드타워(잠실역2번출구 쪽),2647,잠실 자전거 수리센터 앞
1210,롯데월드타워(잠실역2번출구 쪽),2618,삼전역 1번출구
1210,롯데월드타워(잠실역2번출구 쪽),1262,송파여성문화회관 앞
1210,롯데월드타워(잠실역2번출구 쪽),1235,잠실트리지움310동 옆
1210,롯데월드타워(잠실역2번출구 쪽),2608,송파구청
1210,롯데월드타워(잠실역2번출구 쪽),2608,송파구청
1210,롯데월드타워(잠실역2번출구 쪽),1293,석촌호교차로 (스타벅스 앞)
1210,롯데월드타워(잠실역2번출구 쪽),1211,방이삼거리
1210,롯데월드타워(잠실역2번출구 쪽),1293,석촌호교차로 (스타벅스 앞)
1210,롯데월드타워(잠실역2번출구 쪽),1293,석촌호교차로 (스타벅스 앞)
1210,롯데월드타워(잠실역2번출구 쪽),2619,석촌고분역 4번출구
1210,롯데월드타워(잠실역2번출구 쪽),2601,석촌호수 서호사거리
1210,롯데월드타워(잠실역2번출구 쪽),1262,송파여성문화회관 앞
1210,롯데월드타워(잠실역2번출구 쪽),2637,잠실월드 메르디앙
1210,롯데월드타워(잠실역2번출구 쪽),1248,방이초등학교
1210,롯데월드타워(잠실역2번출구 쪽),2635,잠실새내역 1번출구
1210,롯데월드타워(잠실역2번출구 쪽),2601,석촌호수 서호사거리
1210,롯데월드타워(잠실역2번출구 쪽),1297,석촌호수교차로(동호 팔각정 앞)
1210,롯데월드타워(잠실역2번출구 쪽),2608,송파구청
1210,롯데월드타워(잠실역2번출구 쪽),1277,오금동 송파 참병원
1210,롯데월드타워(잠실역2번출구 쪽),4452,삼성SDS
1210,롯데월드타워(잠실역2번출구 쪽),1211,방이삼거리
1210,롯데월드타워(잠실역2번출구 쪽),1297,석촌호수교차로(동호 팔각정 앞)
1210,롯데월드타워(잠실역2번출구 쪽),1211,방이삼거리
1210,롯데월드타워(잠실역2번출구 쪽),1211,방이삼거리
1210,롯데월드타워(잠실역2번출구 쪽),1262,송파여성문화회관 앞
1210,롯데월드타워(잠실역2번출구 쪽),2610,여흥레이크빌 앞 (석촌호수 까페거리)
1210,롯데월드타워(잠실역2번출구 쪽),2610,여흥레이크빌 앞 (석촌호수 까페거리)
1210,롯데월드타워(잠실역2번출구 쪽),2348,포스코사거리(기업은행)
1210,롯데월드타워(잠실역2번출구 쪽),2623,석촌동 주민센터
1210,롯데월드타워(잠실역2번출구 쪽),2610,여흥레이크빌 앞 (석촌호수 까페거리)
1210,롯데월드타워(잠실역2번출구 쪽),2610,여흥레이크빌 앞 (석촌호수 까페거리)
1210,롯데월드타워(잠실역2번출구 쪽),4865,한성백제역 1번출구 뒤
1210,롯데월드타워(잠실역2번출구 쪽),2610,여흥레이크빌 앞 (석촌호수 까페거리)
1210,롯데월드타워(잠실역2번출구 쪽),500,어린이대공원역 3번출구 앞
1210,롯데월드타워(잠실역2번출구 쪽),2610,여흥레이크빌 앞 (석촌호수 까페거리)
1210,롯데월드타워(잠실역2번출구 쪽),2610,여흥레이크빌 앞 (석촌호수 까페거리)
1210,롯데월드타워(잠실역2번출구 쪽),4865,한성백제역 1번출구 뒤
1210,롯데월드타워(잠실역2번출구 쪽),4868,레이크 호텔 앞
1210,롯데월드타워(잠실역2번출구 쪽),2610,여흥레이크빌 앞 (석촌호수 까페거리)
1210,롯데월드타워(잠실역2번출구 쪽),1251,석촌역 2번출구
1210,롯데월드타워(잠실역2번출구 쪽),1210,롯데월드타워(잠실역2번출구 쪽)
1210,롯데월드타워(잠실역2번출구 쪽),2639,석촌역 8번출구
1210,롯데월드타워(잠실역2번출구 쪽),4865,한성백제역 1번출구 뒤
1210,롯데월드타워(잠실역2번출구 쪽),1201,가락시장역 3번 출구
1210,롯데월드타워(잠실역2번출구 쪽),4865,한성백제역 1번출구 뒤
1210,롯데월드타워(잠실역2번출구 쪽),1251,석촌역 2번출구
1210,롯데월드타워(잠실역2번출구 쪽),4868,레이크 호텔 앞
1210,롯데월드타워(잠실역2번출구 쪽),2601,석촌호수 서호사거리
1210,롯데월드타워(잠실역2번출구 쪽),4486,홈플러스 잠실점
1210,롯데월드타워(잠실역2번출구 쪽),4865,한성백제역 1번출구 뒤
1210,롯데월드타워(잠실역2번출구 쪽),2635,잠실새내역 1번출구
1210,롯데월드타워(잠실역2번출구 쪽),2635,잠실새내역 1번출구
1210,롯데월드타워(잠실역2번출구 쪽),2610,여흥레이크빌 앞 (석촌호수 까페거리)
1210,롯데월드타워(잠실역2번출구 쪽),2623,석촌동 주민센터
1210,롯데월드타워(잠실역2번출구 쪽),2620,송파나루역 4번 출구옆
1210,롯데월드타워(잠실역2번출구 쪽),4465,건영아파트앞 사거리
1210,롯데월드타워(잠실역2번출구 쪽),1210,롯데월드타워(잠실역2번출구 쪽)
1210,롯데월드타워(잠실역2번출구 쪽),2639,석촌역 8번출구
1210,롯데월드타워(잠실역2번출구 쪽),1231,잠실역 6번출구
1210,롯데월드타워(잠실역2번출구 쪽),1295,잠실역 8번출구
1210,롯데월드타워(잠실역2번출구 쪽),1235,잠실트리지움310동 옆
1210,롯데월드타워(잠실역2번출구 쪽),2610,여흥레이크빌 앞 (석촌호수 까페거리)
1210,롯데월드타워(잠실역2번출구 쪽),2646,레이크펠리스101동앞
1210,롯데월드타워(잠실역2번출구 쪽),1211,방이삼거리
1210,롯데월드타워(잠실역2번출구 쪽),2610,여흥레이크빌 앞 (석촌호수 까페거리)
1210,롯데월드타워(잠실역2번출구 쪽),4868,레이크 호텔 앞
1210,롯데월드타워(잠실역2번출구 쪽),2613,잠실나들목
1210,롯데월드타워(잠실역2번출구 쪽),4496,잠실 파크리오 120동 앞
1210,롯데월드타워(잠실역2번출구 쪽),1008,암사역 3번출구(국민은행앞)
1210,롯데월드타워(잠실역2번출구 쪽),2610,여흥레이크빌 앞 (석촌호수 까페거리)
1210,롯데월드타워(잠실역2번출구 쪽),1232,롯데마트 주차장 옆
1210,롯데월드타워(잠실역2번출구 쪽),2621,한성백제역 2번 출구
1210,롯데월드타워(잠실역2번출구 쪽),2641,송파역 4번출구
1210,롯데월드타워(잠실역2번출구 쪽),2619,석촌고분역 4번출구
1210,롯데월드타워(잠실역2번출구 쪽),4868,레이크 호텔 앞
1210,롯데월드타워(잠실역2번출구 쪽),4865,한성백제역 1번출구 뒤
1210,롯데월드타워(잠실역2번출구 쪽),1262,송파여성문화회관 앞
1210,롯데월드타워(잠실역2번출구 쪽),1226,잠실4동 주민센터 옆
1210,롯데월드타워(잠실역2번출구 쪽),1297,석촌호수교차로(동호 팔각정 앞)
1210,롯데월드타워(잠실역2번출구 쪽),2635,잠실새내역 1번출구
1210,롯데월드타워(잠실역2번출구 쪽),1221,삼전사거리 포스코더샵
1210,롯데월드타워(잠실역2번출구 쪽),623,서울시립대 정문 앞
1210,롯데월드타워(잠실역2번출구 쪽),2622,올림픽공원역 3번출구
1210,롯데월드타워(잠실역2번출구 쪽),4464,올림픽공원 북2문
1210,롯데월드타워(잠실역2번출구 쪽),2610,여흥레이크빌 앞 (석촌호수 까페거리)
1210,롯데월드타워(잠실역2번출구 쪽),2610,여흥레이크빌 앞 (석촌호수 까페거리)
1210,롯데월드타워(잠실역2번출구 쪽),1297,석촌호수교차로(동호 팔각정 앞)
1210,롯데월드타워(잠실역2번출구 쪽),2610,여흥레이크빌 앞 (석촌호수 까페거리)
1210,롯데월드타워(잠실역2번출구 쪽),1275,거여초등학교 옆
1210,롯데월드타워(잠실역2번출구 쪽),4868,레이크 호텔 앞
1210,롯데월드타워(잠실역2번출구 쪽),2619,석촌고분역 4번출구
1210,롯데월드타워(잠실역2번출구 쪽),2632,석촌고분역 2번 출구
1210,롯데월드타워(잠실역2번출구 쪽),1019,다성이즈빌아파트(호원대 대각선 맞은편)
1210,롯데월드타워(잠실역2번출구 쪽),1224,아시아지하보도 2번 출구
1210,롯데월드타워(잠실역2번출구 쪽),2651,경찰병원역 3번출구 앞
1210,롯데월드타워(잠실역2번출구 쪽),2601,석촌호수 서호사거리
1210,롯데월드타워(잠실역2번출구 쪽),2610,여흥레이크빌 앞 (석촌호수 까페거리)
1210,롯데월드타워(잠실역2번출구 쪽),1251,석촌역 2번출구
1210,롯데월드타워(잠실역2번출구 쪽),1211,방이삼거리
1210,롯데월드타워(잠실역2번출구 쪽),1260,방이동 한양3차아파트 옆
1210,롯데월드타워(잠실역2번출구 쪽),2601,석촌호수 서호사거리
1210,롯데월드타워(잠실역2번출구 쪽),2625,가락1동 주민센터
1210,롯데월드타워(잠실역2번출구 쪽),4868,레이크 호텔 앞
1210,롯데월드타워(잠실역2번출구 쪽),1050,둔촌역 3번 출입구
1210,롯데월드타워(잠실역2번출구 쪽),2623,석촌동 주민센터
1210,롯데월드타워(잠실역2번출구 쪽),2620,송파나루역 4번 출구옆
1210,롯데월드타워(잠실역2번출구 쪽),3681,길동 마루빌딩
1210,롯데월드타워(잠실역2번출구 쪽),551,구의삼성쉐르빌 앞
1210,롯데월드타워(잠실역2번출구 쪽),1044,굽은다리역
1210,롯데월드타워(잠실역2번출구 쪽),1211,방이삼거리
1210,롯데월드타워(잠실역2번출구 쪽),2620,송파나루역 4번 출구옆
1210,롯데월드타워(잠실역2번출구 쪽),1251,석촌역 2번출구
1210,롯데월드타워(잠실역2번출구 쪽),2632,석촌고분역 2번 출구
1210,롯데월드타워(잠실역2번출구 쪽),1289,풍납동 자전거보관소
1210,롯데월드타워(잠실역2번출구 쪽),2601,석촌호수 서호사거리
1210,롯데월드타워(잠실역2번출구 쪽),4868,레이크 호텔 앞
1210,롯데월드타워(잠실역2번출구 쪽),1227,거여역 8번출구 뒤
1210,롯데월드타워(잠실역2번출구 쪽),1293,석촌호교차로 (스타벅스 앞)
1210,롯데월드타워(잠실역2번출구 쪽),4865,한성백제역 1번출구 뒤
1210,롯데월드타워(잠실역2번출구 쪽),4864,송파사거리
1210,롯데월드타워(잠실역2번출구 쪽),4496,잠실 파크리오 120동 앞
1210,롯데월드타워(잠실역2번출구 쪽),2639,석촌역 8번출구
1210,롯데월드타워(잠실역2번출구 쪽),2623,석촌동 주민센터
1210,롯데월드타워(잠실역2번출구 쪽),4868,레이크 호텔 앞
1210,롯데월드타워(잠실역2번출구 쪽),1211,방이삼거리
1210,롯데월드타워(잠실역2번출구 쪽),3571,화양 APT(횡단보도 옆)
1210,롯데월드타워(잠실역2번출구 쪽),2610,여흥레이크빌 앞 (석촌호수 까페거리)
1210,롯데월드타워(잠실역2번출구 쪽),2610,여흥레이크빌 앞 (석촌호수 까페거리)
1210,롯데월드타워(잠실역2번출구 쪽),4865,한성백제역 1번출구 뒤
1210,롯데월드타워(잠실역2번출구 쪽),1262,송파여성문화회관 앞
1210,롯데월드타워(잠실역2번출구 쪽),1211,방이삼거리
1210,롯데월드타워(잠실역2번출구 쪽),2608,송파구청
1210,롯데월드타워(잠실역2번출구 쪽),1293,석촌호교차로 (스타벅스 앞)
1210,롯데월드타워(잠실역2번출구 쪽),2623,석촌동 주민센터
1210,롯데월드타워(잠실역2번출구 쪽),2604,삼표레미콘 앞
1210,롯데월드타워(잠실역2번출구 쪽),4868,레이크 호텔 앞
1210,롯데월드타워(잠실역2번출구 쪽),1235,잠실트리지움310동 옆
1210,롯데월드타워(잠실역2번출구 쪽),1297,석촌호수교차로(동호 팔각정 앞)
1210,롯데월드타워(잠실역2번출구 쪽),2635,잠실새내역 1번출구
1210,롯데월드타워(잠실역2번출구 쪽),1293,석촌호교차로 (스타벅스 앞)
1210,롯데월드타워(잠실역2번출구 쪽),1207,마천CU우방점 앞
1210,롯데월드타워(잠실역2번출구 쪽),1297,석촌호수교차로(동호 팔각정 앞)
1210,롯데월드타워(잠실역2번출구 쪽),2601,석촌호수 서호사거리
1210,롯데월드타워(잠실역2번출구 쪽),1293,석촌호교차로 (스타벅스 앞)
1210,롯데월드타워(잠실역2번출구 쪽),1293,석촌호교차로 (스타벅스 앞)
1210,롯데월드타워(잠실역2번출구 쪽),1084,윤선생빌딩(JYP사옥)
1210,롯데월드타워(잠실역2번출구 쪽),1008,암사역 3번출구(국민은행앞)
1210,롯데월드타워(잠실역2번출구 쪽),2610,여흥레이크빌 앞 (석촌호수 까페거리)
1210,롯데월드타워(잠실역2번출구 쪽),509,이마트 버스정류소 옆
1210,롯데월드타워(잠실역2번출구 쪽),4864,송파사거리
1210,롯데월드타워(잠실역2번출구 쪽),2610,여흥레이크빌 앞 (석촌호수 까페거리)
1210,롯데월드타워(잠실역2번출구 쪽),1222,잠실새내역 5번 출구 뒤
1210,롯데월드타워(잠실역2번출구 쪽),1211,방이삼거리
1210,롯데월드타워(잠실역2번출구 쪽),1211,방이삼거리
1210,롯데월드타워(잠실역2번출구 쪽),2610,여흥레이크빌 앞 (석촌호수 까페거리)
1210,롯데월드타워(잠실역2번출구 쪽),2641,송파역 4번출구
1210,롯데월드타워(잠실역2번출구 쪽),4868,레이크 호텔 앞
1210,롯데월드타워(잠실역2번출구 쪽),2623,석촌동 주민센터
1210,롯데월드타워(잠실역2번출구 쪽),4865,한성백제역 1번출구 뒤
1210,롯데월드타워(잠실역2번출구 쪽),1293,석촌호교차로 (스타벅스 앞)
1210,롯데월드타워(잠실역2번출구 쪽),1282,송파소방서 맞은편(성내4교)
1210,롯데월드타워(잠실역2번출구 쪽),2648,헬리오시티 112동 앞
1210,롯데월드타워(잠실역2번출구 쪽),1211,방이삼거리
1210,롯데월드타워(잠실역2번출구 쪽),2620,송파나루역 4번 출구옆
1210,롯데월드타워(잠실역2번출구 쪽),2641,송파역 4번출구
1210,롯데월드타워(잠실역2번출구 쪽),3571,화양 APT(횡단보도 옆)
1210,롯데월드타워(잠실역2번출구 쪽),4496,잠실 파크리오 120동 앞
1210,롯데월드타워(잠실역2번출구 쪽),2610,여흥레이크빌 앞 (석촌호수 까페거리)
1210,롯데월드타워(잠실역2번출구 쪽),2608,송파구청
1210,롯데월드타워(잠실역2번출구 쪽),1235,잠실트리지움310동 옆
1210,롯데월드타워(잠실역2번출구 쪽),1297,석촌호수교차로(동호 팔각정 앞)
1210,롯데월드타워(잠실역2번출구 쪽),2610,여흥레이크빌 앞 (석촌호수 까페거리)
1210,롯데월드타워(잠실역2번출구 쪽),2608,송파구청
1210,롯데월드타워(잠실역2번출구 쪽),2652,송파 레미니스1단지 102동 앞
1210,롯데월드타워(잠실역2번출구 쪽),2646,레이크펠리스101동앞
1210,롯데월드타워(잠실역2번출구 쪽),1203,밀리아나2빌딩 앞
1210,롯데월드타워(잠실역2번출구 쪽),1210,롯데월드타워(잠실역2번출구 쪽)
1210,롯데월드타워(잠실역2번출구 쪽),2623,석촌동 주민센터
1210,롯데월드타워(잠실역2번출구 쪽),1248,방이초등학교
1210,롯데월드타워(잠실역2번출구 쪽),2608,송파구청
1210,롯데월드타워(잠실역2번출구 쪽),2641,송파역 4번출구
1210,롯데월드타워(잠실역2번출구 쪽),2618,삼전역 1번출구
1210,롯데월드타워(잠실역2번출구 쪽),2646,레이크펠리스101동앞
1210,롯데월드타워(잠실역2번출구 쪽),210,IFC몰
1210,롯데월드타워(잠실역2번출구 쪽),2610,여흥레이크빌 앞 (석촌호수 까페거리)
1210,롯데월드타워(잠실역2번출구 쪽),2625,가락1동 주민센터
1210,롯데월드타워(잠실역2번출구 쪽),2610,여흥레이크빌 앞 (석촌호수 까페거리)
1210,롯데월드타워(잠실역2번출구 쪽),3533,건대입구역 사거리(롯데백화점)
1210,롯데월드타워(잠실역2번출구 쪽),2639,석촌역 8번출구
1210,롯데월드타워(잠실역2번출구 쪽),2601,석촌호수 서호사거리
1210,롯데월드타워(잠실역2번출구 쪽),2646,레이크펠리스101동앞
1210,롯데월드타워(잠실역2번출구 쪽),1231,잠실역 6번출구
1210,롯데월드타워(잠실역2번출구 쪽),2610,여흥레이크빌 앞 (석촌호수 까페거리)
1210,롯데월드타워(잠실역2번출구 쪽),1210,롯데월드타워(잠실역2번출구 쪽)
1210,롯데월드타워(잠실역2번출구 쪽),1210,롯데월드타워(잠실역2번출구 쪽)
1210,롯데월드타워(잠실역2번출구 쪽),1232,롯데마트 주차장 옆
1210,롯데월드타워(잠실역2번출구 쪽),2610,여흥레이크빌 앞 (석촌호수 까페거리)
1210,롯데월드타워(잠실역2번출구 쪽),1060,천일초교 사거리
1210,롯데월드타워(잠실역2번출구 쪽),1233,잠실3거리(갤러리아팰리스)
1210,롯데월드타워(잠실역2번출구 쪽),1233,잠실3거리(갤러리아팰리스)
1210,롯데월드타워(잠실역2번출구 쪽),2641,송파역 4번출구
1210,롯데월드타워(잠실역2번출구 쪽),4865,한성백제역 1번출구 뒤
1210,롯데월드타워(잠실역2번출구 쪽),2608,송파구청
1210,롯데월드타워(잠실역2번출구 쪽),2608,송파구청
1210,롯데월드타워(잠실역2번출구 쪽),2632,석촌고분역 2번 출구
1210,롯데월드타워(잠실역2번출구 쪽),2632,석촌고분역 2번 출구
1210,롯데월드타워(잠실역2번출구 쪽),2639,석촌역 8번출구
1210,롯데월드타워(잠실역2번출구 쪽),2317,삼성도로공원
1210,롯데월드타워(잠실역2번출구 쪽),1262,송파여성문화회관 앞
1210,롯데월드타워(잠실역2번출구 쪽),1258,가락미륭아파트 앞
1210,롯데월드타워(잠실역2번출구 쪽),2639,석촌역 8번출구
1210,롯데월드타워(잠실역2번출구 쪽),2610,여흥레이크빌 앞 (석촌호수 까페거리)
1210,롯데월드타워(잠실역2번출구 쪽),1251,석촌역 2번출구
1210,롯데월드타워(잠실역2번출구 쪽),1211,방이삼거리
1210,롯데월드타워(잠실역2번출구 쪽),2639,석촌역 8번출구
1210,롯데월드타워(잠실역2번출구 쪽),1024,강동구청 앞
1210,롯데월드타워(잠실역2번출구 쪽),2654,올림픽선수촌아파트 136동 앞
1210,롯데월드타워(잠실역2번출구 쪽),2654,올림픽선수촌아파트 136동 앞
1210,롯데월드타워(잠실역2번출구 쪽),2632,석촌고분역 2번 출구
1210,롯데월드타워(잠실역2번출구 쪽),1211,방이삼거리
1210,롯데월드타워(잠실역2번출구 쪽),2623,석촌동 주민센터
1210,롯데월드타워(잠실역2번출구 쪽),2625,가락1동 주민센터
1210,롯데월드타워(잠실역2번출구 쪽),1203,밀리아나2빌딩 앞
1210,롯데월드타워(잠실역2번출구 쪽),1211,방이삼거리
1210,롯데월드타워(잠실역2번출구 쪽),2623,석촌동 주민센터
1210,롯데월드타워(잠실역2번출구 쪽),2610,여흥레이크빌 앞 (석촌호수 까페거리)
1210,롯데월드타워(잠실역2번출구 쪽),2622,올림픽공원역 3번출구
1210,롯데월드타워(잠실역2번출구 쪽),2639,석촌역 8번출구
1210,롯데월드타워(잠실역2번출구 쪽),1224,아시아지하보도 2번 출구
1210,롯데월드타워(잠실역2번출구 쪽),505,자양사거리 광진아크로텔 앞
1210,롯데월드타워(잠실역2번출구 쪽),1209,잠실나루역 (2번 출구 쪽)
1210,롯데월드타워(잠실역2번출구 쪽),1211,방이삼거리
1210,롯데월드타워(잠실역2번출구 쪽),4868,레이크 호텔 앞
1210,롯데월드타워(잠실역2번출구 쪽),4865,한성백제역 1번출구 뒤
1210,롯데월드타워(잠실역2번출구 쪽),2608,송파구청
1210,롯데월드타워(잠실역2번출구 쪽),1249,아주중학교건너편
1210,롯데월드타워(잠실역2번출구 쪽),2646,레이크펠리스101동앞
1210,롯데월드타워(잠실역2번출구 쪽),2622,올림픽공원역 3번출구
1210,롯데월드타워(잠실역2번출구 쪽),2622,올림픽공원역 3번출구
1210,롯데월드타워(잠실역2번출구 쪽),2622,올림픽공원역 3번출구
1210,롯데월드타워(잠실역2번출구 쪽),2622,올림픽공원역 3번출구
1210,롯데월드타워(잠실역2번출구 쪽),2622,올림픽공원역 3번출구
1210,롯데월드타워(잠실역2번출구 쪽),2620,송파나루역 4번 출구옆
1210,롯데월드타워(잠실역2번출구 쪽),2631,배명고등학교
1210,롯데월드타워(잠실역2번출구 쪽),3520,광진경찰서
1210,롯데월드타워(잠실역2번출구 쪽),2608,송파구청
1210,롯데월드타워(잠실역2번출구 쪽),2610,여흥레이크빌 앞 (석촌호수 까페거리)
1210,롯데월드타워(잠실역2번출구 쪽),2610,여흥레이크빌 앞 (석촌호수 까페거리)
1210,롯데월드타워(잠실역2번출구 쪽),2621,한성백제역 2번 출구
1210,롯데월드타워(잠실역2번출구 쪽),1211,방이삼거리
1210,롯데월드타워(잠실역2번출구 쪽),2608,송파구청
1210,롯데월드타워(잠실역2번출구 쪽),4865,한성백제역 1번출구 뒤
1210,롯데월드타워(잠실역2번출구 쪽),2620,송파나루역 4번 출구옆
1210,롯데월드타워(잠실역2번출구 쪽),1211,방이삼거리
1210,롯데월드타워(잠실역2번출구 쪽),2619,석촌고분역 4번출구
1210,롯데월드타워(잠실역2번출구 쪽),2610,여흥레이크빌 앞 (석촌호수 까페거리)
1210,롯데월드타워(잠실역2번출구 쪽),1248,방이초등학교
1210,롯데월드타워(잠실역2번출구 쪽),2601,석촌호수 서호사거리
1210,롯데월드타워(잠실역2번출구 쪽),1297,석촌호수교차로(동호 팔각정 앞)
1210,롯데월드타워(잠실역2번출구 쪽),1277,오금동 송파 참병원
1210,롯데월드타워(잠실역2번출구 쪽),2610,여흥레이크빌 앞 (석촌호수 까페거리)
1210,롯데월드타워(잠실역2번출구 쪽),2608,송파구청
1210,롯데월드타워(잠실역2번출구 쪽),2608,송파구청
1210,롯데월드타워(잠실역2번출구 쪽),2610,여흥레이크빌 앞 (석촌호수 까페거리)
1210,롯데월드타워(잠실역2번출구 쪽),1211,방이삼거리
1210,롯데월드타워(잠실역2번출구 쪽),2610,여흥레이크빌 앞 (석촌호수 까페거리)
1210,롯데월드타워(잠실역2번출구 쪽),1211,방이삼거리
1210,롯데월드타워(잠실역2번출구 쪽),1275,거여초등학교 옆
1210,롯데월드타워(잠실역2번출구 쪽),1211,방이삼거리
1210,롯데월드타워(잠실역2번출구 쪽),2610,여흥레이크빌 앞 (석촌호수 까페거리)
1210,롯데월드타워(잠실역2번출구 쪽),2632,석촌고분역 2번 출구
1210,롯데월드타워(잠실역2번출구 쪽),1232,롯데마트 주차장 옆
1210,롯데월드타워(잠실역2번출구 쪽),2610,여흥레이크빌 앞 (석촌호수 까페거리)
1210,롯데월드타워(잠실역2번출구 쪽),1221,삼전사거리 포스코더샵
1210,롯데월드타워(잠실역2번출구 쪽),2610,여흥레이크빌 앞 (석촌호수 까페거리)
1210,롯데월드타워(잠실역2번출구 쪽),1297,석촌호수교차로(동호 팔각정 앞)
1210,롯데월드타워(잠실역2번출구 쪽),2610,여흥레이크빌 앞 (석촌호수 까페거리)
1210,롯데월드타워(잠실역2번출구 쪽),4865,한성백제역 1번출구 뒤
1210,롯데월드타워(잠실역2번출구 쪽),1210,롯데월드타워(잠실역2번출구 쪽)
1210,롯데월드타워(잠실역2번출구 쪽),4868,레이크 호텔 앞
1210,롯데월드타워(잠실역2번출구 쪽),1201,가락시장역 3번 출구
1210,롯데월드타워(잠실역2번출구 쪽),4864,송파사거리
1210,롯데월드타워(잠실역2번출구 쪽),4868,레이크 호텔 앞
1210,롯데월드타워(잠실역2번출구 쪽),2623,석촌동 주민센터
1210,롯데월드타워(잠실역2번출구 쪽),2601,석촌호수 서호사거리
1210,롯데월드타워(잠실역2번출구 쪽),2646,레이크펠리스101동앞
1210,롯데월드타워(잠실역2번출구 쪽),1296,석촌호수교차로 (송파나루근린공원 앞)
1210,롯데월드타워(잠실역2번출구 쪽),1211,방이삼거리
1210,롯데월드타워(잠실역2번출구 쪽),1201,가락시장역 3번 출구
1210,롯데월드타워(잠실역2번출구 쪽),1210,롯데월드타워(잠실역2번출구 쪽)
1210,롯데월드타워(잠실역2번출구 쪽),2620,송파나루역 4번 출구옆
1210,롯데월드타워(잠실역2번출구 쪽),2620,송파나루역 4번 출구옆
1210,롯데월드타워(잠실역2번출구 쪽),1295,잠실역 8번출구
1210,롯데월드타워(잠실역2번출구 쪽),1019,다성이즈빌아파트(호원대 대각선 맞은편)
1210,롯데월드타워(잠실역2번출구 쪽),2619,석촌고분역 4번출구
1210,롯데월드타워(잠실역2번출구 쪽),2619,석촌고분역 4번출구
1210,롯데월드타워(잠실역2번출구 쪽),1218,방이역 4번출구
1210,롯데월드타워(잠실역2번출구 쪽),2623,석촌동 주민센터
1210,롯데월드타워(잠실역2번출구 쪽),3534,건대입구역 5번출구 뒤
1210,롯데월드타워(잠실역2번출구 쪽),4452,삼성SDS
1210,롯데월드타워(잠실역2번출구 쪽),4452,삼성SDS
1210,롯데월드타워(잠실역2번출구 쪽),3640,일원1동주민센터앞 사거리
1210,롯데월드타워(잠실역2번출구 쪽),4864,송파사거리
1210,롯데월드타워(잠실역2번출구 쪽),4865,한성백제역 1번출구 뒤
1210,롯데월드타워(잠실역2번출구 쪽),2641,송파역 4번출구
1210,롯데월드타워(잠실역2번출구 쪽),4865,한성백제역 1번출구 뒤
1210,롯데월드타워(잠실역2번출구 쪽),543,구의공원(테크노마트 앞)
1210,롯데월드타워(잠실역2번출구 쪽),1231,잠실역 6번출구
1210,롯데월드타워(잠실역2번출구 쪽),1235,잠실트리지움310동 옆
1210,롯데월드타워(잠실역2번출구 쪽),4460,올림픽훼미리아파트 112동 앞
1210,롯데월드타워(잠실역2번출구 쪽),1269,리센츠아파트
1210,롯데월드타워(잠실역2번출구 쪽),1244,문정 법조단지8
1210,롯데월드타워(잠실역2번출구 쪽),1211,방이삼거리
1210,롯데월드타워(잠실역2번출구 쪽),1293,석촌호교차로 (스타벅스 앞)
1210,롯데월드타워(잠실역2번출구 쪽),2620,송파나루역 4번 출구옆
1210,롯데월드타워(잠실역2번출구 쪽),2610,여흥레이크빌 앞 (석촌호수 까페거리)
1210,롯데월드타워(잠실역2번출구 쪽),2610,여흥레이크빌 앞 (석촌호수 까페거리)
1210,롯데월드타워(잠실역2번출구 쪽),1208,풍납현대아파트쉼터
1210,롯데월드타워(잠실역2번출구 쪽),2610,여흥레이크빌 앞 (석촌호수 까페거리)
1210,롯데월드타워(잠실역2번출구 쪽),2632,석촌고분역 2번 출구
1210,롯데월드타워(잠실역2번출구 쪽),1288,문정중교 사거리
1210,롯데월드타워(잠실역2번출구 쪽),1288,문정중교 사거리
1210,롯데월드타워(잠실역2번출구 쪽),1288,문정중교 사거리
1210,롯데월드타워(잠실역2번출구 쪽),1262,송파여성문화회관 앞
1210,롯데월드타워(잠실역2번출구 쪽),2538,사평리 공원
1210,롯데월드타워(잠실역2번출구 쪽),2538,사평리 공원
1210,롯데월드타워(잠실역2번출구 쪽),2628,문정역 1번출구
1210,롯데월드타워(잠실역2번출구 쪽),2623,석촌동 주민센터
1210,롯데월드타워(잠실역2번출구 쪽),501,광진구의회 앞
1210,롯데월드타워(잠실역2번출구 쪽),1262,송파여성문화회관 앞
1210,롯데월드타워(잠실역2번출구 쪽),1211,방이삼거리
1210,롯데월드타워(잠실역2번출구 쪽),2641,송파역 4번출구
1210,롯데월드타워(잠실역2번출구 쪽),2623,석촌동 주민센터
1210,롯데월드타워(잠실역2번출구 쪽),1251,석촌역 2번출구
1210,롯데월드타워(잠실역2번출구 쪽),1210,롯데월드타워(잠실역2번출구 쪽)
1210,롯데월드타워(잠실역2번출구 쪽),3623,일원에코파크 앞(개포로 방면)
1210,롯데월드타워(잠실역2번출구 쪽),2646,레이크펠리스101동앞
1210,롯데월드타워(잠실역2번출구 쪽),2608,송파구청
1210,롯데월드타워(잠실역2번출구 쪽),4864,송파사거리
1210,롯데월드타워(잠실역2번출구 쪽),2639,석촌역 8번출구
1210,롯데월드타워(잠실역2번출구 쪽),2420,학여울역 사거리(LG베스트샵 앞)
1210,롯데월드타워(잠실역2번출구 쪽),1210,롯데월드타워(잠실역2번출구 쪽)
1210,롯데월드타워(잠실역2번출구 쪽),1210,롯데월드타워(잠실역2번출구 쪽)
1210,롯데월드타워(잠실역2번출구 쪽),1210,롯데월드타워(잠실역2번출구 쪽)
1210,롯데월드타워(잠실역2번출구 쪽),1051,양지시장 (용성약국앞) 입구
1210,롯데월드타워(잠실역2번출구 쪽),2620,송파나루역 4번 출구옆
1210,롯데월드타워(잠실역2번출구 쪽),4868,레이크 호텔 앞
1210,롯데월드타워(잠실역2번출구 쪽),1251,석촌역 2번출구
1210,롯데월드타워(잠실역2번출구 쪽),2651,경찰병원역 3번출구 앞
1210,롯데월드타워(잠실역2번출구 쪽),2639,석촌역 8번출구
1210,롯데월드타워(잠실역2번출구 쪽),521,왕십리역 11번 출구 앞
1210,롯데월드타워(잠실역2번출구 쪽),2619,석촌고분역 4번출구
1210,롯데월드타워(잠실역2번출구 쪽),1211,방이삼거리
1210,롯데월드타워(잠실역2번출구 쪽),1251,석촌역 2번출구
1210,롯데월드타워(잠실역2번출구 쪽),1008,암사역 3번출구(국민은행앞)
1210,롯데월드타워(잠실역2번출구 쪽),1260,방이동 한양3차아파트 옆
1210,롯데월드타워(잠실역2번출구 쪽),2618,삼전역 1번출구
1210,롯데월드타워(잠실역2번출구 쪽),1210,롯데월드타워(잠실역2번출구 쪽)
1210,롯데월드타워(잠실역2번출구 쪽),2601,석촌호수 서호사거리
1210,롯데월드타워(잠실역2번출구 쪽),1209,잠실나루역 (2번 출구 쪽)
1210,롯데월드타워(잠실역2번출구 쪽),2648,헬리오시티 112동 앞
1210,롯데월드타워(잠실역2번출구 쪽),2620,송파나루역 4번 출구옆
1210,롯데월드타워(잠실역2번출구 쪽),1260,방이동 한양3차아파트 옆
1210,롯데월드타워(잠실역2번출구 쪽),542,강변역 4번출구 뒤
1210,롯데월드타워(잠실역2번출구 쪽),2619,석촌고분역 4번출구
1210,롯데월드타워(잠실역2번출구 쪽),1204,거여역 3번출구
1210,롯데월드타워(잠실역2번출구 쪽),1275,거여초등학교 옆
1210,롯데월드타워(잠실역2번출구 쪽),2646,레이크펠리스101동앞
1210,롯데월드타워(잠실역2번출구 쪽),1251,석촌역 2번출구
1210,롯데월드타워(잠실역2번출구 쪽),574,아차산역4번출구
1210,롯데월드타워(잠실역2번출구 쪽),1226,잠실4동 주민센터 옆
1210,롯데월드타워(잠실역2번출구 쪽),2610,여흥레이크빌 앞 (석촌호수 까페거리)
1210,롯데월드타워(잠실역2번출구 쪽),2621,한성백제역 2번 출구
1210,롯데월드타워(잠실역2번출구 쪽),1211,방이삼거리
1210,롯데월드타워(잠실역2번출구 쪽),2610,여흥레이크빌 앞 (석촌호수 까페거리)
1210,롯데월드타워(잠실역2번출구 쪽),567,성수역 2번출구 앞
1210,롯데월드타워(잠실역2번출구 쪽),2632,석촌고분역 2번 출구
1210,롯데월드타워(잠실역2번출구 쪽),4868,레이크 호텔 앞
1210,롯데월드타워(잠실역2번출구 쪽),1262,송파여성문화회관 앞
1210,롯데월드타워(잠실역2번출구 쪽),2610,여흥레이크빌 앞 (석촌호수 까페거리)
1210,롯데월드타워(잠실역2번출구 쪽),4865,한성백제역 1번출구 뒤
1210,롯데월드타워(잠실역2번출구 쪽),2618,삼전역 1번출구
1210,롯데월드타워(잠실역2번출구 쪽),2317,삼성도로공원
1210,롯데월드타워(잠실역2번출구 쪽),1293,석촌호교차로 (스타벅스 앞)
1210,롯데월드타워(잠실역2번출구 쪽),2613,잠실나들목
1210,롯데월드타워(잠실역2번출구 쪽),1293,석촌호교차로 (스타벅스 앞)
1210,롯데월드타워(잠실역2번출구 쪽),1293,석촌호교차로 (스타벅스 앞)
1210,롯데월드타워(잠실역2번출구 쪽),1293,석촌호교차로 (스타벅스 앞)
1210,롯데월드타워(잠실역2번출구 쪽),2630,서울방이동 고분군
1210,롯데월드타워(잠실역2번출구 쪽),2620,송파나루역 4번 출구옆
1210,롯데월드타워(잠실역2번출구 쪽),2639,석촌역 8번출구
1210,롯데월드타워(잠실역2번출구 쪽),2632,석촌고분역 2번 출구
1210,롯데월드타워(잠실역2번출구 쪽),2620,송파나루역 4번 출구옆
1210,롯데월드타워(잠실역2번출구 쪽),2342,대청역 1번출구  뒤
1210,롯데월드타워(잠실역2번출구 쪽),1262,송파여성문화회관 앞
1210,롯데월드타워(잠실역2번출구 쪽),4868,레이크 호텔 앞
1210,롯데월드타워(잠실역2번출구 쪽),4559,신길역 2번출구
1210,롯데월드타워(잠실역2번출구 쪽),1262,송파여성문화회관 앞
1210,롯데월드타워(잠실역2번출구 쪽),1295,잠실역 8번출구
1210,롯데월드타워(잠실역2번출구 쪽),2620,송파나루역 4번 출구옆
1210,롯데월드타워(잠실역2번출구 쪽),2623,석촌동 주민센터
1210,롯데월드타워(잠실역2번출구 쪽),2610,여흥레이크빌 앞 (석촌호수 까페거리)
1210,롯데월드타워(잠실역2번출구 쪽),1262,송파여성문화회관 앞
1210,롯데월드타워(잠실역2번출구 쪽),2610,여흥레이크빌 앞 (석촌호수 까페거리)
1210,롯데월드타워(잠실역2번출구 쪽),4496,잠실 파크리오 120동 앞
1210,롯데월드타워(잠실역2번출구 쪽),2639,석촌역 8번출구
1210,롯데월드타워(잠실역2번출구 쪽),1050,둔촌역 3번 출입구
1210,롯데월드타워(잠실역2번출구 쪽),4859,잠실나루 나들목
1210,롯데월드타워(잠실역2번출구 쪽),4868,레이크 호텔 앞
1210,롯데월드타워(잠실역2번출구 쪽),1264,천호역 10번 출구 앞
1210,롯데월드타워(잠실역2번출구 쪽),1212,송파역 2번 출구앞
1210,롯데월드타워(잠실역2번출구 쪽),1050,둔촌역 3번 출입구
1210,롯데월드타워(잠실역2번출구 쪽),1260,방이동 한양3차아파트 옆
1210,롯데월드타워(잠실역2번출구 쪽),1262,송파여성문화회관 앞
1210,롯데월드타워(잠실역2번출구 쪽),1072,고덕역 5번출구
1210,롯데월드타워(잠실역2번출구 쪽),1256,문정현대아파트 교차로
1210,롯데월드타워(잠실역2번출구 쪽),4865,한성백제역 1번출구 뒤
1210,롯데월드타워(잠실역2번출구 쪽),2610,여흥레이크빌 앞 (석촌호수 까페거리)
1210,롯데월드타워(잠실역2번출구 쪽),1244,문정 법조단지8
1210,롯데월드타워(잠실역2번출구 쪽),576,광나루역 3번 출구
1210,롯데월드타워(잠실역2번출구 쪽),3571,화양 APT(횡단보도 옆)
1210,롯데월드타워(잠실역2번출구 쪽),1235,잠실트리지움310동 옆
1210,롯데월드타워(잠실역2번출구 쪽),4868,레이크 호텔 앞
1210,롯데월드타워(잠실역2번출구 쪽),2619,석촌고분역 4번출구
1210,롯데월드타워(잠실역2번출구 쪽),1211,방이삼거리
1210,롯데월드타워(잠실역2번출구 쪽),1293,석촌호교차로 (스타벅스 앞)
1210,롯데월드타워(잠실역2번출구 쪽),2317,삼성도로공원
1210,롯데월드타워(잠실역2번출구 쪽),4865,한성백제역 1번출구 뒤
1210,롯데월드타워(잠실역2번출구 쪽),1248,방이초등학교
1210,롯데월드타워(잠실역2번출구 쪽),2601,석촌호수 서호사거리
1210,롯데월드타워(잠실역2번출구 쪽),2608,송파구청
1210,롯데월드타워(잠실역2번출구 쪽),1293,석촌호교차로 (스타벅스 앞)
1210,롯데월드타워(잠실역2번출구 쪽),2610,여흥레이크빌 앞 (석촌호수 까페거리)
1210,롯데월드타워(잠실역2번출구 쪽),1211,방이삼거리
1210,롯데월드타워(잠실역2번출구 쪽),1277,오금동 송파 참병원
1210,롯데월드타워(잠실역2번출구 쪽),1297,석촌호수교차로(동호 팔각정 앞)
1210,롯데월드타워(잠실역2번출구 쪽),2610,여흥레이크빌 앞 (석촌호수 까페거리)
1210,롯데월드타워(잠실역2번출구 쪽),2608,송파구청
1210,롯데월드타워(잠실역2번출구 쪽),2608,송파구청
1210,롯데월드타워(잠실역2번출구 쪽),2619,석촌고분역 4번출구
1210,롯데월드타워(잠실역2번출구 쪽),2608,송파구청
1210,롯데월드타워(잠실역2번출구 쪽),2610,여흥레이크빌 앞 (석촌호수 까페거리)
1210,롯데월드타워(잠실역2번출구 쪽),4479,문정중학교
1210,롯데월드타워(잠실역2번출구 쪽),2610,여흥레이크빌 앞 (석촌호수 까페거리)
1210,롯데월드타워(잠실역2번출구 쪽),2639,석촌역 8번출구
1210,롯데월드타워(잠실역2번출구 쪽),2610,여흥레이크빌 앞 (석촌호수 까페거리)
1210,롯데월드타워(잠실역2번출구 쪽),4868,레이크 호텔 앞
1210,롯데월드타워(잠실역2번출구 쪽),2601,석촌호수 서호사거리
1210,롯데월드타워(잠실역2번출구 쪽),2610,여흥레이크빌 앞 (석촌호수 까페거리)
1210,롯데월드타워(잠실역2번출구 쪽),2646,레이크펠리스101동앞
1210,롯데월드타워(잠실역2번출구 쪽),1222,잠실새내역 5번 출구 뒤
1210,롯데월드타워(잠실역2번출구 쪽),1222,잠실새내역 5번 출구 뒤
1210,롯데월드타워(잠실역2번출구 쪽),4865,한성백제역 1번출구 뒤
1210,롯데월드타워(잠실역2번출구 쪽),1221,삼전사거리 포스코더샵
1210,롯데월드타워(잠실역2번출구 쪽),2610,여흥레이크빌 앞 (석촌호수 까페거리)
1210,롯데월드타워(잠실역2번출구 쪽),4865,한성백제역 1번출구 뒤
1210,롯데월드타워(잠실역2번출구 쪽),4486,홈플러스 잠실점
1210,롯데월드타워(잠실역2번출구 쪽),1203,밀리아나2빌딩 앞
1210,롯데월드타워(잠실역2번출구 쪽),2646,레이크펠리스101동앞
1210,롯데월드타워(잠실역2번출구 쪽),2620,송파나루역 4번 출구옆
1210,롯데월드타워(잠실역2번출구 쪽),2641,송파역 4번출구
1210,롯데월드타워(잠실역2번출구 쪽),2601,석촌호수 서호사거리
1210,롯데월드타워(잠실역2번출구 쪽),1210,롯데월드타워(잠실역2번출구 쪽)
1210,롯데월드타워(잠실역2번출구 쪽),2620,송파나루역 4번 출구옆
1210,롯데월드타워(잠실역2번출구 쪽),1201,가락시장역 3번 출구
1210,롯데월드타워(잠실역2번출구 쪽),4452,삼성SDS
1210,롯데월드타워(잠실역2번출구 쪽),2620,송파나루역 4번 출구옆
1210,롯데월드타워(잠실역2번출구 쪽),2635,잠실새내역 1번출구
1210,롯데월드타워(잠실역2번출구 쪽),1210,롯데월드타워(잠실역2번출구 쪽)
1210,롯데월드타워(잠실역2번출구 쪽),4867,가락대림아파트 앞
1210,롯데월드타워(잠실역2번출구 쪽),2614,가락고등학교 앞
1210,롯데월드타워(잠실역2번출구 쪽),1030,미호 플랜트 앞
1210,롯데월드타워(잠실역2번출구 쪽),1210,롯데월드타워(잠실역2번출구 쪽)
1210,롯데월드타워(잠실역2번출구 쪽),2637,잠실월드 메르디앙
1210,롯데월드타워(잠실역2번출구 쪽),1008,암사역 3번출구(국민은행앞)
1210,롯데월드타워(잠실역2번출구 쪽),1008,암사역 3번출구(국민은행앞)
1210,롯데월드타워(잠실역2번출구 쪽),1050,둔촌역 3번 출입구
1210,롯데월드타워(잠실역2번출구 쪽),1269,리센츠아파트
1210,롯데월드타워(잠실역2번출구 쪽),4865,한성백제역 1번출구 뒤
1210,롯데월드타워(잠실역2번출구 쪽),1209,잠실나루역 (2번 출구 쪽)
1210,롯데월드타워(잠실역2번출구 쪽),1009,천호역4번출구(현대백화점)
1210,롯데월드타워(잠실역2번출구 쪽),1009,천호역4번출구(현대백화점)
1210,롯데월드타워(잠실역2번출구 쪽),1295,잠실역 8번출구
1210,롯데월드타워(잠실역2번출구 쪽),1295,잠실역 8번출구
1210,롯데월드타워(잠실역2번출구 쪽),1210,롯데월드타워(잠실역2번출구 쪽)
1210,롯데월드타워(잠실역2번출구 쪽),2601,석촌호수 서호사거리
1210,롯데월드타워(잠실역2번출구 쪽),2610,여흥레이크빌 앞 (석촌호수 까페거리)
1210,롯데월드타워(잠실역2번출구 쪽),1293,석촌호교차로 (스타벅스 앞)
1210,롯데월드타워(잠실역2번출구 쪽),2601,석촌호수 서호사거리
1210,롯데월드타워(잠실역2번출구 쪽),1201,가락시장역 3번 출구
1210,롯데월드타워(잠실역2번출구 쪽),1244,문정 법조단지8
1210,롯데월드타워(잠실역2번출구 쪽),1060,천일초교 사거리
1210,롯데월드타워(잠실역2번출구 쪽),1259,방이역 1번출구
1210,롯데월드타워(잠실역2번출구 쪽),2641,송파역 4번출구
1210,롯데월드타워(잠실역2번출구 쪽),1220,잠실본동주민센터뒤 잠실근린공원
1210,롯데월드타워(잠실역2번출구 쪽),1262,송파여성문화회관 앞
1210,롯데월드타워(잠실역2번출구 쪽),2630,서울방이동 고분군
1210,롯데월드타워(잠실역2번출구 쪽),2608,송파구청
1210,롯데월드타워(잠실역2번출구 쪽),1210,롯데월드타워(잠실역2번출구 쪽)
1210,롯데월드타워(잠실역2번출구 쪽),4868,레이크 호텔 앞
1210,롯데월드타워(잠실역2번출구 쪽),1300,오륜사거리
1210,롯데월드타워(잠실역2번출구 쪽),4493,마천사거리 2
1210,롯데월드타워(잠실역2번출구 쪽),2608,송파구청
1210,롯데월드타워(잠실역2번출구 쪽),2619,석촌고분역 4번출구
1210,롯데월드타워(잠실역2번출구 쪽),2623,석촌동 주민센터
1210,롯데월드타워(잠실역2번출구 쪽),2619,석촌고분역 4번출구
1210,롯데월드타워(잠실역2번출구 쪽),2620,송파나루역 4번 출구옆
1210,롯데월드타워(잠실역2번출구 쪽),1251,석촌역 2번출구
1210,롯데월드타워(잠실역2번출구 쪽),2639,석촌역 8번출구
1210,롯데월드타워(잠실역2번출구 쪽),1211,방이삼거리
1210,롯데월드타워(잠실역2번출구 쪽),1211,방이삼거리
1210,롯데월드타워(잠실역2번출구 쪽),1211,방이삼거리
1210,롯데월드타워(잠실역2번출구 쪽),2613,잠실나들목
1210,롯데월드타워(잠실역2번출구 쪽),1224,아시아지하보도 2번 출구
1210,롯데월드타워(잠실역2번출구 쪽),2610,여흥레이크빌 앞 (석촌호수 까페거리)
1210,롯데월드타워(잠실역2번출구 쪽),1211,방이삼거리