1160,양천향교역 7번출구앞,3759,서울이대병원
1160,양천향교역 7번출구앞,1160,양천향교역 7번출구앞
1160,양천향교역 7번출구앞,1153,"발산역 1번, 9번 인근 대여소"
1160,양천향교역 7번출구앞,1153,"발산역 1번, 9번 인근 대여소"
1160,양천향교역 7번출구앞,1153,"발산역 1번, 9번 인근 대여소"
1160,양천향교역 7번출구앞,2722,마곡 문영비지웍스
1160,양천향교역 7번출구앞,3756,마곡힐스테이트 정문
1160,양천향교역 7번출구앞,1153,"발산역 1번, 9번 인근 대여소"
1160,양천향교역 7번출구앞,3780,등촌서광아파트
1160,양천향교역 7번출구앞,2722,마곡 문영비지웍스
1160,양천향교역 7번출구앞,3787,가양나들목
1160,양천향교역 7번출구앞,1118,증미역 3번출구뒤(등촌두산위브센티움오피스텔)
1160,양천향교역 7번출구앞,1106,신방화사거리
1160,양천향교역 7번출구앞,2721,등촌1-10단지 교차로
1160,양천향교역 7번출구앞,1193,마곡센트럴타워 1차
1160,양천향교역 7번출구앞,2722,마곡 문영비지웍스
1160,양천향교역 7번출구앞,1153,"발산역 1번, 9번 인근 대여소"
1160,양천향교역 7번출구앞,1191,마곡역 교차로(NH농협)
1160,양천향교역 7번출구앞,2707,한강아파트
1160,양천향교역 7번출구앞,3769,가양동 이마트 앞
1160,양천향교역 7번출구앞,2722,마곡 문영비지웍스
1160,양천향교역 7번출구앞,2729,넥센 유니버시티 앞
1160,양천향교역 7번출구앞,2722,마곡 문영비지웍스
1160,양천향교역 7번출구앞,1118,증미역 3번출구뒤(등촌두산위브센티움오피스텔)
1160,양천향교역 7번출구앞,1160,양천향교역 7번출구앞
1160,양천향교역 7번출구앞,2709,강변아파트 310동 앞
1160,양천향교역 7번출구앞,2722,마곡 문영비지웍스
1160,양천향교역 7번출구앞,1118,증미역 3번출구뒤(등촌두산위브센티움오피스텔)
1160,양천향교역 7번출구앞,2725,서울식물원 식물문화센터
1160,양천향교역 7번출구앞,1185,등촌9단지
1160,양천향교역 7번출구앞,1112,마곡엠밸리4단지 정문
1160,양천향교역 7번출구앞,1160,양천향교역 7번출구앞
1160,양천향교역 7번출구앞,1150,송정역 1번출구
1160,양천향교역 7번출구앞,2709,강변아파트 310동 앞
1160,양천향교역 7번출구앞,2721,등촌1-10단지 교차로
1160,양천향교역 7번출구앞,1112,마곡엠밸리4단지 정문
1160,양천향교역 7번출구앞,1124,발산역 6번 출구 뒤
1160,양천향교역 7번출구앞,2721,등촌1-10단지 교차로
1160,양천향교역 7번출구앞,1158,가양역 8번출구
1160,양천향교역 7번출구앞,3786,강서힐스테이트 상가 앞
1160,양천향교역 7번출구앞,2708,강서한강자이타워 앞
1160,양천향교역 7번출구앞,1124,발산역 6번 출구 뒤
1160,양천향교역 7번출구앞,3764,관문주유소(GS칼택스) 앞
1160,양천향교역 7번출구앞,1178,개화산역 2번 출구
1160,양천향교역 7번출구앞,2721,등촌1-10단지 교차로
1160,양천향교역 7번출구앞,2721,등촌1-10단지 교차로
1160,양천향교역 7번출구앞,2717,LG유플러스 마곡사옥
1160,양천향교역 7번출구앞,2719,마곡문화공원
1160,양천향교역 7번출구앞,1124,발산역 6번 출구 뒤
1160,양천향교역 7번출구앞,1153,"발산역 1번, 9번 인근 대여소"
1160,양천향교역 7번출구앞,3775,가양오토갤러리
1160,양천향교역 7번출구앞,2718,마곡수명산파크1단지
1160,양천향교역 7번출구앞,1166,강서구립등빛도서관
1160,양천향교역 7번출구앞,2721,등촌1-10단지 교차로
1160,양천향교역 7번출구앞,2723,마곡 필네이처
1160,양천향교역 7번출구앞,2740,마곡레포츠센터
1160,양천향교역 7번출구앞,1177,수명중?고교
1160,양천향교역 7번출구앞,1180,마곡엠밸리 15단지(1502동) 건너편
1160,양천향교역 7번출구앞,1180,마곡엠밸리 15단지(1502동) 건너편
1160,양천향교역 7번출구앞,1153,"발산역 1번, 9번 인근 대여소"
1160,양천향교역 7번출구앞,3796,송정역 3번출구 앞
1160,양천향교역 7번출구앞,1160,양천향교역 7번출구앞
1160,양천향교역 7번출구앞,1153,"발산역 1번, 9번 인근 대여소"
1160,양천향교역 7번출구앞,1163,방화동강서기동대앞
1160,양천향교역 7번출구앞,1185,등촌9단지
1160,양천향교역 7번출구앞,1118,증미역 3번출구뒤(등촌두산위브센티움오피스텔)
1160,양천향교역 7번출구앞,1160,양천향교역 7번출구앞
1160,양천향교역 7번출구앞,3784,벽산아파트
1160,양천향교역 7번출구앞,2707,한강아파트
1160,양천향교역 7번출구앞,2707,한강아파트
1160,양천향교역 7번출구앞,2721,등촌1-10단지 교차로
1160,양천향교역 7번출구앞,3783,마곡금호어울림아파트
1160,양천향교역 7번출구앞,1160,양천향교역 7번출구앞
1160,양천향교역 7번출구앞,1153,"발산역 1번, 9번 인근 대여소"
1160,양천향교역 7번출구앞,1153,"발산역 1번, 9번 인근 대여소"
1160,양천향교역 7번출구앞,1112,마곡엠밸리4단지 정문
1160,양천향교역 7번출구앞,1197,엠펠리체 호텔 건너편
1160,양천향교역 7번출구앞,2743,동신아파트 104동 앞
1160,양천향교역 7번출구앞,2702,마곡 엠밸리2단지
1160,양천향교역 7번출구앞,1153,"발산역 1번, 9번 인근 대여소"
1160,양천향교역 7번출구앞,1160,양천향교역 7번출구앞
1160,양천향교역 7번출구앞,3782,겸재정선미술관
1160,양천향교역 7번출구앞,3775,가양오토갤러리
1160,양천향교역 7번출구앞,1160,양천향교역 7번출구앞
1160,양천향교역 7번출구앞,2722,마곡 문영비지웍스
1160,양천향교역 7번출구앞,3780,등촌서광아파트
1160,양천향교역 7번출구앞,2721,등촌1-10단지 교차로
1160,양천향교역 7번출구앞,2721,등촌1-10단지 교차로
1160,양천향교역 7번출구앞,1113,서남환경공원 버스정류장
1160,양천향교역 7번출구앞,3776,김포공항교차로
1160,양천향교역 7번출구앞,1158,가양역 8번출구
1160,양천향교역 7번출구앞,1125,명덕고교입구(영종빌딩)
1160,양천향교역 7번출구앞,1131,꿈돌이공원 앞
1160,양천향교역 7번출구앞,1124,발산역 6번 출구 뒤
1160,양천향교역 7번출구앞,3793,더리브골드타워
1160,양천향교역 7번출구앞,2725,서울식물원 식물문화센터
1160,양천향교역 7번출구앞,3786,강서힐스테이트 상가 앞
1160,양천향교역 7번출구앞,1185,등촌9단지
1160,양천향교역 7번출구앞,1124,발산역 6번 출구 뒤
1160,양천향교역 7번출구앞,1160,양천향교역 7번출구앞
1160,양천향교역 7번출구앞,2719,마곡문화공원
1160,양천향교역 7번출구앞,2708,강서한강자이타워 앞
1160,양천향교역 7번출구앞,1160,양천향교역 7번출구앞
1160,양천향교역 7번출구앞,3782,겸재정선미술관
1160,양천향교역 7번출구앞,1160,양천향교역 7번출구앞
1160,양천향교역 7번출구앞,3788,정곡나들목
1160,양천향교역 7번출구앞,3788,정곡나들목
1160,양천향교역 7번출구앞,1174,강서구청사거리(부민병원)
1160,양천향교역 7번출구앞,2743,동신아파트 104동 앞
1160,양천향교역 7번출구앞,1160,양천향교역 7번출구앞
1160,양천향교역 7번출구앞,3764,관문주유소(GS칼택스) 앞
1160,양천향교역 7번출구앞,2722,마곡 문영비지웍스
1160,양천향교역 7번출구앞,1197,엠펠리체 호텔 건너편
1160,양천향교역 7번출구앞,1102,방화사거리 마을버스 버스정류장
1160,양천향교역 7번출구앞,1102,방화사거리 마을버스 버스정류장
1160,양천향교역 7번출구앞,1160,양천향교역 7번출구앞
1160,양천향교역 7번출구앞,2708,강서한강자이타워 앞
1160,양천향교역 7번출구앞,3783,마곡금호어울림아파트
1160,양천향교역 7번출구앞,2722,마곡 문영비지웍스
1160,양천향교역 7번출구앞,2708,강서한강자이타워 앞
1160,양천향교역 7번출구앞,1106,신방화사거리
1160,양천향교역 7번출구앞,1158,가양역 8번출구
1160,양천향교역 7번출구앞,2722,마곡 문영비지웍스
1160,양천향교역 7번출구앞,2722,마곡 문영비지웍스
1160,양천향교역 7번출구앞,1167,마곡수명산파크3단지 교차로
1160,양천향교역 7번출구앞,1124,발산역 6번 출구 뒤
1160,양천향교역 7번출구앞,1160,양천향교역 7번출구앞
1160,양천향교역 7번출구앞,2722,마곡 문영비지웍스
1160,양천향교역 7번출구앞,3759,서울이대병원
1160,양천향교역 7번출구앞,2709,강변아파트 310동 앞
1160,양천향교역 7번출구앞,2709,강변아파트 310동 앞
1160,양천향교역 7번출구앞,1124,발산역 6번 출구 뒤
1160,양천향교역 7번출구앞,154,마포구청역
1160,양천향교역 7번출구앞,3775,가양오토갤러리
1160,양천향교역 7번출구앞,3756,마곡힐스테이트 정문
1160,양천향교역 7번출구앞,2721,등촌1-10단지 교차로
1160,양천향교역 7번출구앞,2708,강서한강자이타워 앞
1160,양천향교역 7번출구앞,1160,양천향교역 7번출구앞
1160,양천향교역 7번출구앞,1155,기쁜우리복지관
1160,양천향교역 7번출구앞,1157,강서구청
1160,양천향교역 7번출구앞,1197,엠펠리체 호텔 건너편
1160,양천향교역 7번출구앞,1160,양천향교역 7번출구앞
1160,양천향교역 7번출구앞,3758,서울남부출입국관리소
1160,양천향교역 7번출구앞,1120,대림경동아파트앞
1160,양천향교역 7번출구앞,1152,마곡역교차로
1160,양천향교역 7번출구앞,2722,마곡 문영비지웍스
1160,양천향교역 7번출구앞,2722,마곡 문영비지웍스
1160,양천향교역 7번출구앞,2708,강서한강자이타워 앞
1160,양천향교역 7번출구앞,2721,등촌1-10단지 교차로
1160,양천향교역 7번출구앞,3782,겸재정선미술관
1160,양천향교역 7번출구앞,1124,발산역 6번 출구 뒤
1160,양천향교역 7번출구앞,1166,강서구립등빛도서관
1160,양천향교역 7번출구앞,2708,강서한강자이타워 앞
1160,양천향교역 7번출구앞,3793,더리브골드타워
1160,양천향교역 7번출구앞,3798,그랜드아이파크아파트 앞
1160,양천향교역 7번출구앞,2721,등촌1-10단지 교차로
1160,양천향교역 7번출구앞,1118,증미역 3번출구뒤(등촌두산위브센티움오피스텔)
1160,양천향교역 7번출구앞,2708,강서한강자이타워 앞
1160,양천향교역 7번출구앞,2737,까치산역 3번 출구
1160,양천향교역 7번출구앞,1118,증미역 3번출구뒤(등촌두산위브센티움오피스텔)
1160,양천향교역 7번출구앞,1197,엠펠리체 호텔 건너편
1160,양천향교역 7번출구앞,2722,마곡 문영비지웍스
1160,양천향교역 7번출구앞,1159,서서울모터리움앞
1160,양천향교역 7번출구앞,1170,강서구보건소 (삼성디지털 프라자)
1160,양천향교역 7번출구앞,1170,강서구보건소 (삼성디지털 프라자)
1160,양천향교역 7번출구앞,1197,엠펠리체 호텔 건너편
1160,양천향교역 7번출구앞,1153,"발산역 1번, 9번 인근 대여소"
1160,양천향교역 7번출구앞,1153,"발산역 1번, 9번 인근 대여소"
1160,양천향교역 7번출구앞,1149,신방화역환승주차장
1160,양천향교역 7번출구앞,2725,서울식물원 식물문화센터
1160,양천향교역 7번출구앞,2727,서울식물원 잔디마당 앞
1160,양천향교역 7번출구앞,1194,센서텍㈜
1160,양천향교역 7번출구앞,2715,마곡나루역 2번 출구
1160,양천향교역 7번출구앞,1159,서서울모터리움앞
1160,양천향교역 7번출구앞,2706,강서공업고등학교 앞
1160,양천향교역 7번출구앞,3759,서울이대병원
1160,양천향교역 7번출구앞,1197,엠펠리체 호텔 건너편
1160,양천향교역 7번출구앞,3759,서울이대병원
1160,양천향교역 7번출구앞,3759,서울이대병원
1160,양천향교역 7번출구앞,3764,관문주유소(GS칼택스) 앞
1160,양천향교역 7번출구앞,1197,엠펠리체 호텔 건너편
1160,양천향교역 7번출구앞,3759,서울이대병원
1160,양천향교역 7번출구앞,1160,양천향교역 7번출구앞
1160,양천향교역 7번출구앞,2722,마곡 문영비지웍스
1160,양천향교역 7번출구앞,1153,"발산역 1번, 9번 인근 대여소"
1160,양천향교역 7번출구앞,2722,마곡 문영비지웍스
1160,양천향교역 7번출구앞,3759,서울이대병원
1160,양천향교역 7번출구앞,1167,마곡수명산파크3단지 교차로
1160,양천향교역 7번출구앞,1166,강서구립등빛도서관
1160,양천향교역 7번출구앞,1166,강서구립등빛도서관
1160,양천향교역 7번출구앞,2708,강서한강자이타워 앞
1160,양천향교역 7번출구앞,1159,서서울모터리움앞
1160,양천향교역 7번출구앞,3769,가양동 이마트 앞
1160,양천향교역 7번출구앞,1187,강서수산물도매시장
1160,양천향교역 7번출구앞,2720,힐스테이트에코
1160,양천향교역 7번출구앞,1160,양천향교역 7번출구앞
1160,양천향교역 7번출구앞,1153,"발산역 1번, 9번 인근 대여소"
1160,양천향교역 7번출구앞,1149,신방화역환승주차장
1160,양천향교역 7번출구앞,1182,KBS 스포츠월드
1160,양천향교역 7번출구앞,1153,"발산역 1번, 9번 인근 대여소"
1160,양천향교역 7번출구앞,2739,수명산파크1단지교차로
1160,양천향교역 7번출구앞,1194,센서텍㈜
1160,양천향교역 7번출구앞,2707,한강아파트
1160,양천향교역 7번출구앞,2739,수명산파크1단지교차로
1160,양천향교역 7번출구앞,1153,"발산역 1번, 9번 인근 대여소"
1160,양천향교역 7번출구앞,2722,마곡 문영비지웍스
1160,양천향교역 7번출구앞,2717,LG유플러스 마곡사옥
1160,양천향교역 7번출구앞,2742,강서구민올림픽체육센터
1160,양천향교역 7번출구앞,1191,마곡역 교차로(NH농협)
1160,양천향교역 7번출구앞,2740,마곡레포츠센터
1160,양천향교역 7번출구앞,2740,마곡레포츠센터
1160,양천향교역 7번출구앞,2723,마곡 필네이처
1160,양천향교역 7번출구앞,1124,발산역 6번 출구 뒤
1160,양천향교역 7번출구앞,1149,신방화역환승주차장
1160,양천향교역 7번출구앞,3796,송정역 3번출구 앞
1160,양천향교역 7번출구앞,1193,마곡센트럴타워 1차
1160,양천향교역 7번출구앞,3783,마곡금호어울림아파트
1160,양천향교역 7번출구앞,3784,벽산아파트
1160,양천향교역 7번출구앞,1166,강서구립등빛도서관
1160,양천향교역 7번출구앞,2743,동신아파트 104동 앞
1160,양천향교역 7번출구앞,2718,마곡수명산파크1단지
1160,양천향교역 7번출구앞,3784,벽산아파트
1160,양천향교역 7번출구앞,2721,등촌1-10단지 교차로
1160,양천향교역 7번출구앞,2721,등촌1-10단지 교차로
1160,양천향교역 7번출구앞,3784,벽산아파트
1160,양천향교역 7번출구앞,3782,겸재정선미술관
1160,양천향교역 7번출구앞,1160,양천향교역 7번출구앞
1160,양천향교역 7번출구앞,1160,양천향교역 7번출구앞
1160,양천향교역 7번출구앞,1177,수명중?고교
1160,양천향교역 7번출구앞,2720,힐스테이트에코
1160,양천향교역 7번출구앞,2722,마곡 문영비지웍스
1160,양천향교역 7번출구앞,3783,마곡금호어울림아파트
1160,양천향교역 7번출구앞,2708,강서한강자이타워 앞
1160,양천향교역 7번출구앞,2708,강서한강자이타워 앞
1160,양천향교역 7번출구앞,3783,마곡금호어울림아파트
1160,양천향교역 7번출구앞,1168,마곡엠밸리10단지 앞
1160,양천향교역 7번출구앞,2710,라이품 공영주차장 앞
1160,양천향교역 7번출구앞,1124,발산역 6번 출구 뒤
1160,양천향교역 7번출구앞,1194,센서텍㈜
1160,양천향교역 7번출구앞,2727,서울식물원 잔디마당 앞
1160,양천향교역 7번출구앞,1195,코오롱One&Only타워
1160,양천향교역 7번출구앞,2727,서울식물원 잔디마당 앞
1160,양천향교역 7번출구앞,2721,등촌1-10단지 교차로
1160,양천향교역 7번출구앞,2727,서울식물원 잔디마당 앞
1160,양천향교역 7번출구앞,3793,더리브골드타워
1160,양천향교역 7번출구앞,1188,롯데중앙연구소
1160,양천향교역 7번출구앞,1173,강서구청사거리(SH타워)
1160,양천향교역 7번출구앞,1157,강서구청
1160,양천향교역 7번출구앞,1112,마곡엠밸리4단지 정문
1160,양천향교역 7번출구앞,2730,마곡메가박스 앞
1160,양천향교역 7번출구앞,1194,센서텍㈜
1160,양천향교역 7번출구앞,2706,강서공업고등학교 앞
1160,양천향교역 7번출구앞,2735,마곡 공공청사
1160,양천향교역 7번출구앞,2743,동신아파트 104동 앞
1160,양천향교역 7번출구앞,1160,양천향교역 7번출구앞
1160,양천향교역 7번출구앞,2715,마곡나루역 2번 출구
1160,양천향교역 7번출구앞,1194,센서텍㈜
1160,양천향교역 7번출구앞,1102,방화사거리 마을버스 버스정류장
1160,양천향교역 7번출구앞,3764,관문주유소(GS칼택스) 앞
1160,양천향교역 7번출구앞,2743,동신아파트 104동 앞
1160,양천향교역 7번출구앞,2707,한강아파트
1160,양천향교역 7번출구앞,1160,양천향교역 7번출구앞
1160,양천향교역 7번출구앞,1193,마곡센트럴타워 1차
1160,양천향교역 7번출구앞,1118,증미역 3번출구뒤(등촌두산위브센티움오피스텔)
1160,양천향교역 7번출구앞,1118,증미역 3번출구뒤(등촌두산위브센티움오피스텔)
1160,양천향교역 7번출구앞,2730,마곡메가박스 앞
1160,양천향교역 7번출구앞,1162,공항초등학교건너편
1160,양천향교역 7번출구앞,1160,양천향교역 7번출구앞
1160,양천향교역 7번출구앞,1193,마곡센트럴타워 1차
1160,양천향교역 7번출구앞,1180,마곡엠밸리 15단지(1502동) 건너편
1160,양천향교역 7번출구앞,3783,마곡금호어울림아파트
1160,양천향교역 7번출구앞,2721,등촌1-10단지 교차로
1160,양천향교역 7번출구앞,2722,마곡 문영비지웍스
1160,양천향교역 7번출구앞,1103,방화역 4번출구앞
1160,양천향교역 7번출구앞,3760,발산역 8번 출구
1160,양천향교역 7번출구앞,1185,등촌9단지
1160,양천향교역 7번출구앞,1153,"발산역 1번, 9번 인근 대여소"
1160,양천향교역 7번출구앞,1103,방화역 4번출구앞
1160,양천향교역 7번출구앞,1109,공항시장역 4번출구
1160,양천향교역 7번출구앞,1192,마곡수명산파크 209동 건너편
1160,양천향교역 7번출구앞,1173,강서구청사거리(SH타워)
1160,양천향교역 7번출구앞,1129,화곡역 1번 출구 앞
1160,양천향교역 7번출구앞,2742,강서구민올림픽체육센터
1160,양천향교역 7번출구앞,2707,한강아파트
1160,양천향교역 7번출구앞,2718,마곡수명산파크1단지
1160,양천향교역 7번출구앞,1191,마곡역 교차로(NH농협)
1160,양천향교역 7번출구앞,1166,강서구립등빛도서관
1160,양천향교역 7번출구앞,1827,독산보도육교 앞 자전거 보관소
1160,양천향교역 7번출구앞,3801,이랜드글로벌R&D센터
1160,양천향교역 7번출구앞,2739,수명산파크1단지교차로
1160,양천향교역 7번출구앞,1124,발산역 6번 출구 뒤
1160,양천향교역 7번출구앞,2744,강서세무서 앞
1160,양천향교역 7번출구앞,1155,기쁜우리복지관
1160,양천향교역 7번출구앞,1155,기쁜우리복지관
1160,양천향교역 7번출구앞,1184,마곡13단지
1160,양천향교역 7번출구앞,2721,등촌1-10단지 교차로
1160,양천향교역 7번출구앞,2722,마곡 문영비지웍스
1160,양천향교역 7번출구앞,1160,양천향교역 7번출구앞
1160,양천향교역 7번출구앞,2722,마곡 문영비지웍스
1160,양천향교역 7번출구앞,1153,"발산역 1번, 9번 인근 대여소"
1160,양천향교역 7번출구앞,1120,대림경동아파트앞
1160,양천향교역 7번출구앞,1118,증미역 3번출구뒤(등촌두산위브센티움오피스텔)
1160,양천향교역 7번출구앞,3775,가양오토갤러리
1160,양천향교역 7번출구앞,2721,등촌1-10단지 교차로
1160,양천향교역 7번출구앞,2723,마곡 필네이처
1160,양천향교역 7번출구앞,2719,마곡문화공원
1160,양천향교역 7번출구앞,2730,마곡메가박스 앞
1160,양천향교역 7번출구앞,1192,마곡수명산파크 209동 건너편
1160,양천향교역 7번출구앞,1194,센서텍㈜
1160,양천향교역 7번출구앞,1124,발산역 6번 출구 뒤
1160,양천향교역 7번출구앞,2727,서울식물원 잔디마당 앞
1160,양천향교역 7번출구앞,1194,센서텍㈜
1160,양천향교역 7번출구앞,1198,LG 사이언스파크
1160,양천향교역 7번출구앞,2717,LG유플러스 마곡사옥
1160,양천향교역 7번출구앞,1194,센서텍㈜
1160,양천향교역 7번출구앞,2727,서울식물원 잔디마당 앞
1160,양천향교역 7번출구앞,2721,등촌1-10단지 교차로
1160,양천향교역 7번출구앞,2721,등촌1-10단지 교차로
1160,양천향교역 7번출구앞,1174,강서구청사거리(부민병원)
1160,양천향교역 7번출구앞,2706,강서공업고등학교 앞
1160,양천향교역 7번출구앞,1194,센서텍㈜
1160,양천향교역 7번출구앞,1160,양천향교역 7번출구앞
1160,양천향교역 7번출구앞,2715,마곡나루역 2번 출구
1160,양천향교역 7번출구앞,1153,"발산역 1번, 9번 인근 대여소"
1160,양천향교역 7번출구앞,714,한국SGI 양천문화회관 앞
1160,양천향교역 7번출구앞,3784,벽산아파트
1160,양천향교역 7번출구앞,2730,마곡메가박스 앞
1160,양천향교역 7번출구앞,2722,마곡 문영비지웍스
1160,양천향교역 7번출구앞,3759,서울이대병원
1160,양천향교역 7번출구앞,1124,발산역 6번 출구 뒤
1160,양천향교역 7번출구앞,1191,마곡역 교차로(NH농협)
1160,양천향교역 7번출구앞,2720,힐스테이트에코
1160,양천향교역 7번출구앞,1119,염창동 한마음아파트앞(염창동 빛나는 음악학원앞)
1160,양천향교역 7번출구앞,2739,수명산파크1단지교차로
1160,양천향교역 7번출구앞,3780,등촌서광아파트
1160,양천향교역 7번출구앞,1197,엠펠리체 호텔 건너편
1160,양천향교역 7번출구앞,2721,등촌1-10단지 교차로
1160,양천향교역 7번출구앞,1197,엠펠리체 호텔 건너편
1160,양천향교역 7번출구앞,1153,"발산역 1번, 9번 인근 대여소"
1160,양천향교역 7번출구앞,1162,공항초등학교건너편
1160,양천향교역 7번출구앞,1160,양천향교역 7번출구앞
1160,양천향교역 7번출구앞,1125,명덕고교입구(영종빌딩)
1160,양천향교역 7번출구앞,1153,"발산역 1번, 9번 인근 대여소"
1160,양천향교역 7번출구앞,2708,강서한강자이타워 앞
1160,양천향교역 7번출구앞,1120,대림경동아파트앞
1160,양천향교역 7번출구앞,1178,개화산역 2번 출구
1160,양천향교역 7번출구앞,272,당산육갑문
1160,양천향교역 7번출구앞,272,당산육갑문
1160,양천향교역 7번출구앞,1160,양천향교역 7번출구앞
1160,양천향교역 7번출구앞,2742,강서구민올림픽체육센터
1160,양천향교역 7번출구앞,2740,마곡레포츠센터
1160,양천향교역 7번출구앞,1182,KBS 스포츠월드
1160,양천향교역 7번출구앞,2740,마곡레포츠센터
1160,양천향교역 7번출구앞,1166,강서구립등빛도서관
1160,양천향교역 7번출구앞,1191,마곡역 교차로(NH농협)
1160,양천향교역 7번출구앞,1155,기쁜우리복지관
1160,양천향교역 7번출구앞,1160,양천향교역 7번출구앞
1160,양천향교역 7번출구앞,3783,마곡금호어울림아파트
1160,양천향교역 7번출구앞,3784,벽산아파트
1160,양천향교역 7번출구앞,1103,방화역 4번출구앞
1160,양천향교역 7번출구앞,2715,마곡나루역 2번 출구
1160,양천향교역 7번출구앞,2721,등촌1-10단지 교차로
1160,양천향교역 7번출구앞,2712,화곡터널입구교차로
1160,양천향교역 7번출구앞,1193,마곡센트럴타워 1차
1160,양천향교역 7번출구앞,755,목동1단지아파트 상가 앞
1160,양천향교역 7번출구앞,2721,등촌1-10단지 교차로
1160,양천향교역 7번출구앞,1191,마곡역 교차로(NH농협)
1160,양천향교역 7번출구앞,1177,수명중?고교
1160,양천향교역 7번출구앞,3782,겸재정선미술관
1160,양천향교역 7번출구앞,1158,가양역 8번출구
1160,양천향교역 7번출구앞,1190,마곡역 교차로(2번출구)
1160,양천향교역 7번출구앞,1125,명덕고교입구(영종빌딩)
1160,양천향교역 7번출구앞,2722,마곡 문영비지웍스
1160,양천향교역 7번출구앞,2721,등촌1-10단지 교차로
1160,양천향교역 7번출구앞,1185,등촌9단지
1160,양천향교역 7번출구앞,2740,마곡레포츠센터
1160,양천향교역 7번출구앞,1197,엠펠리체 호텔 건너편
1160,양천향교역 7번출구앞,2723,마곡 필네이처
1160,양천향교역 7번출구앞,1153,"발산역 1번, 9번 인근 대여소"
1160,양천향교역 7번출구앞,1173,강서구청사거리(SH타워)
1160,양천향교역 7번출구앞,1158,가양역 8번출구
1160,양천향교역 7번출구앞,1124,발산역 6번 출구 뒤
1160,양천향교역 7번출구앞,2722,마곡 문영비지웍스
1160,양천향교역 7번출구앞,1159,서서울모터리움앞
1160,양천향교역 7번출구앞,1125,명덕고교입구(영종빌딩)
1160,양천향교역 7번출구앞,1118,증미역 3번출구뒤(등촌두산위브센티움오피스텔)
1160,양천향교역 7번출구앞,1155,기쁜우리복지관
1160,양천향교역 7번출구앞,3775,가양오토갤러리
1160,양천향교역 7번출구앞,2743,동신아파트 104동 앞
1160,양천향교역 7번출구앞,1118,증미역 3번출구뒤(등촌두산위브센티움오피스텔)
1160,양천향교역 7번출구앞,3783,마곡금호어울림아파트
1160,양천향교역 7번출구앞,2744,강서세무서 앞
1160,양천향교역 7번출구앞,1102,방화사거리 마을버스 버스정류장
1160,양천향교역 7번출구앞,1124,발산역 6번 출구 뒤
1160,양천향교역 7번출구앞,2725,서울식물원 식물문화센터
1160,양천향교역 7번출구앞,2727,서울식물원 잔디마당 앞
1160,양천향교역 7번출구앞,2708,강서한강자이타워 앞
1160,양천향교역 7번출구앞,1194,센서텍㈜
1160,양천향교역 7번출구앞,1195,코오롱One&Only타워
1160,양천향교역 7번출구앞,2717,LG유플러스 마곡사옥
1160,양천향교역 7번출구앞,3798,그랜드아이파크아파트 앞
1160,양천향교역 7번출구앞,2723,마곡 필네이처
1160,양천향교역 7번출구앞,2715,마곡나루역 2번 출구
1160,양천향교역 7번출구앞,2721,등촌1-10단지 교차로
1160,양천향교역 7번출구앞,3801,이랜드글로벌R&D센터
1160,양천향교역 7번출구앞,1194,센서텍㈜
1160,양천향교역 7번출구앞,2706,강서공업고등학교 앞
1160,양천향교역 7번출구앞,2728,마곡나루역 3번 출구
1160,양천향교역 7번출구앞,2715,마곡나루역 2번 출구
1160,양천향교역 7번출구앞,1160,양천향교역 7번출구앞
1160,양천향교역 7번출구앞,2743,동신아파트 104동 앞
1160,양천향교역 7번출구앞,1195,코오롱One&Only타워
1160,양천향교역 7번출구앞,1196,서울식물원(문화센터) 건너편
1160,양천향교역 7번출구앞,1160,양천향교역 7번출구앞
1160,양천향교역 7번출구앞,1155,기쁜우리복지관
1160,양천향교역 7번출구앞,2704,홈플러스(강서점)
1160,양천향교역 7번출구앞,1153,"발산역 1번, 9번 인근 대여소"
1160,양천향교역 7번출구앞,1121,가양레포츠센터앞
1160,양천향교역 7번출구앞,1160,양천향교역 7번출구앞
1160,양천향교역 7번출구앞,1160,양천향교역 7번출구앞
1160,양천향교역 7번출구앞,1173,강서구청사거리(SH타워)
1160,양천향교역 7번출구앞,1184,마곡13단지
1160,양천향교역 7번출구앞,2707,한강아파트
1160,양천향교역 7번출구앞,1124,발산역 6번 출구 뒤
1160,양천향교역 7번출구앞,2730,마곡메가박스 앞
1160,양천향교역 7번출구앞,742,등촌역 5번 출구 뒤
1160,양천향교역 7번출구앞,1120,대림경동아파트앞
1160,양천향교역 7번출구앞,3784,벽산아파트
1160,양천향교역 7번출구앞,2707,한강아파트
1160,양천향교역 7번출구앞,3793,더리브골드타워
1160,양천향교역 7번출구앞,2720,힐스테이트에코
1160,양천향교역 7번출구앞,3798,그랜드아이파크아파트 앞
1160,양천향교역 7번출구앞,1160,양천향교역 7번출구앞
1160,양천향교역 7번출구앞,3793,더리브골드타워
1160,양천향교역 7번출구앞,2722,마곡 문영비지웍스
1160,양천향교역 7번출구앞,1159,서서울모터리움앞
1160,양천향교역 7번출구앞,1160,양천향교역 7번출구앞
1160,양천향교역 7번출구앞,1162,공항초등학교건너편
1160,양천향교역 7번출구앞,1117,스타벅스앞
1160,양천향교역 7번출구앞,1197,엠펠리체 호텔 건너편
1160,양천향교역 7번출구앞,2722,마곡 문영비지웍스
1160,양천향교역 7번출구앞,2715,마곡나루역 2번 출구
1160,양천향교역 7번출구앞,1160,양천향교역 7번출구앞
1160,양천향교역 7번출구앞,1113,서남환경공원 버스정류장
1160,양천향교역 7번출구앞,1197,엠펠리체 호텔 건너편
1160,양천향교역 7번출구앞,1141,곰달래 문화복지센터 1-1
1160,양천향교역 7번출구앞,1178,개화산역 2번 출구
1160,양천향교역 7번출구앞,1182,KBS 스포츠월드
1160,양천향교역 7번출구앞,1153,"발산역 1번, 9번 인근 대여소"
1160,양천향교역 7번출구앞,1153,"발산역 1번, 9번 인근 대여소"
1160,양천향교역 7번출구앞,1173,강서구청사거리(SH타워)
1160,양천향교역 7번출구앞,1192,마곡수명산파크 209동 건너편
1160,양천향교역 7번출구앞,2742,강서구민올림픽체육센터
1160,양천향교역 7번출구앞,2706,강서공업고등학교 앞
1160,양천향교역 7번출구앞,2717,LG유플러스 마곡사옥
1160,양천향교역 7번출구앞,1129,화곡역 1번 출구 앞
1160,양천향교역 7번출구앞,3784,벽산아파트
1160,양천향교역 7번출구앞,1158,가양역 8번출구
1160,양천향교역 7번출구앞,1158,가양역 8번출구
1160,양천향교역 7번출구앞,2715,마곡나루역 2번 출구
1160,양천향교역 7번출구앞,2722,마곡 문영비지웍스
1160,양천향교역 7번출구앞,2721,등촌1-10단지 교차로
1160,양천향교역 7번출구앞,1124,발산역 6번 출구 뒤
1160,양천향교역 7번출구앞,1827,독산보도육교 앞 자전거 보관소
1160,양천향교역 7번출구앞,1197,엠펠리체 호텔 건너편
1160,양천향교역 7번출구앞,1197,엠펠리체 호텔 건너편
1160,양천향교역 7번출구앞,2742,강서구민올림픽체육센터
1160,양천향교역 7번출구앞,1160,양천향교역 7번출구앞
1160,양천향교역 7번출구앞,2722,마곡 문영비지웍스
1160,양천향교역 7번출구앞,1124,발산역 6번 출구 뒤
1160,양천향교역 7번출구앞,2721,등촌1-10단지 교차로
1160,양천향교역 7번출구앞,2723,마곡 필네이처
1160,양천향교역 7번출구앞,2721,등촌1-10단지 교차로
1160,양천향교역 7번출구앞,1155,기쁜우리복지관
1160,양천향교역 7번출구앞,1117,스타벅스앞
1160,양천향교역 7번출구앞,752,성원2차 아파트
1160,양천향교역 7번출구앞,2721,등촌1-10단지 교차로
1160,양천향교역 7번출구앞,3775,가양오토갤러리
1160,양천향교역 7번출구앞,1118,증미역 3번출구뒤(등촌두산위브센티움오피스텔)
1160,양천향교역 7번출구앞,2722,마곡 문영비지웍스
1160,양천향교역 7번출구앞,1117,스타벅스앞
1160,양천향교역 7번출구앞,1159,서서울모터리움앞
1160,양천향교역 7번출구앞,1160,양천향교역 7번출구앞
1160,양천향교역 7번출구앞,1182,KBS 스포츠월드
1160,양천향교역 7번출구앞,1153,"발산역 1번, 9번 인근 대여소"
1160,양천향교역 7번출구앞,1158,가양역 8번출구
1160,양천향교역 7번출구앞,1124,발산역 6번 출구 뒤
1160,양천향교역 7번출구앞,2725,서울식물원 식물문화센터
1160,양천향교역 7번출구앞,1194,센서텍㈜
1160,양천향교역 7번출구앞,1195,코오롱One&Only타워
1160,양천향교역 7번출구앞,1194,센서텍㈜
1160,양천향교역 7번출구앞,2727,서울식물원 잔디마당 앞
1160,양천향교역 7번출구앞,1198,LG 사이언스파크
1160,양천향교역 7번출구앞,2730,마곡메가박스 앞
1160,양천향교역 7번출구앞,1194,센서텍㈜
1160,양천향교역 7번출구앞,2728,마곡나루역 3번 출구
1160,양천향교역 7번출구앞,2721,등촌1-10단지 교차로
1160,양천향교역 7번출구앞,3801,이랜드글로벌R&D센터
1160,양천향교역 7번출구앞,2706,강서공업고등학교 앞
1160,양천향교역 7번출구앞,1193,마곡센트럴타워 1차
1160,양천향교역 7번출구앞,2731,명덕고교
1160,양천향교역 7번출구앞,2727,서울식물원 잔디마당 앞
1160,양천향교역 7번출구앞,1153,"발산역 1번, 9번 인근 대여소"
1160,양천향교역 7번출구앞,2708,강서한강자이타워 앞
1160,양천향교역 7번출구앞,1160,양천향교역 7번출구앞
1160,양천향교역 7번출구앞,2728,마곡나루역 3번 출구
1160,양천향교역 7번출구앞,1160,양천향교역 7번출구앞
1160,양천향교역 7번출구앞,1153,"발산역 1번, 9번 인근 대여소"
1160,양천향교역 7번출구앞,2720,힐스테이트에코
1160,양천향교역 7번출구앞,1160,양천향교역 7번출구앞
1160,양천향교역 7번출구앞,2722,마곡 문영비지웍스
1160,양천향교역 7번출구앞,3764,관문주유소(GS칼택스) 앞
1160,양천향교역 7번출구앞,1161,강서면허시험장앞
1160,양천향교역 7번출구앞,2720,힐스테이트에코
1160,양천향교역 7번출구앞,1160,양천향교역 7번출구앞
1160,양천향교역 7번출구앞,1124,발산역 6번 출구 뒤
1160,양천향교역 7번출구앞,2725,서울식물원 식물문화센터
1160,양천향교역 7번출구앞,1125,명덕고교입구(영종빌딩)
1160,양천향교역 7번출구앞,2728,마곡나루역 3번 출구
1160,양천향교역 7번출구앞,1160,양천향교역 7번출구앞
1160,양천향교역 7번출구앞,2707,한강아파트
1160,양천향교역 7번출구앞,1166,강서구립등빛도서관
1160,양천향교역 7번출구앞,3784,벽산아파트
1160,양천향교역 7번출구앞,1153,"발산역 1번, 9번 인근 대여소"
1160,양천향교역 7번출구앞,1197,엠펠리체 호텔 건너편
1160,양천향교역 7번출구앞,1124,발산역 6번 출구 뒤
1160,양천향교역 7번출구앞,1194,센서텍㈜
1160,양천향교역 7번출구앞,1160,양천향교역 7번출구앞
1160,양천향교역 7번출구앞,1157,강서구청
1160,양천향교역 7번출구앞,1191,마곡역 교차로(NH농협)
1160,양천향교역 7번출구앞,3784,벽산아파트
1160,양천향교역 7번출구앞,1113,서남환경공원 버스정류장
1160,양천향교역 7번출구앞,2721,등촌1-10단지 교차로
1160,양천향교역 7번출구앞,1178,개화산역 2번 출구
1160,양천향교역 7번출구앞,1182,KBS 스포츠월드
1160,양천향교역 7번출구앞,2704,홈플러스(강서점)
1160,양천향교역 7번출구앞,1192,마곡수명산파크 209동 건너편
1160,양천향교역 7번출구앞,2722,마곡 문영비지웍스
1160,양천향교역 7번출구앞,1173,강서구청사거리(SH타워)
1160,양천향교역 7번출구앞,1166,강서구립등빛도서관
1160,양천향교역 7번출구앞,2706,강서공업고등학교 앞
1160,양천향교역 7번출구앞,1124,발산역 6번 출구 뒤
1160,양천향교역 7번출구앞,2721,등촌1-10단지 교차로
1160,양천향교역 7번출구앞,2712,화곡터널입구교차로
1160,양천향교역 7번출구앞,1185,등촌9단지
1160,양천향교역 7번출구앞,1191,마곡역 교차로(NH농협)
1160,양천향교역 7번출구앞,1129,화곡역 1번 출구 앞
1160,양천향교역 7번출구앞,3784,벽산아파트
1160,양천향교역 7번출구앞,2718,마곡수명산파크1단지
1160,양천향교역 7번출구앞,1124,발산역 6번 출구 뒤
1160,양천향교역 7번출구앞,1197,엠펠리체 호텔 건너편
1160,양천향교역 7번출구앞,2704,홈플러스(강서점)
1160,양천향교역 7번출구앞,1191,마곡역 교차로(NH농협)
1160,양천향교역 7번출구앞,2721,등촌1-10단지 교차로
1160,양천향교역 7번출구앞,1193,마곡센트럴타워 1차
1160,양천향교역 7번출구앞,2722,마곡 문영비지웍스
1160,양천향교역 7번출구앞,3784,벽산아파트
1160,양천향교역 7번출구앞,1153,"발산역 1번, 9번 인근 대여소"
1160,양천향교역 7번출구앞,1153,"발산역 1번, 9번 인근 대여소"
1160,양천향교역 7번출구앞,1160,양천향교역 7번출구앞
1160,양천향교역 7번출구앞,2710,라이품 공영주차장 앞
1160,양천향교역 7번출구앞,2722,마곡 문영비지웍스
1160,양천향교역 7번출구앞,1153,"발산역 1번, 9번 인근 대여소"
1160,양천향교역 7번출구앞,1155,기쁜우리복지관
1160,양천향교역 7번출구앞,1120,대림경동아파트앞
1160,양천향교역 7번출구앞,1158,가양역 8번출구
1160,양천향교역 7번출구앞,1153,"발산역 1번, 9번 인근 대여소"
1160,양천향교역 7번출구앞,2707,한강아파트
1160,양천향교역 7번출구앞,2707,한강아파트
1160,양천향교역 7번출구앞,1160,양천향교역 7번출구앞
1160,양천향교역 7번출구앞,3784,벽산아파트
1160,양천향교역 7번출구앞,2718,마곡수명산파크1단지
1160,양천향교역 7번출구앞,2722,마곡 문영비지웍스
1160,양천향교역 7번출구앞,1126,우장산역 1번출구옆(우장산아이파크105동앞)
1160,양천향교역 7번출구앞,2722,마곡 문영비지웍스
1160,양천향교역 7번출구앞,2745,수명초등학교
1160,양천향교역 7번출구앞,2729,넥센 유니버시티 앞
1160,양천향교역 7번출구앞,1197,엠펠리체 호텔 건너편
1160,양천향교역 7번출구앞,1125,명덕고교입구(영종빌딩)
1160,양천향교역 7번출구앞,1153,"발산역 1번, 9번 인근 대여소"
1160,양천향교역 7번출구앞,2741,마곡수명산파크5-6단지
1160,양천향교역 7번출구앞,1135,강서구의회
1160,양천향교역 7번출구앞,1125,명덕고교입구(영종빌딩)
1160,양천향교역 7번출구앞,1131,꿈돌이공원 앞
1160,양천향교역 7번출구앞,1160,양천향교역 7번출구앞
1160,양천향교역 7번출구앞,1129,화곡역 1번 출구 앞
1160,양천향교역 7번출구앞,2722,마곡 문영비지웍스
1160,양천향교역 7번출구앞,1160,양천향교역 7번출구앞
1160,양천향교역 7번출구앞,2715,마곡나루역 2번 출구
1160,양천향교역 7번출구앞,1149,신방화역환승주차장
1160,양천향교역 7번출구앞,2708,강서한강자이타워 앞
1160,양천향교역 7번출구앞,1158,가양역 8번출구
1160,양천향교역 7번출구앞,2708,강서한강자이타워 앞
1160,양천향교역 7번출구앞,1137,등촌2동주민센터
1160,양천향교역 7번출구앞,2708,강서한강자이타워 앞
1160,양천향교역 7번출구앞,1197,엠펠리체 호텔 건너편
1160,양천향교역 7번출구앞,1124,발산역 6번 출구 뒤
1160,양천향교역 7번출구앞,2707,한강아파트
1160,양천향교역 7번출구앞,1160,양천향교역 7번출구앞
1160,양천향교역 7번출구앞,2715,마곡나루역 2번 출구
1160,양천향교역 7번출구앞,2721,등촌1-10단지 교차로
1160,양천향교역 7번출구앞,3784,벽산아파트
1160,양천향교역 7번출구앞,2743,동신아파트 104동 앞
1160,양천향교역 7번출구앞,1190,마곡역 교차로(2번출구)
1160,양천향교역 7번출구앞,1166,강서구립등빛도서관
1160,양천향교역 7번출구앞,3775,가양오토갤러리
1160,양천향교역 7번출구앞,1117,스타벅스앞
1160,양천향교역 7번출구앞,1117,스타벅스앞
1160,양천향교역 7번출구앞,1160,양천향교역 7번출구앞
1160,양천향교역 7번출구앞,3784,벽산아파트
1160,양천향교역 7번출구앞,3759,서울이대병원
1160,양천향교역 7번출구앞,1124,발산역 6번 출구 뒤
1160,양천향교역 7번출구앞,3764,관문주유소(GS칼택스) 앞
1160,양천향교역 7번출구앞,1160,양천향교역 7번출구앞
1160,양천향교역 7번출구앞,1118,증미역 3번출구뒤(등촌두산위브센티움오피스텔)
1160,양천향교역 7번출구앞,2708,강서한강자이타워 앞
1160,양천향교역 7번출구앞,2722,마곡 문영비지웍스
1160,양천향교역 7번출구앞,1174,강서구청사거리(부민병원)
1160,양천향교역 7번출구앞,2712,화곡터널입구교차로
1160,양천향교역 7번출구앞,2743,동신아파트 104동 앞
1160,양천향교역 7번출구앞,2704,홈플러스(강서점)
1160,양천향교역 7번출구앞,1160,양천향교역 7번출구앞
1160,양천향교역 7번출구앞,1124,발산역 6번 출구 뒤
1160,양천향교역 7번출구앞,2723,마곡 필네이처
1160,양천향교역 7번출구앞,2717,LG유플러스 마곡사옥
1160,양천향교역 7번출구앞,3783,마곡금호어울림아파트
1160,양천향교역 7번출구앞,1160,양천향교역 7번출구앞
1160,양천향교역 7번출구앞,1160,양천향교역 7번출구앞
1160,양천향교역 7번출구앞,1153,"발산역 1번, 9번 인근 대여소"
1160,양천향교역 7번출구앞,1166,강서구립등빛도서관
1160,양천향교역 7번출구앞,1124,발산역 6번 출구 뒤
1160,양천향교역 7번출구앞,2707,한강아파트
1160,양천향교역 7번출구앞,2718,마곡수명산파크1단지
1160,양천향교역 7번출구앞,1155,기쁜우리복지관
1160,양천향교역 7번출구앞,3784,벽산아파트
1160,양천향교역 7번출구앞,1160,양천향교역 7번출구앞
1160,양천향교역 7번출구앞,3784,벽산아파트
1160,양천향교역 7번출구앞,3770,남부순환로 205
1160,양천향교역 7번출구앞,4520,대성유니드아파트
1160,양천향교역 7번출구앞,2722,마곡 문영비지웍스
1160,양천향교역 7번출구앞,1197,엠펠리체 호텔 건너편
1160,양천향교역 7번출구앞,2721,등촌1-10단지 교차로
1160,양천향교역 7번출구앞,2721,등촌1-10단지 교차로
1160,양천향교역 7번출구앞,1157,강서구청
1160,양천향교역 7번출구앞,1120,대림경동아파트앞
1160,양천향교역 7번출구앞,2715,마곡나루역 2번 출구
1160,양천향교역 7번출구앞,1113,서남환경공원 버스정류장
1160,양천향교역 7번출구앞,1160,양천향교역 7번출구앞
1160,양천향교역 7번출구앞,1124,발산역 6번 출구 뒤
1160,양천향교역 7번출구앞,1124,발산역 6번 출구 뒤
1160,양천향교역 7번출구앞,1153,"발산역 1번, 9번 인근 대여소"
1160,양천향교역 7번출구앞,1162,공항초등학교건너편
1160,양천향교역 7번출구앞,1153,"발산역 1번, 9번 인근 대여소"
1160,양천향교역 7번출구앞,2722,마곡 문영비지웍스
1160,양천향교역 7번출구앞,2721,등촌1-10단지 교차로
1160,양천향교역 7번출구앞,1163,방화동강서기동대앞
1160,양천향교역 7번출구앞,3759,서울이대병원
1160,양천향교역 7번출구앞,1199,우장산역 3번출구
1160,양천향교역 7번출구앞,1103,방화역 4번출구앞
1160,양천향교역 7번출구앞,2707,한강아파트
1160,양천향교역 7번출구앞,3775,가양오토갤러리
1160,양천향교역 7번출구앞,2707,한강아파트
1160,양천향교역 7번출구앞,2742,강서구민올림픽체육센터
1160,양천향교역 7번출구앞,1160,양천향교역 7번출구앞
1160,양천향교역 7번출구앞,1197,엠펠리체 호텔 건너편
1160,양천향교역 7번출구앞,1160,양천향교역 7번출구앞
1160,양천향교역 7번출구앞,3784,벽산아파트
1160,양천향교역 7번출구앞,2717,LG유플러스 마곡사옥
1160,양천향교역 7번출구앞,3764,관문주유소(GS칼택스) 앞
1160,양천향교역 7번출구앞,1166,강서구립등빛도서관
1160,양천향교역 7번출구앞,1124,발산역 6번 출구 뒤
1160,양천향교역 7번출구앞,2721,등촌1-10단지 교차로
1160,양천향교역 7번출구앞,3775,가양오토갤러리
1160,양천향교역 7번출구앞,1177,수명중?고교
1160,양천향교역 7번출구앞,2743,동신아파트 104동 앞
1160,양천향교역 7번출구앞,1124,발산역 6번 출구 뒤
1160,양천향교역 7번출구앞,1160,양천향교역 7번출구앞
1160,양천향교역 7번출구앞,1199,우장산역 3번출구
1160,양천향교역 7번출구앞,2729,넥센 유니버시티 앞
1160,양천향교역 7번출구앞,2729,넥센 유니버시티 앞
1160,양천향교역 7번출구앞,3772,길성그랑프리텔아파트
1160,양천향교역 7번출구앞,1153,"발산역 1번, 9번 인근 대여소"
1160,양천향교역 7번출구앞,3782,겸재정선미술관
1160,양천향교역 7번출구앞,2707,한강아파트
1160,양천향교역 7번출구앞,2707,한강아파트
1160,양천향교역 7번출구앞,3784,벽산아파트
1160,양천향교역 7번출구앞,1124,발산역 6번 출구 뒤
1160,양천향교역 7번출구앞,3783,마곡금호어울림아파트
1160,양천향교역 7번출구앞,3787,가양나들목
1160,양천향교역 7번출구앞,1158,가양역 8번출구
1160,양천향교역 7번출구앞,1160,양천향교역 7번출구앞
1160,양천향교역 7번출구앞,1153,"발산역 1번, 9번 인근 대여소"
1160,양천향교역 7번출구앞,2712,화곡터널입구교차로
1160,양천향교역 7번출구앞,1166,강서구립등빛도서관
1160,양천향교역 7번출구앞,2722,마곡 문영비지웍스
1160,양천향교역 7번출구앞,1160,양천향교역 7번출구앞
1160,양천향교역 7번출구앞,2717,LG유플러스 마곡사옥
1160,양천향교역 7번출구앞,1158,가양역 8번출구
1160,양천향교역 7번출구앞,3782,겸재정선미술관
1160,양천향교역 7번출구앞,1197,엠펠리체 호텔 건너편
1160,양천향교역 7번출구앞,2721,등촌1-10단지 교차로
1160,양천향교역 7번출구앞,1166,강서구립등빛도서관
1160,양천향교역 7번출구앞,2707,한강아파트
1160,양천향교역 7번출구앞,2737,까치산역 3번 출구
1160,양천향교역 7번출구앞,1163,방화동강서기동대앞
1160,양천향교역 7번출구앞,2721,등촌1-10단지 교차로
1160,양천향교역 7번출구앞,1153,"발산역 1번, 9번 인근 대여소"
1160,양천향교역 7번출구앞,1153,"발산역 1번, 9번 인근 대여소"
1160,양천향교역 7번출구앞,1106,신방화사거리
1160,양천향교역 7번출구앞,1125,명덕고교입구(영종빌딩)
1160,양천향교역 7번출구앞,1125,명덕고교입구(영종빌딩)
1160,양천향교역 7번출구앞,1153,"발산역 1번, 9번 인근 대여소"
1160,양천향교역 7번출구앞,2727,서울식물원 잔디마당 앞
1160,양천향교역 7번출구앞,2721,등촌1-10단지 교차로
1160,양천향교역 7번출구앞,1194,센서텍㈜
1160,양천향교역 7번출구앞,3801,이랜드글로벌R&D센터
1160,양천향교역 7번출구앞,1193,마곡센트럴타워 1차
1160,양천향교역 7번출구앞,2723,마곡 필네이처
1160,양천향교역 7번출구앞,1159,서서울모터리움앞
1160,양천향교역 7번출구앞,2735,마곡 공공청사
1160,양천향교역 7번출구앞,1160,양천향교역 7번출구앞
1160,양천향교역 7번출구앞,2719,마곡문화공원
1160,양천향교역 7번출구앞,2708,강서한강자이타워 앞
1160,양천향교역 7번출구앞,2722,마곡 문영비지웍스
1160,양천향교역 7번출구앞,3760,발산역 8번 출구
1160,양천향교역 7번출구앞,1129,화곡역 1번 출구 앞
1160,양천향교역 7번출구앞,2721,등촌1-10단지 교차로
1160,양천향교역 7번출구앞,3760,발산역 8번 출구
1160,양천향교역 7번출구앞,2724,(재)FITI시험연구원
1160,양천향교역 7번출구앞,1160,양천향교역 7번출구앞
1160,양천향교역 7번출구앞,3759,서울이대병원
1160,양천향교역 7번출구앞,1124,발산역 6번 출구 뒤
1160,양천향교역 7번출구앞,2719,마곡문화공원
1160,양천향교역 7번출구앞,2743,동신아파트 104동 앞
1160,양천향교역 7번출구앞,2740,마곡레포츠센터
1160,양천향교역 7번출구앞,774,등촌역 4번 출구
1160,양천향교역 7번출구앞,1153,"발산역 1번, 9번 인근 대여소"
1160,양천향교역 7번출구앞,2721,등촌1-10단지 교차로
1160,양천향교역 7번출구앞,3783,마곡금호어울림아파트
1160,양천향교역 7번출구앞,3793,더리브골드타워
1160,양천향교역 7번출구앞,2707,한강아파트
1160,양천향교역 7번출구앞,1182,KBS 스포츠월드
1160,양천향교역 7번출구앞,2739,수명산파크1단지교차로
1160,양천향교역 7번출구앞,2744,강서세무서 앞
1160,양천향교역 7번출구앞,1192,마곡수명산파크 209동 건너편
1160,양천향교역 7번출구앞,1153,"발산역 1번, 9번 인근 대여소"
1160,양천향교역 7번출구앞,2742,강서구민올림픽체육센터
1160,양천향교역 7번출구앞,2740,마곡레포츠센터
1160,양천향교역 7번출구앞,2724,(재)FITI시험연구원
1160,양천향교역 7번출구앞,3793,더리브골드타워
1160,양천향교역 7번출구앞,2722,마곡 문영비지웍스
1160,양천향교역 7번출구앞,1827,독산보도육교 앞 자전거 보관소
1160,양천향교역 7번출구앞,3784,벽산아파트
1160,양천향교역 7번출구앞,1158,가양역 8번출구
1160,양천향교역 7번출구앞,2740,마곡레포츠센터
1160,양천향교역 7번출구앞,1160,양천향교역 7번출구앞
1160,양천향교역 7번출구앞,1197,엠펠리체 호텔 건너편
1160,양천향교역 7번출구앞,1166,강서구립등빛도서관
1160,양천향교역 7번출구앞,2708,강서한강자이타워 앞
1160,양천향교역 7번출구앞,3783,마곡금호어울림아파트
1160,양천향교역 7번출구앞,3783,마곡금호어울림아파트
1160,양천향교역 7번출구앞,1112,마곡엠밸리4단지 정문
1160,양천향교역 7번출구앞,1153,"발산역 1번, 9번 인근 대여소"
1160,양천향교역 7번출구앞,1118,증미역 3번출구뒤(등촌두산위브센티움오피스텔)
1160,양천향교역 7번출구앞,1166,강서구립등빛도서관
1160,양천향교역 7번출구앞,1158,가양역 8번출구
1160,양천향교역 7번출구앞,2721,등촌1-10단지 교차로
1160,양천향교역 7번출구앞,3775,가양오토갤러리
1160,양천향교역 7번출구앞,1160,양천향교역 7번출구앞
1160,양천향교역 7번출구앞,1125,명덕고교입구(영종빌딩)
1160,양천향교역 7번출구앞,1125,명덕고교입구(영종빌딩)
1160,양천향교역 7번출구앞,1162,공항초등학교건너편
1160,양천향교역 7번출구앞,1153,"발산역 1번, 9번 인근 대여소"
1160,양천향교역 7번출구앞,3760,발산역 8번 출구
1160,양천향교역 7번출구앞,1146,곰달래사거리
1160,양천향교역 7번출구앞,1194,센서텍㈜
1160,양천향교역 7번출구앞,2708,강서한강자이타워 앞
1160,양천향교역 7번출구앞,2727,서울식물원 잔디마당 앞
1160,양천향교역 7번출구앞,1157,강서구청
1160,양천향교역 7번출구앞,1198,LG 사이언스파크
1160,양천향교역 7번출구앞,1195,코오롱One&Only타워
1160,양천향교역 7번출구앞,2717,LG유플러스 마곡사옥
1160,양천향교역 7번출구앞,3801,이랜드글로벌R&D센터
1160,양천향교역 7번출구앞,2723,마곡 필네이처
1160,양천향교역 7번출구앞,1194,센서텍㈜
1160,양천향교역 7번출구앞,2721,등촌1-10단지 교차로
1160,양천향교역 7번출구앞,2715,마곡나루역 2번 출구
1160,양천향교역 7번출구앞,1152,마곡역교차로
1160,양천향교역 7번출구앞,2721,등촌1-10단지 교차로
1160,양천향교역 7번출구앞,2719,마곡문화공원
1160,양천향교역 7번출구앞,1194,센서텍㈜
1160,양천향교역 7번출구앞,1153,"발산역 1번, 9번 인근 대여소"
1160,양천향교역 7번출구앞,2706,강서공업고등학교 앞
1160,양천향교역 7번출구앞,2735,마곡 공공청사
1160,양천향교역 7번출구앞,3759,서울이대병원
1160,양천향교역 7번출구앞,2719,마곡문화공원
1160,양천향교역 7번출구앞,2740,마곡레포츠센터
1160,양천향교역 7번출구앞,1166,강서구립등빛도서관
1160,양천향교역 7번출구앞,3759,서울이대병원
1160,양천향교역 7번출구앞,2740,마곡레포츠센터
1160,양천향교역 7번출구앞,742,등촌역 5번 출구 뒤
1160,양천향교역 7번출구앞,742,등촌역 5번 출구 뒤
1160,양천향교역 7번출구앞,2707,한강아파트
1160,양천향교역 7번출구앞,2707,한강아파트
1160,양천향교역 7번출구앞,2707,한강아파트
1160,양천향교역 7번출구앞,1153,"발산역 1번, 9번 인근 대여소"
1160,양천향교역 7번출구앞,2731,명덕고교
1160,양천향교역 7번출구앞,1158,가양역 8번출구
1160,양천향교역 7번출구앞,3759,서울이대병원
1160,양천향교역 7번출구앞,1160,양천향교역 7번출구앞
1160,양천향교역 7번출구앞,1199,우장산역 3번출구
1160,양천향교역 7번출구앞,1160,양천향교역 7번출구앞
1160,양천향교역 7번출구앞,1124,발산역 6번 출구 뒤
1160,양천향교역 7번출구앞,1125,명덕고교입구(영종빌딩)
1160,양천향교역 7번출구앞,1157,강서구청
1160,양천향교역 7번출구앞,1160,양천향교역 7번출구앞
1160,양천향교역 7번출구앞,2721,등촌1-10단지 교차로
1160,양천향교역 7번출구앞,3760,발산역 8번 출구
1160,양천향교역 7번출구앞,2721,등촌1-10단지 교차로
1160,양천향교역 7번출구앞,2721,등촌1-10단지 교차로
1160,양천향교역 7번출구앞,2707,한강아파트
1160,양천향교역 7번출구앞,3775,가양오토갤러리
1160,양천향교역 7번출구앞,2742,강서구민올림픽체육센터
1160,양천향교역 7번출구앞,2732,마곡수명산 1-2단지
1160,양천향교역 7번출구앞,1158,가양역 8번출구
1160,양천향교역 7번출구앞,1166,강서구립등빛도서관
1160,양천향교역 7번출구앞,2729,넥센 유니버시티 앞
1160,양천향교역 7번출구앞,2721,등촌1-10단지 교차로
1160,양천향교역 7번출구앞,1166,강서구립등빛도서관
1160,양천향교역 7번출구앞,3775,가양오토갤러리
1160,양천향교역 7번출구앞,1118,증미역 3번출구뒤(등촌두산위브센티움오피스텔)
1160,양천향교역 7번출구앞,2721,등촌1-10단지 교차로
1160,양천향교역 7번출구앞,2708,강서한강자이타워 앞
1160,양천향교역 7번출구앞,1153,"발산역 1번, 9번 인근 대여소"
1160,양천향교역 7번출구앞,1162,공항초등학교건너편
1160,양천향교역 7번출구앞,2725,서울식물원 식물문화센터
1160,양천향교역 7번출구앞,2717,LG유플러스 마곡사옥
1160,양천향교역 7번출구앞,1157,강서구청
1160,양천향교역 7번출구앞,2727,서울식물원 잔디마당 앞
1160,양천향교역 7번출구앞,1198,LG 사이언스파크
1160,양천향교역 7번출구앞,2730,마곡메가박스 앞
1160,양천향교역 7번출구앞,2727,서울식물원 잔디마당 앞
1160,양천향교역 7번출구앞,2715,마곡나루역 2번 출구
1160,양천향교역 7번출구앞,2721,등촌1-10단지 교차로
1160,양천향교역 7번출구앞,1124,발산역 6번 출구 뒤
1160,양천향교역 7번출구앞,1194,센서텍㈜
1160,양천향교역 7번출구앞,1160,양천향교역 7번출구앞
1160,양천향교역 7번출구앞,1193,마곡센트럴타워 1차
1160,양천향교역 7번출구앞,2717,LG유플러스 마곡사옥
1160,양천향교역 7번출구앞,2723,마곡 필네이처
1160,양천향교역 7번출구앞,1194,센서텍㈜
1160,양천향교역 7번출구앞,1125,명덕고교입구(영종빌딩)
1160,양천향교역 7번출구앞,1159,서서울모터리움앞
1160,양천향교역 7번출구앞,2706,강서공업고등학교 앞
1160,양천향교역 7번출구앞,2717,LG유플러스 마곡사옥
1160,양천향교역 7번출구앞,2715,마곡나루역 2번 출구
1160,양천향교역 7번출구앞,3759,서울이대병원
1160,양천향교역 7번출구앞,2722,마곡 문영비지웍스
1160,양천향교역 7번출구앞,2719,마곡문화공원
1160,양천향교역 7번출구앞,2708,강서한강자이타워 앞
1160,양천향교역 7번출구앞,1153,"발산역 1번, 9번 인근 대여소"
1160,양천향교역 7번출구앞,1180,마곡엠밸리 15단지(1502동) 건너편
1160,양천향교역 7번출구앞,3760,발산역 8번 출구
1160,양천향교역 7번출구앞,1191,마곡역 교차로(NH농협)
1160,양천향교역 7번출구앞,2708,강서한강자이타워 앞
1160,양천향교역 7번출구앞,1153,"발산역 1번, 9번 인근 대여소"
1160,양천향교역 7번출구앞,2717,LG유플러스 마곡사옥
1160,양천향교역 7번출구앞,1184,마곡13단지
1160,양천향교역 7번출구앞,2731,명덕고교
1160,양천향교역 7번출구앞,2715,마곡나루역 2번 출구
1160,양천향교역 7번출구앞,1125,명덕고교입구(영종빌딩)
1160,양천향교역 7번출구앞,2735,마곡 공공청사
1160,양천향교역 7번출구앞,1160,양천향교역 7번출구앞
1160,양천향교역 7번출구앞,1191,마곡역 교차로(NH농협)
1160,양천향교역 7번출구앞,1111,마곡엠밸리6_7단지 마곡중학교
1160,양천향교역 7번출구앞,2721,등촌1-10단지 교차로
1160,양천향교역 7번출구앞,3783,마곡금호어울림아파트
1160,양천향교역 7번출구앞,1166,강서구립등빛도서관
1160,양천향교역 7번출구앞,2721,등촌1-10단지 교차로
1160,양천향교역 7번출구앞,1159,서서울모터리움앞
1160,양천향교역 7번출구앞,1150,송정역 1번출구
1160,양천향교역 7번출구앞,1153,"발산역 1번, 9번 인근 대여소"
1160,양천향교역 7번출구앞,1153,"발산역 1번, 9번 인근 대여소"
1160,양천향교역 7번출구앞,1153,"발산역 1번, 9번 인근 대여소"
1160,양천향교역 7번출구앞,1160,양천향교역 7번출구앞
1160,양천향교역 7번출구앞,1160,양천향교역 7번출구앞
1160,양천향교역 7번출구앞,2707,한강아파트
1160,양천향교역 7번출구앞,2724,(재)FITI시험연구원
1160,양천향교역 7번출구앞,1197,엠펠리체 호텔 건너편
1160,양천향교역 7번출구앞,1113,서남환경공원 버스정류장
1160,양천향교역 7번출구앞,1153,"발산역 1번, 9번 인근 대여소"
1160,양천향교역 7번출구앞,3783,마곡금호어울림아파트
1160,양천향교역 7번출구앞,1160,양천향교역 7번출구앞
1160,양천향교역 7번출구앞,2715,마곡나루역 2번 출구
1160,양천향교역 7번출구앞,1178,개화산역 2번 출구
1160,양천향교역 7번출구앞,2708,강서한강자이타워 앞
1160,양천향교역 7번출구앞,2708,강서한강자이타워 앞
1160,양천향교역 7번출구앞,1157,강서구청
1160,양천향교역 7번출구앞,2739,수명산파크1단지교차로
1160,양천향교역 7번출구앞,1197,엠펠리체 호텔 건너편
1160,양천향교역 7번출구앞,1173,강서구청사거리(SH타워)
1160,양천향교역 7번출구앞,2715,마곡나루역 2번 출구
1160,양천향교역 7번출구앞,2742,강서구민올림픽체육센터
1160,양천향교역 7번출구앞,3784,벽산아파트
1160,양천향교역 7번출구앞,1191,마곡역 교차로(NH농협)
1160,양천향교역 7번출구앞,1132,등촌역 7번출구
1160,양천향교역 7번출구앞,1126,우장산역 1번출구옆(우장산아이파크105동앞)
1160,양천향교역 7번출구앞,2744,강서세무서 앞
1160,양천향교역 7번출구앞,1827,독산보도육교 앞 자전거 보관소
1160,양천향교역 7번출구앞,1197,엠펠리체 호텔 건너편
1160,양천향교역 7번출구앞,1158,가양역 8번출구
1160,양천향교역 7번출구앞,1160,양천향교역 7번출구앞
1160,양천향교역 7번출구앞,3767,대원빌딩
1160,양천향교역 7번출구앞,2707,한강아파트
1160,양천향교역 7번출구앞,2721,등촌1-10단지 교차로
1160,양천향교역 7번출구앞,2721,등촌1-10단지 교차로
1160,양천향교역 7번출구앞,1173,강서구청사거리(SH타워)
1160,양천향교역 7번출구앞,2707,한강아파트
1160,양천향교역 7번출구앞,1166,강서구립등빛도서관
1160,양천향교역 7번출구앞,2721,등촌1-10단지 교차로
1160,양천향교역 7번출구앞,2742,강서구민올림픽체육센터
1160,양천향교역 7번출구앞,2708,강서한강자이타워 앞
1160,양천향교역 7번출구앞,1197,엠펠리체 호텔 건너편
1160,양천향교역 7번출구앞,1155,기쁜우리복지관
1160,양천향교역 7번출구앞,1160,양천향교역 7번출구앞
1160,양천향교역 7번출구앞,1118,증미역 3번출구뒤(등촌두산위브센티움오피스텔)
1160,양천향교역 7번출구앞,1197,엠펠리체 호텔 건너편
1160,양천향교역 7번출구앞,2723,마곡 필네이처
1160,양천향교역 7번출구앞,2721,등촌1-10단지 교차로
1160,양천향교역 7번출구앞,1120,대림경동아파트앞
1160,양천향교역 7번출구앞,1120,대림경동아파트앞
1160,양천향교역 7번출구앞,3775,가양오토갤러리
1160,양천향교역 7번출구앞,1170,강서구보건소 (삼성디지털 프라자)
1160,양천향교역 7번출구앞,2716,롯데 R&D 센터
1160,양천향교역 7번출구앞,2721,등촌1-10단지 교차로
1160,양천향교역 7번출구앞,1185,등촌9단지
1160,양천향교역 7번출구앞,3784,벽산아파트
1160,양천향교역 7번출구앞,1162,공항초등학교건너편
1160,양천향교역 7번출구앞,1124,발산역 6번 출구 뒤
1160,양천향교역 7번출구앞,2725,서울식물원 식물문화센터
1160,양천향교역 7번출구앞,1194,센서텍㈜
1160,양천향교역 7번출구앞,2717,LG유플러스 마곡사옥
1160,양천향교역 7번출구앞,2708,강서한강자이타워 앞
1160,양천향교역 7번출구앞,2727,서울식물원 잔디마당 앞
1160,양천향교역 7번출구앞,2721,등촌1-10단지 교차로
1160,양천향교역 7번출구앞,1160,양천향교역 7번출구앞
1160,양천향교역 7번출구앞,1198,LG 사이언스파크
1160,양천향교역 7번출구앞,2721,등촌1-10단지 교차로
1160,양천향교역 7번출구앞,3798,그랜드아이파크아파트 앞
1160,양천향교역 7번출구앞,2721,등촌1-10단지 교차로
1160,양천향교역 7번출구앞,1194,센서텍㈜
1160,양천향교역 7번출구앞,1112,마곡엠밸리4단지 정문
1160,양천향교역 7번출구앞,2706,강서공업고등학교 앞
1160,양천향교역 7번출구앞,3801,이랜드글로벌R&D센터
1160,양천향교역 7번출구앞,1193,마곡센트럴타워 1차
1160,양천향교역 7번출구앞,2727,서울식물원 잔디마당 앞
1160,양천향교역 7번출구앞,1194,센서텍㈜
1160,양천향교역 7번출구앞,1180,마곡엠밸리 15단지(1502동) 건너편
1160,양천향교역 7번출구앞,1159,서서울모터리움앞
1160,양천향교역 7번출구앞,1193,마곡센트럴타워 1차
1160,양천향교역 7번출구앞,1199,우장산역 3번출구
1160,양천향교역 7번출구앞,1159,서서울모터리움앞
1160,양천향교역 7번출구앞,1124,발산역 6번 출구 뒤
1160,양천향교역 7번출구앞,1197,엠펠리체 호텔 건너편
1160,양천향교역 7번출구앞,3760,발산역 8번 출구
1160,양천향교역 7번출구앞,1160,양천향교역 7번출구앞
1160,양천향교역 7번출구앞,1159,서서울모터리움앞
1160,양천향교역 7번출구앞,2707,한강아파트
1160,양천향교역 7번출구앞,1135,강서구의회
1160,양천향교역 7번출구앞,2717,LG유플러스 마곡사옥
1160,양천향교역 7번출구앞,1160,양천향교역 7번출구앞
1160,양천향교역 7번출구앞,1160,양천향교역 7번출구앞
1160,양천향교역 7번출구앞,2729,넥센 유니버시티 앞
1160,양천향교역 7번출구앞,3760,발산역 8번 출구
1160,양천향교역 7번출구앞,1190,마곡역 교차로(2번출구)
1160,양천향교역 7번출구앞,2722,마곡 문영비지웍스
1160,양천향교역 7번출구앞,2721,등촌1-10단지 교차로
1160,양천향교역 7번출구앞,2743,동신아파트 104동 앞
1160,양천향교역 7번출구앞,3784,벽산아파트
1160,양천향교역 7번출구앞,3775,가양오토갤러리
1160,양천향교역 7번출구앞,3784,벽산아파트
1160,양천향교역 7번출구앞,3759,서울이대병원
1160,양천향교역 7번출구앞,3772,길성그랑프리텔아파트
1160,양천향교역 7번출구앞,2740,마곡레포츠센터
1160,양천향교역 7번출구앞,2721,등촌1-10단지 교차로
1160,양천향교역 7번출구앞,1160,양천향교역 7번출구앞
1160,양천향교역 7번출구앞,2727,서울식물원 잔디마당 앞
1160,양천향교역 7번출구앞,2717,LG유플러스 마곡사옥
1160,양천향교역 7번출구앞,1153,"발산역 1번, 9번 인근 대여소"
1160,양천향교역 7번출구앞,2722,마곡 문영비지웍스
1160,양천향교역 7번출구앞,1124,발산역 6번 출구 뒤
1160,양천향교역 7번출구앞,1197,엠펠리체 호텔 건너편
1160,양천향교역 7번출구앞,2725,서울식물원 식물문화센터
1160,양천향교역 7번출구앞,3798,그랜드아이파크아파트 앞
1160,양천향교역 7번출구앞,1199,우장산역 3번출구
1160,양천향교역 7번출구앞,1185,등촌9단지
1160,양천향교역 7번출구앞,3775,가양오토갤러리
1160,양천향교역 7번출구앞,825,서빙고동 주민센터 앞
1160,양천향교역 7번출구앞,1160,양천향교역 7번출구앞
1160,양천향교역 7번출구앞,3783,마곡금호어울림아파트
1160,양천향교역 7번출구앞,2715,마곡나루역 2번 출구
1160,양천향교역 7번출구앞,1124,발산역 6번 출구 뒤
1160,양천향교역 7번출구앞,1124,발산역 6번 출구 뒤
1160,양천향교역 7번출구앞,3783,마곡금호어울림아파트
1160,양천향교역 7번출구앞,1173,강서구청사거리(SH타워)
1160,양천향교역 7번출구앞,2721,등촌1-10단지 교차로
1160,양천향교역 7번출구앞,1191,마곡역 교차로(NH농협)
1160,양천향교역 7번출구앞,2742,강서구민올림픽체육센터
1160,양천향교역 7번출구앞,2706,강서공업고등학교 앞
1160,양천향교역 7번출구앞,3763,등촌태영아파트
1160,양천향교역 7번출구앞,1103,방화역 4번출구앞
1160,양천향교역 7번출구앞,1124,발산역 6번 출구 뒤
1160,양천향교역 7번출구앞,3782,겸재정선미술관
1160,양천향교역 7번출구앞,3784,벽산아파트
1160,양천향교역 7번출구앞,1124,발산역 6번 출구 뒤
1160,양천향교역 7번출구앞,2722,마곡 문영비지웍스
1160,양천향교역 7번출구앞,3784,벽산아파트
1160,양천향교역 7번출구앞,2721,등촌1-10단지 교차로
1160,양천향교역 7번출구앞,1153,"발산역 1번, 9번 인근 대여소"
1160,양천향교역 7번출구앞,2721,등촌1-10단지 교차로
1160,양천향교역 7번출구앞,2717,LG유플러스 마곡사옥
1160,양천향교역 7번출구앞,2739,수명산파크1단지교차로
1160,양천향교역 7번출구앞,1160,양천향교역 7번출구앞
1160,양천향교역 7번출구앞,1160,양천향교역 7번출구앞
1160,양천향교역 7번출구앞,1160,양천향교역 7번출구앞
1160,양천향교역 7번출구앞,1160,양천향교역 7번출구앞
1160,양천향교역 7번출구앞,3775,가양오토갤러리
1160,양천향교역 7번출구앞,1118,증미역 3번출구뒤(등촌두산위브센티움오피스텔)
1160,양천향교역 7번출구앞,1160,양천향교역 7번출구앞
1160,양천향교역 7번출구앞,2721,등촌1-10단지 교차로
1160,양천향교역 7번출구앞,1160,양천향교역 7번출구앞
1160,양천향교역 7번출구앞,2722,마곡 문영비지웍스
1160,양천향교역 7번출구앞,3775,가양오토갤러리
1160,양천향교역 7번출구앞,2722,마곡 문영비지웍스
1160,양천향교역 7번출구앞,2722,마곡 문영비지웍스
1160,양천향교역 7번출구앞,3764,관문주유소(GS칼택스) 앞
1160,양천향교역 7번출구앞,1131,꿈돌이공원 앞
1160,양천향교역 7번출구앞,2745,수명초등학교
1160,양천향교역 7번출구앞,1153,"발산역 1번, 9번 인근 대여소"
1160,양천향교역 7번출구앞,2743,동신아파트 104동 앞
1160,양천향교역 7번출구앞,1162,공항초등학교건너편
1160,양천향교역 7번출구앞,3784,벽산아파트
1160,양천향교역 7번출구앞,1124,발산역 6번 출구 뒤
1160,양천향교역 7번출구앞,1194,센서텍㈜
1160,양천향교역 7번출구앞,2721,등촌1-10단지 교차로
1160,양천향교역 7번출구앞,1195,코오롱One&Only타워
1160,양천향교역 7번출구앞,1198,LG 사이언스파크
1160,양천향교역 7번출구앞,1194,센서텍㈜
1160,양천향교역 7번출구앞,2721,등촌1-10단지 교차로
1160,양천향교역 7번출구앞,2728,마곡나루역 3번 출구
1160,양천향교역 7번출구앞,2723,마곡 필네이처
1160,양천향교역 7번출구앞,1153,"발산역 1번, 9번 인근 대여소"
1160,양천향교역 7번출구앞,3801,이랜드글로벌R&D센터
1160,양천향교역 7번출구앞,1112,마곡엠밸리4단지 정문
1160,양천향교역 7번출구앞,1158,가양역 8번출구
1160,양천향교역 7번출구앞,1193,마곡센트럴타워 1차
1160,양천향교역 7번출구앞,2722,마곡 문영비지웍스
1160,양천향교역 7번출구앞,3759,서울이대병원
1160,양천향교역 7번출구앞,2735,마곡 공공청사
1160,양천향교역 7번출구앞,1159,서서울모터리움앞
1160,양천향교역 7번출구앞,3783,마곡금호어울림아파트
1160,양천향교역 7번출구앞,2715,마곡나루역 2번 출구
1160,양천향교역 7번출구앞,1197,엠펠리체 호텔 건너편
1160,양천향교역 7번출구앞,3760,발산역 8번 출구
1160,양천향교역 7번출구앞,2719,마곡문화공원
1160,양천향교역 7번출구앞,1160,양천향교역 7번출구앞
1160,양천향교역 7번출구앞,3759,서울이대병원
1160,양천향교역 7번출구앞,2720,힐스테이트에코
1160,양천향교역 7번출구앞,1160,양천향교역 7번출구앞
1160,양천향교역 7번출구앞,1153,"발산역 1번, 9번 인근 대여소"
1160,양천향교역 7번출구앞,1160,양천향교역 7번출구앞
1160,양천향교역 7번출구앞,2731,명덕고교
1160,양천향교역 7번출구앞,1159,서서울모터리움앞
1160,양천향교역 7번출구앞,1166,강서구립등빛도서관
1160,양천향교역 7번출구앞,1120,대림경동아파트앞
1160,양천향교역 7번출구앞,1185,등촌9단지
1160,양천향교역 7번출구앞,3783,마곡금호어울림아파트
1160,양천향교역 7번출구앞,3783,마곡금호어울림아파트
1160,양천향교역 7번출구앞,2724,(재)FITI시험연구원
1160,양천향교역 7번출구앞,2740,마곡레포츠센터
1160,양천향교역 7번출구앞,1197,엠펠리체 호텔 건너편
1160,양천향교역 7번출구앞,1158,가양역 8번출구
1160,양천향교역 7번출구앞,2720,힐스테이트에코
1160,양천향교역 7번출구앞,2707,한강아파트
1160,양천향교역 7번출구앞,1184,마곡13단지
1160,양천향교역 7번출구앞,1153,"발산역 1번, 9번 인근 대여소"
1160,양천향교역 7번출구앞,2744,강서세무서 앞
1160,양천향교역 7번출구앞,1195,코오롱One&Only타워
1160,양천향교역 7번출구앞,2722,마곡 문영비지웍스
1160,양천향교역 7번출구앞,2717,LG유플러스 마곡사옥
1160,양천향교역 7번출구앞,2721,등촌1-10단지 교차로
1160,양천향교역 7번출구앞,1160,양천향교역 7번출구앞
1160,양천향교역 7번출구앞,1827,독산보도육교 앞 자전거 보관소
1160,양천향교역 7번출구앞,1160,양천향교역 7번출구앞
1160,양천향교역 7번출구앞,1118,증미역 3번출구뒤(등촌두산위브센티움오피스텔)
1160,양천향교역 7번출구앞,1166,강서구립등빛도서관
1160,양천향교역 7번출구앞,3784,벽산아파트
1160,양천향교역 7번출구앞,2721,등촌1-10단지 교차로
1160,양천향교역 7번출구앞,2721,등촌1-10단지 교차로
1160,양천향교역 7번출구앞,3783,마곡금호어울림아파트
1160,양천향교역 7번출구앞,1159,서서울모터리움앞
1160,양천향교역 7번출구앞,1153,"발산역 1번, 9번 인근 대여소"
1160,양천향교역 7번출구앞,2722,마곡 문영비지웍스
1160,양천향교역 7번출구앞,3759,서울이대병원
1160,양천향교역 7번출구앞,2735,마곡 공공청사
1160,양천향교역 7번출구앞,1153,"발산역 1번, 9번 인근 대여소"
1160,양천향교역 7번출구앞,2723,마곡 필네이처
1160,양천향교역 7번출구앞,1153,"발산역 1번, 9번 인근 대여소"
1160,양천향교역 7번출구앞,2708,강서한강자이타워 앞
1160,양천향교역 7번출구앞,1153,"발산역 1번, 9번 인근 대여소"
1160,양천향교역 7번출구앞,2707,한강아파트
1160,양천향교역 7번출구앞,2721,등촌1-10단지 교차로
1160,양천향교역 7번출구앞,2707,한강아파트
1160,양천향교역 7번출구앞,2715,마곡나루역 2번 출구
1160,양천향교역 7번출구앞,2708,강서한강자이타워 앞
1160,양천향교역 7번출구앞,3775,가양오토갤러리
1160,양천향교역 7번출구앞,2743,동신아파트 104동 앞
1160,양천향교역 7번출구앞,1155,기쁜우리복지관
1160,양천향교역 7번출구앞,3784,벽산아파트
1160,양천향교역 7번출구앞,1182,KBS 스포츠월드
1160,양천향교역 7번출구앞,1124,발산역 6번 출구 뒤
1160,양천향교역 7번출구앞,1153,"발산역 1번, 9번 인근 대여소"
1160,양천향교역 7번출구앞,2721,등촌1-10단지 교차로
1160,양천향교역 7번출구앞,2717,LG유플러스 마곡사옥
1160,양천향교역 7번출구앞,1185,등촌9단지
1160,양천향교역 7번출구앞,1120,대림경동아파트앞
1160,양천향교역 7번출구앞,1153,"발산역 1번, 9번 인근 대여소"
1160,양천향교역 7번출구앞,1124,발산역 6번 출구 뒤
1160,양천향교역 7번출구앞,1118,증미역 3번출구뒤(등촌두산위브센티움오피스텔)
1160,양천향교역 7번출구앞,1117,스타벅스앞
1160,양천향교역 7번출구앞,1118,증미역 3번출구뒤(등촌두산위브센티움오피스텔)
1160,양천향교역 7번출구앞,3782,겸재정선미술관
1160,양천향교역 7번출구앞,3775,가양오토갤러리
1160,양천향교역 7번출구앞,3759,서울이대병원
1160,양천향교역 7번출구앞,1197,엠펠리체 호텔 건너편
1160,양천향교역 7번출구앞,1158,가양역 8번출구
1160,양천향교역 7번출구앞,1160,양천향교역 7번출구앞
1160,양천향교역 7번출구앞,2743,동신아파트 104동 앞
1160,양천향교역 7번출구앞,1153,"발산역 1번, 9번 인근 대여소"
1160,양천향교역 7번출구앞,2721,등촌1-10단지 교차로
1160,양천향교역 7번출구앞,2721,등촌1-10단지 교차로
1160,양천향교역 7번출구앞,3782,겸재정선미술관
1160,양천향교역 7번출구앞,1166,강서구립등빛도서관
1160,양천향교역 7번출구앞,1193,마곡센트럴타워 1차
1160,양천향교역 7번출구앞,2723,마곡 필네이처
1160,양천향교역 7번출구앞,3783,마곡금호어울림아파트
1160,양천향교역 7번출구앞,1117,스타벅스앞
1160,양천향교역 7번출구앞,3782,겸재정선미술관
1160,양천향교역 7번출구앞,1160,양천향교역 7번출구앞
1160,양천향교역 7번출구앞,1160,양천향교역 7번출구앞
1160,양천향교역 7번출구앞,1185,등촌9단지
1160,양천향교역 7번출구앞,2722,마곡 문영비지웍스
1160,양천향교역 7번출구앞,1118,증미역 3번출구뒤(등촌두산위브센티움오피스텔)
1160,양천향교역 7번출구앞,1160,양천향교역 7번출구앞
1160,양천향교역 7번출구앞,1160,양천향교역 7번출구앞
1160,양천향교역 7번출구앞,3783,마곡금호어울림아파트
1160,양천향교역 7번출구앞,2737,까치산역 3번 출구
1160,양천향교역 7번출구앞,3783,마곡금호어울림아파트
1160,양천향교역 7번출구앞,1172,가양3동 주민센터
1160,양천향교역 7번출구앞,1162,공항초등학교건너편
1160,양천향교역 7번출구앞,1166,강서구립등빛도서관
1160,양천향교역 7번출구앞,2725,서울식물원 식물문화센터
1160,양천향교역 7번출구앞,3798,그랜드아이파크아파트 앞
1160,양천향교역 7번출구앞,2727,서울식물원 잔디마당 앞
1160,양천향교역 7번출구앞,1198,LG 사이언스파크
1160,양천향교역 7번출구앞,2717,LG유플러스 마곡사옥
1160,양천향교역 7번출구앞,2721,등촌1-10단지 교차로
1160,양천향교역 7번출구앞,2727,서울식물원 잔디마당 앞
1160,양천향교역 7번출구앞,1195,코오롱One&Only타워
1160,양천향교역 7번출구앞,2722,마곡 문영비지웍스
1160,양천향교역 7번출구앞,1155,기쁜우리복지관
1160,양천향교역 7번출구앞,3801,이랜드글로벌R&D센터
1160,양천향교역 7번출구앞,2715,마곡나루역 2번 출구
1160,양천향교역 7번출구앞,2730,마곡메가박스 앞
1160,양천향교역 7번출구앞,1193,마곡센트럴타워 1차
1160,양천향교역 7번출구앞,1117,스타벅스앞
1160,양천향교역 7번출구앞,1159,서서울모터리움앞
1160,양천향교역 7번출구앞,2723,마곡 필네이처
1160,양천향교역 7번출구앞,1160,양천향교역 7번출구앞
1160,양천향교역 7번출구앞,2715,마곡나루역 2번 출구
1160,양천향교역 7번출구앞,2740,마곡레포츠센터
1160,양천향교역 7번출구앞,2719,마곡문화공원
1160,양천향교역 7번출구앞,2731,명덕고교
1160,양천향교역 7번출구앞,2720,힐스테이트에코
1160,양천향교역 7번출구앞,1166,강서구립등빛도서관
1160,양천향교역 7번출구앞,2735,마곡 공공청사
1160,양천향교역 7번출구앞,3769,가양동 이마트 앞
1160,양천향교역 7번출구앞,1194,센서텍㈜
1160,양천향교역 7번출구앞,1166,강서구립등빛도서관
1160,양천향교역 7번출구앞,1160,양천향교역 7번출구앞
1160,양천향교역 7번출구앞,2743,동신아파트 104동 앞
1160,양천향교역 7번출구앞,2735,마곡 공공청사
1160,양천향교역 7번출구앞,1160,양천향교역 7번출구앞
1160,양천향교역 7번출구앞,2722,마곡 문영비지웍스
1160,양천향교역 7번출구앞,2721,등촌1-10단지 교차로
1160,양천향교역 7번출구앞,1124,발산역 6번 출구 뒤
1160,양천향교역 7번출구앞,1166,강서구립등빛도서관
1160,양천향교역 7번출구앞,1160,양천향교역 7번출구앞
1160,양천향교역 7번출구앞,1160,양천향교역 7번출구앞
1160,양천향교역 7번출구앞,1129,화곡역 1번 출구 앞
1160,양천향교역 7번출구앞,3760,발산역 8번 출구
1160,양천향교역 7번출구앞,1157,강서구청
1160,양천향교역 7번출구앞,1158,가양역 8번출구
1160,양천향교역 7번출구앞,2707,한강아파트
1160,양천향교역 7번출구앞,1155,기쁜우리복지관
1160,양천향교역 7번출구앞,1160,양천향교역 7번출구앞
1160,양천향교역 7번출구앞,3793,더리브골드타워
1160,양천향교역 7번출구앞,2722,마곡 문영비지웍스
1160,양천향교역 7번출구앞,1160,양천향교역 7번출구앞
1160,양천향교역 7번출구앞,1160,양천향교역 7번출구앞
1160,양천향교역 7번출구앞,2707,한강아파트
1160,양천향교역 7번출구앞,2720,힐스테이트에코
1160,양천향교역 7번출구앞,2744,강서세무서 앞
1160,양천향교역 7번출구앞,1178,개화산역 2번 출구
1160,양천향교역 7번출구앞,1182,KBS 스포츠월드
1160,양천향교역 7번출구앞,1124,발산역 6번 출구 뒤
1160,양천향교역 7번출구앞,2721,등촌1-10단지 교차로
1160,양천향교역 7번출구앞,1166,강서구립등빛도서관
1160,양천향교역 7번출구앞,1124,발산역 6번 출구 뒤
1160,양천향교역 7번출구앞,2707,한강아파트
1160,양천향교역 7번출구앞,1128,화곡역 6번출구
1160,양천향교역 7번출구앞,2721,등촌1-10단지 교차로
1160,양천향교역 7번출구앞,2742,강서구민올림픽체육센터
1160,양천향교역 7번출구앞,1124,발산역 6번 출구 뒤
1160,양천향교역 7번출구앞,2740,마곡레포츠센터
1160,양천향교역 7번출구앞,2721,등촌1-10단지 교차로
1160,양천향교역 7번출구앞,1155,기쁜우리복지관
1160,양천향교역 7번출구앞,1112,마곡엠밸리4단지 정문
1160,양천향교역 7번출구앞,1160,양천향교역 7번출구앞
1160,양천향교역 7번출구앞,1173,강서구청사거리(SH타워)
1160,양천향교역 7번출구앞,2722,마곡 문영비지웍스
1160,양천향교역 7번출구앞,2707,한강아파트
1160,양천향교역 7번출구앞,1827,독산보도육교 앞 자전거 보관소
1160,양천향교역 7번출구앞,2715,마곡나루역 2번 출구
1160,양천향교역 7번출구앞,2722,마곡 문영비지웍스
1160,양천향교역 7번출구앞,2722,마곡 문영비지웍스
1160,양천향교역 7번출구앞,1160,양천향교역 7번출구앞
1160,양천향교역 7번출구앞,1160,양천향교역 7번출구앞
1160,양천향교역 7번출구앞,1160,양천향교역 7번출구앞
1160,양천향교역 7번출구앞,2725,서울식물원 식물문화센터
1160,양천향교역 7번출구앞,3796,송정역 3번출구 앞
1160,양천향교역 7번출구앞,1160,양천향교역 7번출구앞
1160,양천향교역 7번출구앞,1149,신방화역환승주차장
1160,양천향교역 7번출구앞,3775,가양오토갤러리
1160,양천향교역 7번출구앞,3783,마곡금호어울림아파트
1160,양천향교역 7번출구앞,1160,양천향교역 7번출구앞
1160,양천향교역 7번출구앞,2708,강서한강자이타워 앞
1160,양천향교역 7번출구앞,1118,증미역 3번출구뒤(등촌두산위브센티움오피스텔)
1160,양천향교역 7번출구앞,1121,가양레포츠센터앞
1160,양천향교역 7번출구앞,1166,강서구립등빛도서관
1160,양천향교역 7번출구앞,2729,넥센 유니버시티 앞
1160,양천향교역 7번출구앞,2735,마곡 공공청사
1160,양천향교역 7번출구앞,1177,수명중?고교
1160,양천향교역 7번출구앞,1124,발산역 6번 출구 뒤
1160,양천향교역 7번출구앞,1153,"발산역 1번, 9번 인근 대여소"
1160,양천향교역 7번출구앞,1194,센서텍㈜
1160,양천향교역 7번출구앞,2725,서울식물원 식물문화센터
1160,양천향교역 7번출구앞,2717,LG유플러스 마곡사옥
1160,양천향교역 7번출구앞,2727,서울식물원 잔디마당 앞
1160,양천향교역 7번출구앞,2708,강서한강자이타워 앞
1160,양천향교역 7번출구앞,1198,LG 사이언스파크
1160,양천향교역 7번출구앞,2727,서울식물원 잔디마당 앞
1160,양천향교역 7번출구앞,1195,코오롱One&Only타워
1160,양천향교역 7번출구앞,1194,센서텍㈜
1160,양천향교역 7번출구앞,2717,LG유플러스 마곡사옥
1160,양천향교역 7번출구앞,1195,코오롱One&Only타워
1160,양천향교역 7번출구앞,2716,롯데 R&D 센터
1160,양천향교역 7번출구앞,3801,이랜드글로벌R&D센터
1160,양천향교역 7번출구앞,2723,마곡 필네이처
1160,양천향교역 7번출구앞,1112,마곡엠밸리4단지 정문
1160,양천향교역 7번출구앞,1159,서서울모터리움앞
1160,양천향교역 7번출구앞,1193,마곡센트럴타워 1차
1160,양천향교역 7번출구앞,1117,스타벅스앞
1160,양천향교역 7번출구앞,1166,강서구립등빛도서관
1160,양천향교역 7번출구앞,1159,서서울모터리움앞
1160,양천향교역 7번출구앞,3759,서울이대병원
1160,양천향교역 7번출구앞,2735,마곡 공공청사
1160,양천향교역 7번출구앞,2715,마곡나루역 2번 출구
1160,양천향교역 7번출구앞,1160,양천향교역 7번출구앞
1160,양천향교역 7번출구앞,2719,마곡문화공원
1160,양천향교역 7번출구앞,2704,홈플러스(강서점)
1160,양천향교역 7번출구앞,1155,기쁜우리복지관
1160,양천향교역 7번출구앞,1197,엠펠리체 호텔 건너편
1160,양천향교역 7번출구앞,2740,마곡레포츠센터
1160,양천향교역 7번출구앞,2721,등촌1-10단지 교차로
1160,양천향교역 7번출구앞,1153,"발산역 1번, 9번 인근 대여소"
1160,양천향교역 7번출구앞,2722,마곡 문영비지웍스
1160,양천향교역 7번출구앞,2707,한강아파트
1160,양천향교역 7번출구앞,1184,마곡13단지
1160,양천향교역 7번출구앞,1195,코오롱One&Only타워
1160,양천향교역 7번출구앞,1159,서서울모터리움앞
1160,양천향교역 7번출구앞,3764,관문주유소(GS칼택스) 앞
1160,양천향교역 7번출구앞,3784,벽산아파트
1160,양천향교역 7번출구앞,2721,등촌1-10단지 교차로
1160,양천향교역 7번출구앞,774,등촌역 4번 출구
1160,양천향교역 7번출구앞,774,등촌역 4번 출구
1160,양천향교역 7번출구앞,1197,엠펠리체 호텔 건너편
1160,양천향교역 7번출구앞,1197,엠펠리체 호텔 건너편
1160,양천향교역 7번출구앞,1160,양천향교역 7번출구앞
1160,양천향교역 7번출구앞,3793,더리브골드타워
1160,양천향교역 7번출구앞,2722,마곡 문영비지웍스
1160,양천향교역 7번출구앞,1120,대림경동아파트앞
1160,양천향교역 7번출구앞,1153,"발산역 1번, 9번 인근 대여소"
1160,양천향교역 7번출구앞,2721,등촌1-10단지 교차로
1160,양천향교역 7번출구앞,2715,마곡나루역 2번 출구
1160,양천향교역 7번출구앞,2708,강서한강자이타워 앞
1160,양천향교역 7번출구앞,2722,마곡 문영비지웍스
1160,양천향교역 7번출구앞,3793,더리브골드타워
1160,양천향교역 7번출구앞,1178,개화산역 2번 출구
1160,양천향교역 7번출구앞,825,서빙고동 주민센터 앞
1160,양천향교역 7번출구앞,3759,서울이대병원
1160,양천향교역 7번출구앞,1182,KBS 스포츠월드
1160,양천향교역 7번출구앞,1197,엠펠리체 호텔 건너편
1160,양천향교역 7번출구앞,2718,마곡수명산파크1단지
1160,양천향교역 7번출구앞,2723,마곡 필네이처
1160,양천향교역 7번출구앞,2717,LG유플러스 마곡사옥
1160,양천향교역 7번출구앞,1153,"발산역 1번, 9번 인근 대여소"
1160,양천향교역 7번출구앞,1117,스타벅스앞
1160,양천향교역 7번출구앞,2742,강서구민올림픽체육센터
1160,양천향교역 7번출구앞,1160,양천향교역 7번출구앞
1160,양천향교역 7번출구앞,3775,가양오토갤러리
1160,양천향교역 7번출구앞,1166,강서구립등빛도서관
1160,양천향교역 7번출구앞,2707,한강아파트
1160,양천향교역 7번출구앞,1191,마곡역 교차로(NH농협)
1160,양천향교역 7번출구앞,2721,등촌1-10단지 교차로
1160,양천향교역 7번출구앞,1166,강서구립등빛도서관
1160,양천향교역 7번출구앞,2708,강서한강자이타워 앞
1160,양천향교역 7번출구앞,1160,양천향교역 7번출구앞
1160,양천향교역 7번출구앞,1121,가양레포츠센터앞
1160,양천향교역 7번출구앞,3782,겸재정선미술관
1160,양천향교역 7번출구앞,2721,등촌1-10단지 교차로
1160,양천향교역 7번출구앞,3784,벽산아파트
1160,양천향교역 7번출구앞,2735,마곡 공공청사
1160,양천향교역 7번출구앞,3775,가양오토갤러리
1160,양천향교역 7번출구앞,3783,마곡금호어울림아파트
1160,양천향교역 7번출구앞,1155,기쁜우리복지관
1160,양천향교역 7번출구앞,3798,그랜드아이파크아파트 앞
1160,양천향교역 7번출구앞,2743,동신아파트 104동 앞
1160,양천향교역 7번출구앞,1102,방화사거리 마을버스 버스정류장
1160,양천향교역 7번출구앞,3784,벽산아파트
1160,양천향교역 7번출구앞,1153,"발산역 1번, 9번 인근 대여소"
1160,양천향교역 7번출구앞,1118,증미역 3번출구뒤(등촌두산위브센티움오피스텔)
1160,양천향교역 7번출구앞,3780,등촌서광아파트
1160,양천향교역 7번출구앞,3780,등촌서광아파트
1160,양천향교역 7번출구앞,3780,등촌서광아파트
1160,양천향교역 7번출구앞,3780,등촌서광아파트
1160,양천향교역 7번출구앞,3780,등촌서광아파트
1160,양천향교역 7번출구앞,1131,꿈돌이공원 앞
1160,양천향교역 7번출구앞,2739,수명산파크1단지교차로
1160,양천향교역 7번출구앞,1139,용문사 버스정류장
1160,양천향교역 7번출구앞,2721,등촌1-10단지 교차로
1160,양천향교역 7번출구앞,1158,가양역 8번출구
1160,양천향교역 7번출구앞,2740,마곡레포츠센터
1160,양천향교역 7번출구앞,2717,LG유플러스 마곡사옥
1160,양천향교역 7번출구앞,2727,서울식물원 잔디마당 앞
1160,양천향교역 7번출구앞,1198,LG 사이언스파크
1160,양천향교역 7번출구앞,1106,신방화사거리
1160,양천향교역 7번출구앞,1194,센서텍㈜
1160,양천향교역 7번출구앞,2721,등촌1-10단지 교차로
1160,양천향교역 7번출구앞,3798,그랜드아이파크아파트 앞
1160,양천향교역 7번출구앞,1193,마곡센트럴타워 1차
1160,양천향교역 7번출구앞,2715,마곡나루역 2번 출구
1160,양천향교역 7번출구앞,1193,마곡센트럴타워 1차
1160,양천향교역 7번출구앞,1117,스타벅스앞
1160,양천향교역 7번출구앞,1194,센서텍㈜
1160,양천향교역 7번출구앞,1159,서서울모터리움앞
1160,양천향교역 7번출구앞,2723,마곡 필네이처
1160,양천향교역 7번출구앞,2710,라이품 공영주차장 앞
1160,양천향교역 7번출구앞,2720,힐스테이트에코
1160,양천향교역 7번출구앞,2715,마곡나루역 2번 출구
1160,양천향교역 7번출구앞,2708,강서한강자이타워 앞
1160,양천향교역 7번출구앞,2719,마곡문화공원
1160,양천향교역 7번출구앞,2722,마곡 문영비지웍스
1160,양천향교역 7번출구앞,2723,마곡 필네이처
1160,양천향교역 7번출구앞,2723,마곡 필네이처
1160,양천향교역 7번출구앞,2722,마곡 문영비지웍스
1160,양천향교역 7번출구앞,1185,등촌9단지
1160,양천향교역 7번출구앞,2723,마곡 필네이처
1160,양천향교역 7번출구앞,2717,LG유플러스 마곡사옥
1160,양천향교역 7번출구앞,1195,코오롱One&Only타워
1160,양천향교역 7번출구앞,2722,마곡 문영비지웍스
1160,양천향교역 7번출구앞,2721,등촌1-10단지 교차로
1160,양천향교역 7번출구앞,1160,양천향교역 7번출구앞
1160,양천향교역 7번출구앞,2724,(재)FITI시험연구원
1160,양천향교역 7번출구앞,2731,명덕고교
1160,양천향교역 7번출구앞,1160,양천향교역 7번출구앞
1160,양천향교역 7번출구앞,2722,마곡 문영비지웍스
1160,양천향교역 7번출구앞,1160,양천향교역 7번출구앞
1160,양천향교역 7번출구앞,3783,마곡금호어울림아파트
1160,양천향교역 7번출구앞,1158,가양역 8번출구
1160,양천향교역 7번출구앞,3759,서울이대병원
1160,양천향교역 7번출구앞,1150,송정역 1번출구
1160,양천향교역 7번출구앞,1153,"발산역 1번, 9번 인근 대여소"
1160,양천향교역 7번출구앞,3756,마곡힐스테이트 정문
1160,양천향교역 7번출구앞,1166,강서구립등빛도서관
1160,양천향교역 7번출구앞,1124,발산역 6번 출구 뒤
1160,양천향교역 7번출구앞,2721,등촌1-10단지 교차로
1160,양천향교역 7번출구앞,1155,기쁜우리복지관
1160,양천향교역 7번출구앞,2744,강서세무서 앞
1160,양천향교역 7번출구앞,4565,영등포 신세계백화점
1160,양천향교역 7번출구앞,1102,방화사거리 마을버스 버스정류장
1160,양천향교역 7번출구앞,1160,양천향교역 7번출구앞
1160,양천향교역 7번출구앞,1182,KBS 스포츠월드
1160,양천향교역 7번출구앞,2722,마곡 문영비지웍스
1160,양천향교역 7번출구앞,1197,엠펠리체 호텔 건너편
1160,양천향교역 7번출구앞,2718,마곡수명산파크1단지
1160,양천향교역 7번출구앞,2740,마곡레포츠센터
1160,양천향교역 7번출구앞,2742,강서구민올림픽체육센터
1160,양천향교역 7번출구앞,1160,양천향교역 7번출구앞
1160,양천향교역 7번출구앞,1191,마곡역 교차로(NH농협)
1160,양천향교역 7번출구앞,2706,강서공업고등학교 앞
1160,양천향교역 7번출구앞,1160,양천향교역 7번출구앞
1160,양천향교역 7번출구앞,2708,강서한강자이타워 앞
1160,양천향교역 7번출구앞,2707,한강아파트
1160,양천향교역 7번출구앞,1153,"발산역 1번, 9번 인근 대여소"
1160,양천향교역 7번출구앞,1120,대림경동아파트앞
1160,양천향교역 7번출구앞,1162,공항초등학교건너편
1160,양천향교역 7번출구앞,1160,양천향교역 7번출구앞
1160,양천향교역 7번출구앞,1117,스타벅스앞
1160,양천향교역 7번출구앞,1160,양천향교역 7번출구앞
1160,양천향교역 7번출구앞,3783,마곡금호어울림아파트
1160,양천향교역 7번출구앞,1160,양천향교역 7번출구앞
1160,양천향교역 7번출구앞,1166,강서구립등빛도서관
1160,양천향교역 7번출구앞,1160,양천향교역 7번출구앞
1160,양천향교역 7번출구앞,1160,양천향교역 7번출구앞
1160,양천향교역 7번출구앞,2708,강서한강자이타워 앞
1160,양천향교역 7번출구앞,2728,마곡나루역 3번 출구
1160,양천향교역 7번출구앞,2723,마곡 필네이처
1160,양천향교역 7번출구앞,1160,양천향교역 7번출구앞
1160,양천향교역 7번출구앞,1160,양천향교역 7번출구앞
1160,양천향교역 7번출구앞,2707,한강아파트
1160,양천향교역 7번출구앞,2707,한강아파트
1160,양천향교역 7번출구앞,2709,강변아파트 310동 앞
1160,양천향교역 7번출구앞,1152,마곡역교차로
1160,양천향교역 7번출구앞,1152,마곡역교차로
1160,양천향교역 7번출구앞,2721,등촌1-10단지 교차로
1160,양천향교역 7번출구앞,2721,등촌1-10단지 교차로
1160,양천향교역 7번출구앞,2721,등촌1-10단지 교차로
1160,양천향교역 7번출구앞,1117,스타벅스앞
1160,양천향교역 7번출구앞,1159,서서울모터리움앞
1160,양천향교역 7번출구앞,3787,가양나들목
1160,양천향교역 7번출구앞,3787,가양나들목
1160,양천향교역 7번출구앞,2721,등촌1-10단지 교차로
1160,양천향교역 7번출구앞,1132,등촌역 7번출구
1160,양천향교역 7번출구앞,1162,공항초등학교건너편
1160,양천향교역 7번출구앞,3775,가양오토갤러리
1160,양천향교역 7번출구앞,1159,서서울모터리움앞
1160,양천향교역 7번출구앞,1175,대한항공 인력개발센터
1160,양천향교역 7번출구앞,1160,양천향교역 7번출구앞
1160,양천향교역 7번출구앞,1158,가양역 8번출구
1160,양천향교역 7번출구앞,1162,공항초등학교건너편
1160,양천향교역 7번출구앞,1160,양천향교역 7번출구앞
1160,양천향교역 7번출구앞,2740,마곡레포츠센터
1160,양천향교역 7번출구앞,1153,"발산역 1번, 9번 인근 대여소"
1160,양천향교역 7번출구앞,1124,발산역 6번 출구 뒤
1160,양천향교역 7번출구앞,2725,서울식물원 식물문화센터
1160,양천향교역 7번출구앞,2708,강서한강자이타워 앞
1160,양천향교역 7번출구앞,1195,코오롱One&Only타워
1160,양천향교역 7번출구앞,1194,센서텍㈜
1160,양천향교역 7번출구앞,2727,서울식물원 잔디마당 앞
1160,양천향교역 7번출구앞,2727,서울식물원 잔디마당 앞
1160,양천향교역 7번출구앞,2723,마곡 필네이처
1160,양천향교역 7번출구앞,1198,LG 사이언스파크
1160,양천향교역 7번출구앞,1194,센서텍㈜
1160,양천향교역 7번출구앞,1153,"발산역 1번, 9번 인근 대여소"
1160,양천향교역 7번출구앞,1188,롯데중앙연구소
1160,양천향교역 7번출구앞,1191,마곡역 교차로(NH농협)
1160,양천향교역 7번출구앞,2723,마곡 필네이처
1160,양천향교역 7번출구앞,2715,마곡나루역 2번 출구
1160,양천향교역 7번출구앞,1117,스타벅스앞
1160,양천향교역 7번출구앞,272,당산육갑문
1160,양천향교역 7번출구앞,1166,강서구립등빛도서관
1160,양천향교역 7번출구앞,1159,서서울모터리움앞
1160,양천향교역 7번출구앞,1159,서서울모터리움앞
1160,양천향교역 7번출구앞,3783,마곡금호어울림아파트
1160,양천향교역 7번출구앞,2715,마곡나루역 2번 출구
1160,양천향교역 7번출구앞,2721,등촌1-10단지 교차로
1160,양천향교역 7번출구앞,2720,힐스테이트에코
1160,양천향교역 7번출구앞,2725,서울식물원 식물문화센터
1160,양천향교역 7번출구앞,2721,등촌1-10단지 교차로
1160,양천향교역 7번출구앞,2721,등촌1-10단지 교차로
1160,양천향교역 7번출구앞,3760,발산역 8번 출구
1160,양천향교역 7번출구앞,3775,가양오토갤러리
1160,양천향교역 7번출구앞,3784,벽산아파트
1160,양천향교역 7번출구앞,2721,등촌1-10단지 교차로
1160,양천향교역 7번출구앞,1149,신방화역환승주차장
1160,양천향교역 7번출구앞,1194,센서텍㈜
1160,양천향교역 7번출구앞,1194,센서텍㈜
1160,양천향교역 7번출구앞,1160,양천향교역 7번출구앞
1160,양천향교역 7번출구앞,2721,등촌1-10단지 교차로
1160,양천향교역 7번출구앞,1160,양천향교역 7번출구앞
1160,양천향교역 7번출구앞,1180,마곡엠밸리 15단지(1502동) 건너편
1160,양천향교역 7번출구앞,2722,마곡 문영비지웍스
1160,양천향교역 7번출구앞,1117,스타벅스앞
1160,양천향교역 7번출구앞,1166,강서구립등빛도서관
1160,양천향교역 7번출구앞,3784,벽산아파트
1160,양천향교역 7번출구앞,3784,벽산아파트
1160,양천향교역 7번출구앞,1117,스타벅스앞
1160,양천향교역 7번출구앞,1153,"발산역 1번, 9번 인근 대여소"
1160,양천향교역 7번출구앞,2728,마곡나루역 3번 출구