211,여의도역 4번출구 옆,206,KBS 앞
211,여의도역 4번출구 옆,202,국민일보 앞
211,여의도역 4번출구 옆,224,롯데캐슬 앞
211,여의도역 4번출구 옆,210,IFC몰
211,여의도역 4번출구 옆,205,산업은행 앞
211,여의도역 4번출구 옆,209,유진투자증권빌딩 앞
211,여의도역 4번출구 옆,217,NH농협은행 앞
211,여의도역 4번출구 옆,206,KBS 앞
211,여의도역 4번출구 옆,202,국민일보 앞
211,여의도역 4번출구 옆,205,산업은행 앞
211,여의도역 4번출구 옆,217,NH농협은행 앞
211,여의도역 4번출구 옆,202,국민일보 앞
211,여의도역 4번출구 옆,202,국민일보 앞
211,여의도역 4번출구 옆,217,NH농협은행 앞
211,여의도역 4번출구 옆,207,여의나루역 1번출구 앞
211,여의도역 4번출구 옆,209,유진투자증권빌딩 앞
211,여의도역 4번출구 옆,202,국민일보 앞
211,여의도역 4번출구 옆,202,국민일보 앞
211,여의도역 4번출구 옆,284,센트럴 푸르지오 시티 앞
211,여의도역 4번출구 옆,217,NH농협은행 앞
211,여의도역 4번출구 옆,202,국민일보 앞
211,여의도역 4번출구 옆,209,유진투자증권빌딩 앞
211,여의도역 4번출구 옆,202,국민일보 앞
211,여의도역 4번출구 옆,217,NH농협은행 앞
211,여의도역 4번출구 옆,202,국민일보 앞
211,여의도역 4번출구 옆,211,여의도역 4번출구 옆
211,여의도역 4번출구 옆,4559,신길역 2번출구
211,여의도역 4번출구 옆,206,KBS 앞
211,여의도역 4번출구 옆,4564,63스퀘어
211,여의도역 4번출구 옆,4568,영등포로터리
211,여의도역 4번출구 옆,217,NH농협은행 앞
211,여의도역 4번출구 옆,211,여의도역 4번출구 옆
211,여의도역 4번출구 옆,4579,국회의사당 본관
211,여의도역 4번출구 옆,209,유진투자증권빌딩 앞
211,여의도역 4번출구 옆,207,여의나루역 1번출구 앞
211,여의도역 4번출구 옆,202,국민일보 앞
211,여의도역 4번출구 옆,274,영등포역지하쇼핑센타 5번출구
211,여의도역 4번출구 옆,210,IFC몰
211,여의도역 4번출구 옆,259,대방역6번출구
211,여의도역 4번출구 옆,210,IFC몰
211,여의도역 4번출구 옆,4559,신길역 2번출구
211,여의도역 4번출구 옆,274,영등포역지하쇼핑센타 5번출구
211,여의도역 4번출구 옆,210,IFC몰
211,여의도역 4번출구 옆,148,용강동 주민센터 앞
211,여의도역 4번출구 옆,211,여의도역 4번출구 옆
211,여의도역 4번출구 옆,4559,신길역 2번출구
211,여의도역 4번출구 옆,221,여의도초교 앞
211,여의도역 4번출구 옆,209,유진투자증권빌딩 앞
211,여의도역 4번출구 옆,212,여의도역 1번출구 옆
211,여의도역 4번출구 옆,217,NH농협은행 앞
211,여의도역 4번출구 옆,276,SK 영등포주유소
211,여의도역 4번출구 옆,203,국회의사당역 3번출구 옆
211,여의도역 4번출구 옆,204,국회의사당역 5번출구 옆
211,여의도역 4번출구 옆,206,KBS 앞
211,여의도역 4번출구 옆,3220,래미안에스티움 앞 (신풍로)
211,여의도역 4번출구 옆,223,진주아파트상가 앞
211,여의도역 4번출구 옆,4559,신길역 2번출구
211,여의도역 4번출구 옆,211,여의도역 4번출구 옆
211,여의도역 4번출구 옆,2265,이수고가차도 남단
211,여의도역 4번출구 옆,205,산업은행 앞
211,여의도역 4번출구 옆,276,SK 영등포주유소
211,여의도역 4번출구 옆,217,NH농협은행 앞
211,여의도역 4번출구 옆,274,영등포역지하쇼핑센타 5번출구
211,여의도역 4번출구 옆,2015,신대방삼거리역 6번출구쪽
211,여의도역 4번출구 옆,3205,문래현대2차
211,여의도역 4번출구 옆,217,NH농협은행 앞
211,여의도역 4번출구 옆,219,롯데캐슬엠파이어 옆
211,여의도역 4번출구 옆,211,여의도역 4번출구 옆
211,여의도역 4번출구 옆,4029,청소년수련관 후문
211,여의도역 4번출구 옆,211,여의도역 4번출구 옆
211,여의도역 4번출구 옆,276,SK 영등포주유소
211,여의도역 4번출구 옆,202,국민일보 앞
211,여의도역 4번출구 옆,202,국민일보 앞
211,여의도역 4번출구 옆,259,대방역6번출구
211,여의도역 4번출구 옆,119,서강나루 공원
211,여의도역 4번출구 옆,202,국민일보 앞
211,여의도역 4번출구 옆,4618,풍전아파트 건너편
211,여의도역 4번출구 옆,3125,연희파크푸르지오아파트 앞
211,여의도역 4번출구 옆,4558,대영중고 후문
211,여의도역 4번출구 옆,213,KT앞
211,여의도역 4번출구 옆,4559,신길역 2번출구
211,여의도역 4번출구 옆,205,산업은행 앞
211,여의도역 4번출구 옆,1157,강서구청
211,여의도역 4번출구 옆,819,선린인터넷 고등학교
211,여의도역 4번출구 옆,205,산업은행 앞
211,여의도역 4번출구 옆,204,국회의사당역 5번출구 옆
211,여의도역 4번출구 옆,217,NH농협은행 앞
211,여의도역 4번출구 옆,202,국민일보 앞
211,여의도역 4번출구 옆,217,NH농협은행 앞
211,여의도역 4번출구 옆,276,SK 영등포주유소
211,여의도역 4번출구 옆,202,국민일보 앞
211,여의도역 4번출구 옆,206,KBS 앞
211,여의도역 4번출구 옆,202,국민일보 앞
211,여의도역 4번출구 옆,202,국민일보 앞
211,여의도역 4번출구 옆,202,국민일보 앞
211,여의도역 4번출구 옆,202,국민일보 앞
211,여의도역 4번출구 옆,217,NH농협은행 앞
211,여의도역 4번출구 옆,202,국민일보 앞
211,여의도역 4번출구 옆,209,유진투자증권빌딩 앞
211,여의도역 4번출구 옆,202,국민일보 앞
211,여의도역 4번출구 옆,209,유진투자증권빌딩 앞
211,여의도역 4번출구 옆,206,KBS 앞
211,여의도역 4번출구 옆,205,산업은행 앞
211,여의도역 4번출구 옆,210,IFC몰
211,여의도역 4번출구 옆,205,산업은행 앞
211,여의도역 4번출구 옆,202,국민일보 앞
211,여의도역 4번출구 옆,226,샛강역 1번출구 앞
211,여의도역 4번출구 옆,202,국민일보 앞
211,여의도역 4번출구 옆,211,여의도역 4번출구 옆
211,여의도역 4번출구 옆,224,롯데캐슬 앞
211,여의도역 4번출구 옆,270,증권거래소후문교차로
211,여의도역 4번출구 옆,221,여의도초교 앞
211,여의도역 4번출구 옆,224,롯데캐슬 앞
211,여의도역 4번출구 옆,214,금융감독원 앞
211,여의도역 4번출구 옆,217,NH농협은행 앞
211,여의도역 4번출구 옆,4563,여의도 은하아파트
211,여의도역 4번출구 옆,4559,신길역 2번출구
211,여의도역 4번출구 옆,203,국회의사당역 3번출구 옆
211,여의도역 4번출구 옆,210,IFC몰
211,여의도역 4번출구 옆,202,국민일보 앞
211,여의도역 4번출구 옆,202,국민일보 앞
211,여의도역 4번출구 옆,209,유진투자증권빌딩 앞
211,여의도역 4번출구 옆,259,대방역6번출구
211,여의도역 4번출구 옆,274,영등포역지하쇼핑센타 5번출구
211,여의도역 4번출구 옆,209,유진투자증권빌딩 앞
211,여의도역 4번출구 옆,209,유진투자증권빌딩 앞
211,여의도역 4번출구 옆,270,증권거래소후문교차로
211,여의도역 4번출구 옆,222,시범아파트버스정류장 옆
211,여의도역 4번출구 옆,2058,노량진동 맥도널드앞
211,여의도역 4번출구 옆,206,KBS 앞
211,여의도역 4번출구 옆,217,NH농협은행 앞
211,여의도역 4번출구 옆,215,여의도고교 앞
211,여의도역 4번출구 옆,270,증권거래소후문교차로
211,여의도역 4번출구 옆,230,영등포구청역 1번출구
211,여의도역 4번출구 옆,4565,영등포 신세계백화점
211,여의도역 4번출구 옆,217,NH농협은행 앞
211,여의도역 4번출구 옆,225,앙카라공원 앞
211,여의도역 4번출구 옆,259,대방역6번출구
211,여의도역 4번출구 옆,205,산업은행 앞
211,여의도역 4번출구 옆,274,영등포역지하쇼핑센타 5번출구
211,여의도역 4번출구 옆,4559,신길역 2번출구
211,여의도역 4번출구 옆,4569,힐스테이트클래시안아파트
211,여의도역 4번출구 옆,247,당산역 10번출구 앞
211,여의도역 4번출구 옆,3205,문래현대2차
211,여의도역 4번출구 옆,268,그랜드컨벤션센터 앞
211,여의도역 4번출구 옆,4561,양평역 1번출구
211,여의도역 4번출구 옆,4559,신길역 2번출구
211,여의도역 4번출구 옆,274,영등포역지하쇼핑센타 5번출구
211,여의도역 4번출구 옆,1173,강서구청사거리(SH타워)
211,여의도역 4번출구 옆,217,NH농협은행 앞
211,여의도역 4번출구 옆,427,성산시영아파트
211,여의도역 4번출구 옆,221,여의도초교 앞
211,여의도역 4번출구 옆,4568,영등포로터리
211,여의도역 4번출구 옆,4568,영등포로터리
211,여의도역 4번출구 옆,4559,신길역 2번출구
211,여의도역 4번출구 옆,211,여의도역 4번출구 옆
211,여의도역 4번출구 옆,202,국민일보 앞
211,여의도역 4번출구 옆,4206,광흥창역5번출구
211,여의도역 4번출구 옆,270,증권거래소후문교차로
211,여의도역 4번출구 옆,226,샛강역 1번출구 앞
211,여의도역 4번출구 옆,217,NH농협은행 앞
211,여의도역 4번출구 옆,264,교보생명보험 앞
211,여의도역 4번출구 옆,222,시범아파트버스정류장 옆
211,여의도역 4번출구 옆,276,SK 영등포주유소
211,여의도역 4번출구 옆,125,서강대 남문 옆
211,여의도역 4번출구 옆,259,대방역6번출구
211,여의도역 4번출구 옆,495,염리초등학교 앞
211,여의도역 4번출구 옆,3787,가양나들목
211,여의도역 4번출구 옆,2050,노량진역 5번출구
211,여의도역 4번출구 옆,3796,송정역 3번출구 앞
211,여의도역 4번출구 옆,209,유진투자증권빌딩 앞
211,여의도역 4번출구 옆,202,국민일보 앞
211,여의도역 4번출구 옆,210,IFC몰
211,여의도역 4번출구 옆,202,국민일보 앞
211,여의도역 4번출구 옆,209,유진투자증권빌딩 앞
211,여의도역 4번출구 옆,202,국민일보 앞
211,여의도역 4번출구 옆,202,국민일보 앞
211,여의도역 4번출구 옆,215,여의도고교 앞
211,여의도역 4번출구 옆,211,여의도역 4번출구 옆
211,여의도역 4번출구 옆,202,국민일보 앞
211,여의도역 4번출구 옆,217,NH농협은행 앞
211,여의도역 4번출구 옆,209,유진투자증권빌딩 앞
211,여의도역 4번출구 옆,206,KBS 앞
211,여의도역 4번출구 옆,202,국민일보 앞
211,여의도역 4번출구 옆,205,산업은행 앞
211,여의도역 4번출구 옆,203,국회의사당역 3번출구 옆
211,여의도역 4번출구 옆,207,여의나루역 1번출구 앞
211,여의도역 4번출구 옆,147,마포역 4번출구 뒤
211,여의도역 4번출구 옆,205,산업은행 앞
211,여의도역 4번출구 옆,206,KBS 앞
211,여의도역 4번출구 옆,146,마포역 2번출구 뒤
211,여의도역 4번출구 옆,202,국민일보 앞
211,여의도역 4번출구 옆,205,산업은행 앞
211,여의도역 4번출구 옆,202,국민일보 앞
211,여의도역 4번출구 옆,202,국민일보 앞
211,여의도역 4번출구 옆,203,국회의사당역 3번출구 옆
211,여의도역 4번출구 옆,217,NH농협은행 앞
211,여의도역 4번출구 옆,202,국민일보 앞
211,여의도역 4번출구 옆,209,유진투자증권빌딩 앞
211,여의도역 4번출구 옆,202,국민일보 앞
211,여의도역 4번출구 옆,4579,국회의사당 본관
211,여의도역 4번출구 옆,284,센트럴 푸르지오 시티 앞
211,여의도역 4번출구 옆,202,국민일보 앞
211,여의도역 4번출구 옆,276,SK 영등포주유소
211,여의도역 4번출구 옆,209,유진투자증권빌딩 앞
211,여의도역 4번출구 옆,211,여의도역 4번출구 옆
211,여의도역 4번출구 옆,274,영등포역지하쇼핑센타 5번출구
211,여의도역 4번출구 옆,217,NH농협은행 앞
211,여의도역 4번출구 옆,206,KBS 앞
211,여의도역 4번출구 옆,203,국회의사당역 3번출구 옆
211,여의도역 4번출구 옆,209,유진투자증권빌딩 앞
211,여의도역 4번출구 옆,202,국민일보 앞
211,여의도역 4번출구 옆,207,여의나루역 1번출구 앞
211,여의도역 4번출구 옆,4565,영등포 신세계백화점
211,여의도역 4번출구 옆,219,롯데캐슬엠파이어 옆
211,여의도역 4번출구 옆,211,여의도역 4번출구 옆
211,여의도역 4번출구 옆,211,여의도역 4번출구 옆
211,여의도역 4번출구 옆,229,양평1 보행육교 앞
211,여의도역 4번출구 옆,223,진주아파트상가 앞
211,여의도역 4번출구 옆,211,여의도역 4번출구 옆
211,여의도역 4번출구 옆,210,IFC몰
211,여의도역 4번출구 옆,205,산업은행 앞
211,여의도역 4번출구 옆,219,롯데캐슬엠파이어 옆
211,여의도역 4번출구 옆,259,대방역6번출구
211,여의도역 4번출구 옆,4559,신길역 2번출구
211,여의도역 4번출구 옆,274,영등포역지하쇼핑센타 5번출구
211,여의도역 4번출구 옆,210,IFC몰
211,여의도역 4번출구 옆,744,신목동역 2번 출구
211,여의도역 4번출구 옆,214,금융감독원 앞
211,여의도역 4번출구 옆,825,서빙고동 주민센터 앞
211,여의도역 4번출구 옆,825,서빙고동 주민센터 앞
211,여의도역 4번출구 옆,259,대방역6번출구
211,여의도역 4번출구 옆,293,충북 미래관
211,여의도역 4번출구 옆,4559,신길역 2번출구
211,여의도역 4번출구 옆,723,SBS방송국
211,여의도역 4번출구 옆,270,증권거래소후문교차로
211,여의도역 4번출구 옆,258,신길역3번출구
211,여의도역 4번출구 옆,203,국회의사당역 3번출구 옆
211,여의도역 4번출구 옆,265,영등포유통상가 사거리
211,여의도역 4번출구 옆,4569,힐스테이트클래시안아파트
211,여의도역 4번출구 옆,226,샛강역 1번출구 앞
211,여의도역 4번출구 옆,211,여의도역 4번출구 옆
211,여의도역 4번출구 옆,259,대방역6번출구
211,여의도역 4번출구 옆,205,산업은행 앞
211,여의도역 4번출구 옆,1129,화곡역 1번 출구 앞
211,여의도역 4번출구 옆,495,염리초등학교 앞
211,여의도역 4번출구 옆,290,당산동 SK V1 빌딩
211,여의도역 4번출구 옆,202,국민일보 앞
211,여의도역 4번출구 옆,204,국회의사당역 5번출구 옆
211,여의도역 4번출구 옆,2008,노량진근린공원 대방공원
211,여의도역 4번출구 옆,217,NH농협은행 앞
211,여의도역 4번출구 옆,222,시범아파트버스정류장 옆
211,여의도역 4번출구 옆,204,국회의사당역 5번출구 옆
211,여의도역 4번출구 옆,147,마포역 4번출구 뒤
211,여의도역 4번출구 옆,225,앙카라공원 앞
211,여의도역 4번출구 옆,276,SK 영등포주유소
211,여의도역 4번출구 옆,207,여의나루역 1번출구 앞
211,여의도역 4번출구 옆,259,대방역6번출구
211,여의도역 4번출구 옆,144,공덕역 8번출구
211,여의도역 4번출구 옆,439,마포어린이공원
211,여의도역 4번출구 옆,3214,영등포 푸르지오
211,여의도역 4번출구 옆,3205,문래현대2차
211,여의도역 4번출구 옆,259,대방역6번출구
211,여의도역 4번출구 옆,211,여의도역 4번출구 옆
211,여의도역 4번출구 옆,3794,안양천합수부(현대3차아파트)
211,여의도역 4번출구 옆,270,증권거래소후문교차로
211,여의도역 4번출구 옆,217,NH농협은행 앞
211,여의도역 4번출구 옆,205,산업은행 앞
211,여의도역 4번출구 옆,209,유진투자증권빌딩 앞
211,여의도역 4번출구 옆,209,유진투자증권빌딩 앞
211,여의도역 4번출구 옆,202,국민일보 앞
211,여의도역 4번출구 옆,204,국회의사당역 5번출구 옆
211,여의도역 4번출구 옆,211,여의도역 4번출구 옆
211,여의도역 4번출구 옆,233,YP 센터 앞
211,여의도역 4번출구 옆,233,YP 센터 앞
211,여의도역 4번출구 옆,205,산업은행 앞
211,여의도역 4번출구 옆,259,대방역6번출구
211,여의도역 4번출구 옆,276,SK 영등포주유소
211,여의도역 4번출구 옆,202,국민일보 앞
211,여의도역 4번출구 옆,258,신길역3번출구
211,여의도역 4번출구 옆,206,KBS 앞
211,여의도역 4번출구 옆,217,NH농협은행 앞
211,여의도역 4번출구 옆,213,KT앞
211,여의도역 4번출구 옆,275,신동아아파트
211,여의도역 4번출구 옆,217,NH농협은행 앞
211,여의도역 4번출구 옆,202,국민일보 앞
211,여의도역 4번출구 옆,202,국민일보 앞
211,여의도역 4번출구 옆,205,산업은행 앞
211,여의도역 4번출구 옆,223,진주아파트상가 앞
211,여의도역 4번출구 옆,4559,신길역 2번출구
211,여의도역 4번출구 옆,1929,고척근린공원 고척도서관 앞
211,여의도역 4번출구 옆,209,유진투자증권빌딩 앞
211,여의도역 4번출구 옆,226,샛강역 1번출구 앞
211,여의도역 4번출구 옆,209,유진투자증권빌딩 앞
211,여의도역 4번출구 옆,209,유진투자증권빌딩 앞
211,여의도역 4번출구 옆,495,염리초등학교 앞
211,여의도역 4번출구 옆,211,여의도역 4번출구 옆
211,여의도역 4번출구 옆,825,서빙고동 주민센터 앞
211,여의도역 4번출구 옆,825,서빙고동 주민센터 앞
211,여의도역 4번출구 옆,4568,영등포로터리
211,여의도역 4번출구 옆,221,여의도초교 앞
211,여의도역 4번출구 옆,221,여의도초교 앞
211,여의도역 4번출구 옆,209,유진투자증권빌딩 앞
211,여의도역 4번출구 옆,202,국민일보 앞
211,여의도역 4번출구 옆,217,NH농협은행 앞
211,여의도역 4번출구 옆,276,SK 영등포주유소
211,여의도역 4번출구 옆,4559,신길역 2번출구
211,여의도역 4번출구 옆,4559,신길역 2번출구
211,여의도역 4번출구 옆,226,샛강역 1번출구 앞
211,여의도역 4번출구 옆,259,대방역6번출구
211,여의도역 4번출구 옆,793,목동5단지아파트 534동
211,여의도역 4번출구 옆,731,서울시 도로환경관리센터
211,여의도역 4번출구 옆,2070,노량진역 2번 출구 앞
211,여의도역 4번출구 옆,259,대방역6번출구
211,여의도역 4번출구 옆,247,당산역 10번출구 앞
211,여의도역 4번출구 옆,217,NH농협은행 앞
211,여의도역 4번출구 옆,119,서강나루 공원
211,여의도역 4번출구 옆,211,여의도역 4번출구 옆
211,여의도역 4번출구 옆,226,샛강역 1번출구 앞
211,여의도역 4번출구 옆,276,SK 영등포주유소
211,여의도역 4번출구 옆,226,샛강역 1번출구 앞
211,여의도역 4번출구 옆,205,산업은행 앞
211,여의도역 4번출구 옆,209,유진투자증권빌딩 앞
211,여의도역 4번출구 옆,210,IFC몰
211,여의도역 4번출구 옆,202,국민일보 앞
211,여의도역 4번출구 옆,205,산업은행 앞
211,여의도역 4번출구 옆,214,금융감독원 앞
211,여의도역 4번출구 옆,4568,영등포로터리
211,여의도역 4번출구 옆,217,NH농협은행 앞
211,여의도역 4번출구 옆,217,NH농협은행 앞
211,여의도역 4번출구 옆,203,국회의사당역 3번출구 옆
211,여의도역 4번출구 옆,247,당산역 10번출구 앞
211,여의도역 4번출구 옆,202,국민일보 앞
211,여의도역 4번출구 옆,291,문래동 하이테크 시티
211,여의도역 4번출구 옆,207,여의나루역 1번출구 앞
211,여의도역 4번출구 옆,207,여의나루역 1번출구 앞
211,여의도역 4번출구 옆,207,여의나루역 1번출구 앞
211,여의도역 4번출구 옆,202,국민일보 앞
211,여의도역 4번출구 옆,259,대방역6번출구
211,여의도역 4번출구 옆,128,신촌역(2호선) 1번출구 옆
211,여의도역 4번출구 옆,224,롯데캐슬 앞
211,여의도역 4번출구 옆,259,대방역6번출구
211,여의도역 4번출구 옆,202,국민일보 앞
211,여의도역 4번출구 옆,247,당산역 10번출구 앞
211,여의도역 4번출구 옆,248,초원아파트 앞
211,여의도역 4번출구 옆,4559,신길역 2번출구
211,여의도역 4번출구 옆,2080,빕스 대방점 앞
211,여의도역 4번출구 옆,4568,영등포로터리
211,여의도역 4번출구 옆,3202,당산롯데캐슬프레스티지
211,여의도역 4번출구 옆,222,시범아파트버스정류장 옆
211,여의도역 4번출구 옆,217,NH농협은행 앞
211,여의도역 4번출구 옆,1998,고척교 교차로
211,여의도역 4번출구 옆,210,IFC몰
211,여의도역 4번출구 옆,207,여의나루역 1번출구 앞
211,여의도역 4번출구 옆,217,NH농협은행 앞
211,여의도역 4번출구 옆,259,대방역6번출구
211,여의도역 4번출구 옆,217,NH농협은행 앞
211,여의도역 4번출구 옆,217,NH농협은행 앞
211,여의도역 4번출구 옆,217,NH농협은행 앞
211,여의도역 4번출구 옆,202,국민일보 앞
211,여의도역 4번출구 옆,4584,국회2문
211,여의도역 4번출구 옆,276,SK 영등포주유소
211,여의도역 4번출구 옆,206,KBS 앞
211,여의도역 4번출구 옆,209,유진투자증권빌딩 앞
211,여의도역 4번출구 옆,209,유진투자증권빌딩 앞
211,여의도역 4번출구 옆,203,국회의사당역 3번출구 옆
211,여의도역 4번출구 옆,210,IFC몰
211,여의도역 4번출구 옆,202,국민일보 앞
211,여의도역 4번출구 옆,209,유진투자증권빌딩 앞
211,여의도역 4번출구 옆,210,IFC몰
211,여의도역 4번출구 옆,205,산업은행 앞
211,여의도역 4번출구 옆,217,NH농협은행 앞
211,여의도역 4번출구 옆,202,국민일보 앞
211,여의도역 4번출구 옆,202,국민일보 앞
211,여의도역 4번출구 옆,202,국민일보 앞
211,여의도역 4번출구 옆,224,롯데캐슬 앞
211,여의도역 4번출구 옆,207,여의나루역 1번출구 앞
211,여의도역 4번출구 옆,202,국민일보 앞
211,여의도역 4번출구 옆,206,KBS 앞
211,여의도역 4번출구 옆,222,시범아파트버스정류장 옆
211,여의도역 4번출구 옆,284,센트럴 푸르지오 시티 앞
211,여의도역 4번출구 옆,259,대방역6번출구
211,여의도역 4번출구 옆,210,IFC몰
211,여의도역 4번출구 옆,203,국회의사당역 3번출구 옆
211,여의도역 4번출구 옆,283,아크로타워 스퀘어(영등포시장)
211,여의도역 4번출구 옆,222,시범아파트버스정류장 옆
211,여의도역 4번출구 옆,3204,도림고가도로 밑
211,여의도역 4번출구 옆,202,국민일보 앞
211,여의도역 4번출구 옆,4564,63스퀘어
211,여의도역 4번출구 옆,4580,국회3문
211,여의도역 4번출구 옆,287,영등포전화국사거리 (서강어린이공원)
211,여의도역 4번출구 옆,274,영등포역지하쇼핑센타 5번출구
211,여의도역 4번출구 옆,224,롯데캐슬 앞
211,여의도역 4번출구 옆,276,SK 영등포주유소
211,여의도역 4번출구 옆,259,대방역6번출구
211,여의도역 4번출구 옆,223,진주아파트상가 앞
211,여의도역 4번출구 옆,4565,영등포 신세계백화점
211,여의도역 4번출구 옆,259,대방역6번출구
211,여의도역 4번출구 옆,157,애오개역 4번출구 앞
211,여의도역 4번출구 옆,272,당산육갑문
211,여의도역 4번출구 옆,209,유진투자증권빌딩 앞
211,여의도역 4번출구 옆,214,금융감독원 앞
211,여의도역 4번출구 옆,202,국민일보 앞
211,여의도역 4번출구 옆,744,신목동역 2번 출구
211,여의도역 4번출구 옆,221,여의도초교 앞
211,여의도역 4번출구 옆,4579,국회의사당 본관
211,여의도역 4번출구 옆,148,용강동 주민센터 앞
211,여의도역 4번출구 옆,4581,국회소통관
211,여의도역 4번출구 옆,204,국회의사당역 5번출구 옆
211,여의도역 4번출구 옆,225,앙카라공원 앞
211,여의도역 4번출구 옆,723,SBS방송국
211,여의도역 4번출구 옆,259,대방역6번출구
211,여의도역 4번출구 옆,4559,신길역 2번출구
211,여의도역 4번출구 옆,215,여의도고교 앞
211,여의도역 4번출구 옆,274,영등포역지하쇼핑센타 5번출구
211,여의도역 4번출구 옆,4559,신길역 2번출구
211,여의도역 4번출구 옆,274,영등포역지하쇼핑센타 5번출구
211,여의도역 4번출구 옆,209,유진투자증권빌딩 앞
211,여의도역 4번출구 옆,203,국회의사당역 3번출구 옆
211,여의도역 4번출구 옆,259,대방역6번출구
211,여의도역 4번출구 옆,259,대방역6번출구
211,여의도역 4번출구 옆,274,영등포역지하쇼핑센타 5번출구
211,여의도역 4번출구 옆,4559,신길역 2번출구
211,여의도역 4번출구 옆,259,대방역6번출구
211,여의도역 4번출구 옆,157,애오개역 4번출구 앞
211,여의도역 4번출구 옆,700,KB국민은행 염창역 지점 앞
211,여의도역 4번출구 옆,702,목4동주민센터 옆
211,여의도역 4번출구 옆,3221,서울특별시 남부교육지원청
211,여의도역 4번출구 옆,146,마포역 2번출구 뒤
211,여의도역 4번출구 옆,224,롯데캐슬 앞
211,여의도역 4번출구 옆,213,KT앞
211,여의도역 4번출구 옆,4569,힐스테이트클래시안아파트
211,여의도역 4번출구 옆,259,대방역6번출구
211,여의도역 4번출구 옆,209,유진투자증권빌딩 앞
211,여의도역 4번출구 옆,283,아크로타워 스퀘어(영등포시장)
211,여의도역 4번출구 옆,2140,신림1교 교차로
211,여의도역 4번출구 옆,247,당산역 10번출구 앞
211,여의도역 4번출구 옆,426,서울신용보증재단
211,여의도역 4번출구 옆,144,공덕역 8번출구
211,여의도역 4번출구 옆,2102,봉림교 교통섬
211,여의도역 4번출구 옆,210,IFC몰
211,여의도역 4번출구 옆,2008,노량진근린공원 대방공원
211,여의도역 4번출구 옆,4559,신길역 2번출구
211,여의도역 4번출구 옆,298,KBS 연구동 건너편
211,여의도역 4번출구 옆,211,여의도역 4번출구 옆
211,여의도역 4번출구 옆,3131,연가교 교차로
211,여의도역 4번출구 옆,2259,잠원역 3번-4번 출구사이
211,여의도역 4번출구 옆,2085,강남중학교 앞
211,여의도역 4번출구 옆,202,국민일보 앞
211,여의도역 4번출구 옆,853,용산역 맞은편
211,여의도역 4번출구 옆,4559,신길역 2번출구
211,여의도역 4번출구 옆,204,국회의사당역 5번출구 옆
211,여의도역 4번출구 옆,230,영등포구청역 1번출구
211,여의도역 4번출구 옆,3214,영등포 푸르지오
211,여의도역 4번출구 옆,247,당산역 10번출구 앞
211,여의도역 4번출구 옆,549,아차산역 3번출구
211,여의도역 4번출구 옆,259,대방역6번출구
211,여의도역 4번출구 옆,207,여의나루역 1번출구 앞
211,여의도역 4번출구 옆,211,여의도역 4번출구 옆
211,여의도역 4번출구 옆,4559,신길역 2번출구
211,여의도역 4번출구 옆,4559,신길역 2번출구
211,여의도역 4번출구 옆,259,대방역6번출구
211,여의도역 4번출구 옆,4559,신길역 2번출구
211,여의도역 4번출구 옆,276,SK 영등포주유소
211,여의도역 4번출구 옆,259,대방역6번출구
211,여의도역 4번출구 옆,252,보라매역4번출구
211,여의도역 4번출구 옆,205,산업은행 앞
211,여의도역 4번출구 옆,118,광흥창역 2번출구 앞
211,여의도역 4번출구 옆,217,NH농협은행 앞
211,여의도역 4번출구 옆,206,KBS 앞
211,여의도역 4번출구 옆,217,NH농협은행 앞
211,여의도역 4번출구 옆,217,NH농협은행 앞
211,여의도역 4번출구 옆,276,SK 영등포주유소
211,여의도역 4번출구 옆,202,국민일보 앞
211,여의도역 4번출구 옆,206,KBS 앞
211,여의도역 4번출구 옆,209,유진투자증권빌딩 앞
211,여의도역 4번출구 옆,202,국민일보 앞
211,여의도역 4번출구 옆,209,유진투자증권빌딩 앞
211,여의도역 4번출구 옆,217,NH농협은행 앞
211,여의도역 4번출구 옆,217,NH농협은행 앞
211,여의도역 4번출구 옆,209,유진투자증권빌딩 앞
211,여의도역 4번출구 옆,210,IFC몰
211,여의도역 4번출구 옆,210,IFC몰
211,여의도역 4번출구 옆,4564,63스퀘어
211,여의도역 4번출구 옆,205,산업은행 앞
211,여의도역 4번출구 옆,202,국민일보 앞
211,여의도역 4번출구 옆,206,KBS 앞
211,여의도역 4번출구 옆,206,KBS 앞
211,여의도역 4번출구 옆,202,국민일보 앞
211,여의도역 4번출구 옆,217,NH농협은행 앞
211,여의도역 4번출구 옆,206,KBS 앞
211,여의도역 4번출구 옆,4514,목동성당 앞
211,여의도역 4번출구 옆,202,국민일보 앞
211,여의도역 4번출구 옆,207,여의나루역 1번출구 앞
211,여의도역 4번출구 옆,202,국민일보 앞
211,여의도역 4번출구 옆,207,여의나루역 1번출구 앞
211,여의도역 4번출구 옆,224,롯데캐슬 앞
211,여의도역 4번출구 옆,202,국민일보 앞
211,여의도역 4번출구 옆,248,초원아파트 앞
211,여의도역 4번출구 옆,291,문래동 하이테크 시티
211,여의도역 4번출구 옆,204,국회의사당역 5번출구 옆
211,여의도역 4번출구 옆,203,국회의사당역 3번출구 옆
211,여의도역 4번출구 옆,201,진미파라곤 앞
211,여의도역 4번출구 옆,211,여의도역 4번출구 옆
211,여의도역 4번출구 옆,206,KBS 앞
211,여의도역 4번출구 옆,4563,여의도 은하아파트
211,여의도역 4번출구 옆,274,영등포역지하쇼핑센타 5번출구
211,여의도역 4번출구 옆,204,국회의사당역 5번출구 옆
211,여의도역 4번출구 옆,206,KBS 앞
211,여의도역 4번출구 옆,205,산업은행 앞
211,여의도역 4번출구 옆,210,IFC몰
211,여의도역 4번출구 옆,1931,개봉역(북측광장)
211,여의도역 4번출구 옆,206,KBS 앞
211,여의도역 4번출구 옆,221,여의도초교 앞
211,여의도역 4번출구 옆,157,애오개역 4번출구 앞
211,여의도역 4번출구 옆,221,여의도초교 앞
211,여의도역 4번출구 옆,203,국회의사당역 3번출구 옆
211,여의도역 4번출구 옆,276,SK 영등포주유소
211,여의도역 4번출구 옆,4568,영등포로터리
211,여의도역 4번출구 옆,4559,신길역 2번출구
211,여의도역 4번출구 옆,217,NH농협은행 앞
211,여의도역 4번출구 옆,276,SK 영등포주유소
211,여의도역 4번출구 옆,212,여의도역 1번출구 옆
211,여의도역 4번출구 옆,223,진주아파트상가 앞
211,여의도역 4번출구 옆,4568,영등포로터리
211,여의도역 4번출구 옆,3215,강변삼성래미안
211,여의도역 4번출구 옆,293,충북 미래관
211,여의도역 4번출구 옆,258,신길역3번출구
211,여의도역 4번출구 옆,259,대방역6번출구
211,여의도역 4번출구 옆,266,영등포청과시장 사거리
211,여의도역 4번출구 옆,203,국회의사당역 3번출구 옆
211,여의도역 4번출구 옆,239,유스호스텔 앞
211,여의도역 4번출구 옆,259,대방역6번출구
211,여의도역 4번출구 옆,4559,신길역 2번출구
211,여의도역 4번출구 옆,3202,당산롯데캐슬프레스티지
211,여의도역 4번출구 옆,2002,노들역 1번출구
211,여의도역 4번출구 옆,726,목동3단지 시내버스정류장
211,여의도역 4번출구 옆,290,당산동 SK V1 빌딩
211,여의도역 4번출구 옆,2301,현대고등학교 건너편
211,여의도역 4번출구 옆,4561,양평역 1번출구
211,여의도역 4번출구 옆,3789,염창나들목
211,여의도역 4번출구 옆,207,여의나루역 1번출구 앞
211,여의도역 4번출구 옆,2140,신림1교 교차로
211,여의도역 4번출구 옆,427,성산시영아파트
211,여의도역 4번출구 옆,258,신길역3번출구
211,여의도역 4번출구 옆,2080,빕스 대방점 앞
211,여의도역 4번출구 옆,4553,당산삼성2차아파트
211,여의도역 4번출구 옆,2080,빕스 대방점 앞
211,여의도역 4번출구 옆,240,문래역 4번출구 앞
211,여의도역 4번출구 옆,2013,장승배기역 5번출구
211,여의도역 4번출구 옆,228,선유도역 3번출구 앞
211,여의도역 4번출구 옆,204,국회의사당역 5번출구 옆
211,여의도역 4번출구 옆,274,영등포역지하쇼핑센타 5번출구
211,여의도역 4번출구 옆,205,산업은행 앞
211,여의도역 4번출구 옆,259,대방역6번출구
211,여의도역 4번출구 옆,266,영등포청과시장 사거리
211,여의도역 4번출구 옆,853,용산역 맞은편
211,여의도역 4번출구 옆,1906,신도림역 1번 출구 앞
211,여의도역 4번출구 옆,222,시범아파트버스정류장 옆
211,여의도역 4번출구 옆,4561,양평역 1번출구
211,여의도역 4번출구 옆,242,신길선원가와인아파트 앞
211,여의도역 4번출구 옆,207,여의나루역 1번출구 앞
211,여의도역 4번출구 옆,217,NH농협은행 앞
211,여의도역 4번출구 옆,202,국민일보 앞
211,여의도역 4번출구 옆,276,SK 영등포주유소
211,여의도역 4번출구 옆,206,KBS 앞
211,여의도역 4번출구 옆,210,IFC몰
211,여의도역 4번출구 옆,209,유진투자증권빌딩 앞
211,여의도역 4번출구 옆,202,국민일보 앞
211,여의도역 4번출구 옆,217,NH농협은행 앞
211,여의도역 4번출구 옆,205,산업은행 앞
211,여의도역 4번출구 옆,205,산업은행 앞
211,여의도역 4번출구 옆,206,KBS 앞
211,여의도역 4번출구 옆,210,IFC몰
211,여의도역 4번출구 옆,284,센트럴 푸르지오 시티 앞
211,여의도역 4번출구 옆,213,KT앞
211,여의도역 4번출구 옆,203,국회의사당역 3번출구 옆
211,여의도역 4번출구 옆,202,국민일보 앞
211,여의도역 4번출구 옆,206,KBS 앞
211,여의도역 4번출구 옆,202,국민일보 앞
211,여의도역 4번출구 옆,209,유진투자증권빌딩 앞
211,여의도역 4번출구 옆,202,국민일보 앞
211,여의도역 4번출구 옆,202,국민일보 앞
211,여의도역 4번출구 옆,224,롯데캐슬 앞
211,여의도역 4번출구 옆,202,국민일보 앞
211,여의도역 4번출구 옆,248,초원아파트 앞
211,여의도역 4번출구 옆,207,여의나루역 1번출구 앞
211,여의도역 4번출구 옆,211,여의도역 4번출구 옆
211,여의도역 4번출구 옆,217,NH농협은행 앞
211,여의도역 4번출구 옆,4580,국회3문
211,여의도역 4번출구 옆,4580,국회3문
211,여의도역 4번출구 옆,293,충북 미래관
211,여의도역 4번출구 옆,224,롯데캐슬 앞
211,여의도역 4번출구 옆,206,KBS 앞
211,여의도역 4번출구 옆,203,국회의사당역 3번출구 옆
211,여의도역 4번출구 옆,3212,신풍역 6번출구
211,여의도역 4번출구 옆,4564,63스퀘어
211,여의도역 4번출구 옆,213,KT앞
211,여의도역 4번출구 옆,213,KT앞
211,여의도역 4번출구 옆,203,국회의사당역 3번출구 옆
211,여의도역 4번출구 옆,2050,노량진역 5번출구
211,여의도역 4번출구 옆,270,증권거래소후문교차로
211,여의도역 4번출구 옆,4563,여의도 은하아파트
211,여의도역 4번출구 옆,4564,63스퀘어
211,여의도역 4번출구 옆,274,영등포역지하쇼핑센타 5번출구
211,여의도역 4번출구 옆,209,유진투자증권빌딩 앞
211,여의도역 4번출구 옆,205,산업은행 앞
211,여의도역 4번출구 옆,214,금융감독원 앞
211,여의도역 4번출구 옆,3789,염창나들목
211,여의도역 4번출구 옆,214,금융감독원 앞
211,여의도역 4번출구 옆,4564,63스퀘어
211,여의도역 4번출구 옆,461,서울지방경찰청
211,여의도역 4번출구 옆,222,시범아파트버스정류장 옆
211,여의도역 4번출구 옆,207,여의나루역 1번출구 앞
211,여의도역 4번출구 옆,270,증권거래소후문교차로
211,여의도역 4번출구 옆,225,앙카라공원 앞
211,여의도역 4번출구 옆,217,NH농협은행 앞
211,여의도역 4번출구 옆,224,롯데캐슬 앞
211,여의도역 4번출구 옆,213,KT앞
211,여의도역 4번출구 옆,259,대방역6번출구
211,여의도역 4번출구 옆,1906,신도림역 1번 출구 앞
211,여의도역 4번출구 옆,274,영등포역지하쇼핑센타 5번출구
211,여의도역 4번출구 옆,259,대방역6번출구
211,여의도역 4번출구 옆,209,유진투자증권빌딩 앞
211,여의도역 4번출구 옆,211,여의도역 4번출구 옆
211,여의도역 4번출구 옆,3789,염창나들목
211,여의도역 4번출구 옆,206,KBS 앞
211,여의도역 4번출구 옆,210,IFC몰
211,여의도역 4번출구 옆,2135,신림역 5번출구
211,여의도역 4번출구 옆,202,국민일보 앞
211,여의도역 4번출구 옆,259,대방역6번출구
211,여의도역 4번출구 옆,222,시범아파트버스정류장 옆
211,여의도역 4번출구 옆,765,오목교역 3번출구
211,여의도역 4번출구 옆,259,대방역6번출구
211,여의도역 4번출구 옆,4569,힐스테이트클래시안아파트
211,여의도역 4번출구 옆,283,아크로타워 스퀘어(영등포시장)
211,여의도역 4번출구 옆,210,IFC몰
211,여의도역 4번출구 옆,224,롯데캐슬 앞
211,여의도역 4번출구 옆,274,영등포역지하쇼핑센타 5번출구
211,여의도역 4번출구 옆,157,애오개역 4번출구 앞
211,여의도역 4번출구 옆,4553,당산삼성2차아파트
211,여의도역 4번출구 옆,2136,신림역 8번출구
211,여의도역 4번출구 옆,213,KT앞
211,여의도역 4번출구 옆,203,국회의사당역 3번출구 옆
211,여의도역 4번출구 옆,268,그랜드컨벤션센터 앞
211,여의도역 4번출구 옆,236,문래동자이아파트 앞
211,여의도역 4번출구 옆,2265,이수고가차도 남단
211,여의도역 4번출구 옆,1121,가양레포츠센터앞
211,여의도역 4번출구 옆,280,양평동6차현대아파트 앞
211,여의도역 4번출구 옆,206,KBS 앞
211,여의도역 4번출구 옆,203,국회의사당역 3번출구 옆
211,여의도역 4번출구 옆,495,염리초등학교 앞
211,여의도역 4번출구 옆,221,여의도초교 앞
211,여의도역 4번출구 옆,276,SK 영등포주유소
211,여의도역 4번출구 옆,276,SK 영등포주유소
211,여의도역 4번출구 옆,259,대방역6번출구
211,여의도역 4번출구 옆,209,유진투자증권빌딩 앞
211,여의도역 4번출구 옆,206,KBS 앞
211,여의도역 4번출구 옆,487,신석초교앞 교차로 교통섬
211,여의도역 4번출구 옆,259,대방역6번출구
211,여의도역 4번출구 옆,202,국민일보 앞
211,여의도역 4번출구 옆,202,국민일보 앞
211,여의도역 4번출구 옆,206,KBS 앞
211,여의도역 4번출구 옆,210,IFC몰
211,여의도역 4번출구 옆,209,유진투자증권빌딩 앞
211,여의도역 4번출구 옆,206,KBS 앞
211,여의도역 4번출구 옆,206,KBS 앞
211,여의도역 4번출구 옆,206,KBS 앞
211,여의도역 4번출구 옆,210,IFC몰
211,여의도역 4번출구 옆,205,산업은행 앞
211,여의도역 4번출구 옆,202,국민일보 앞
211,여의도역 4번출구 옆,217,NH농협은행 앞
211,여의도역 4번출구 옆,224,롯데캐슬 앞
211,여의도역 4번출구 옆,202,국민일보 앞
211,여의도역 4번출구 옆,226,샛강역 1번출구 앞
211,여의도역 4번출구 옆,203,국회의사당역 3번출구 옆
211,여의도역 4번출구 옆,202,국민일보 앞
211,여의도역 4번출구 옆,202,국민일보 앞
211,여의도역 4번출구 옆,206,KBS 앞
211,여의도역 4번출구 옆,206,KBS 앞
211,여의도역 4번출구 옆,202,국민일보 앞
211,여의도역 4번출구 옆,202,국민일보 앞
211,여의도역 4번출구 옆,207,여의나루역 1번출구 앞
211,여의도역 4번출구 옆,232,양평우림 이비즈센타 앞
211,여의도역 4번출구 옆,202,국민일보 앞
211,여의도역 4번출구 옆,214,금융감독원 앞
211,여의도역 4번출구 옆,284,센트럴 푸르지오 시티 앞
211,여의도역 4번출구 옆,283,아크로타워 스퀘어(영등포시장)
211,여의도역 4번출구 옆,202,국민일보 앞
211,여의도역 4번출구 옆,212,여의도역 1번출구 옆
211,여의도역 4번출구 옆,206,KBS 앞
211,여의도역 4번출구 옆,224,롯데캐슬 앞
211,여의도역 4번출구 옆,247,당산역 10번출구 앞
211,여의도역 4번출구 옆,259,대방역6번출구
211,여의도역 4번출구 옆,217,NH농협은행 앞
211,여의도역 4번출구 옆,213,KT앞
211,여의도역 4번출구 옆,205,산업은행 앞
211,여의도역 4번출구 옆,205,산업은행 앞
211,여의도역 4번출구 옆,217,NH농협은행 앞
211,여의도역 4번출구 옆,4559,신길역 2번출구
211,여의도역 4번출구 옆,274,영등포역지하쇼핑센타 5번출구
211,여의도역 4번출구 옆,210,IFC몰
211,여의도역 4번출구 옆,223,진주아파트상가 앞
211,여의도역 4번출구 옆,206,KBS 앞
211,여의도역 4번출구 옆,211,여의도역 4번출구 옆
211,여의도역 4번출구 옆,226,샛강역 1번출구 앞
211,여의도역 4번출구 옆,210,IFC몰
211,여의도역 4번출구 옆,209,유진투자증권빌딩 앞
211,여의도역 4번출구 옆,224,롯데캐슬 앞
211,여의도역 4번출구 옆,214,금융감독원 앞
211,여의도역 4번출구 옆,202,국민일보 앞
211,여의도역 4번출구 옆,276,SK 영등포주유소
211,여의도역 4번출구 옆,4515,동문굿모닝탑
211,여의도역 4번출구 옆,157,애오개역 4번출구 앞
211,여의도역 4번출구 옆,209,유진투자증권빌딩 앞
211,여의도역 4번출구 옆,259,대방역6번출구
211,여의도역 4번출구 옆,201,진미파라곤 앞
211,여의도역 4번출구 옆,223,진주아파트상가 앞
211,여의도역 4번출구 옆,224,롯데캐슬 앞
211,여의도역 4번출구 옆,217,NH농협은행 앞
211,여의도역 4번출구 옆,221,여의도초교 앞
211,여의도역 4번출구 옆,3215,강변삼성래미안
211,여의도역 4번출구 옆,210,IFC몰
211,여의도역 4번출구 옆,4568,영등포로터리
211,여의도역 4번출구 옆,4571,문래동롯데캐슬아파트
211,여의도역 4번출구 옆,731,서울시 도로환경관리센터
211,여의도역 4번출구 옆,202,국민일보 앞
211,여의도역 4번출구 옆,4559,신길역 2번출구
211,여의도역 4번출구 옆,291,문래동 하이테크 시티
211,여의도역 4번출구 옆,4559,신길역 2번출구
211,여의도역 4번출구 옆,259,대방역6번출구
211,여의도역 4번출구 옆,4559,신길역 2번출구
211,여의도역 4번출구 옆,259,대방역6번출구
211,여의도역 4번출구 옆,259,대방역6번출구
211,여의도역 4번출구 옆,240,문래역 4번출구 앞
211,여의도역 4번출구 옆,283,아크로타워 스퀘어(영등포시장)
211,여의도역 4번출구 옆,4569,힐스테이트클래시안아파트
211,여의도역 4번출구 옆,283,아크로타워 스퀘어(영등포시장)
211,여의도역 4번출구 옆,283,아크로타워 스퀘어(영등포시장)
211,여의도역 4번출구 옆,716,신정6동 주민센터 인근
211,여의도역 4번출구 옆,276,SK 영등포주유소
211,여의도역 4번출구 옆,4561,양평역 1번출구
211,여의도역 4번출구 옆,226,샛강역 1번출구 앞
211,여의도역 4번출구 옆,4553,당산삼성2차아파트
211,여의도역 4번출구 옆,203,국회의사당역 3번출구 옆
211,여의도역 4번출구 옆,230,영등포구청역 1번출구
211,여의도역 4번출구 옆,205,산업은행 앞
211,여의도역 4번출구 옆,207,여의나루역 1번출구 앞
211,여의도역 4번출구 옆,4571,문래동롯데캐슬아파트
211,여의도역 4번출구 옆,2102,봉림교 교통섬
211,여의도역 4번출구 옆,217,NH농협은행 앞
211,여의도역 4번출구 옆,276,SK 영등포주유소
211,여의도역 4번출구 옆,3202,당산롯데캐슬프레스티지
211,여의도역 4번출구 옆,274,영등포역지하쇼핑센타 5번출구
211,여의도역 4번출구 옆,2301,현대고등학교 건너편
211,여의도역 4번출구 옆,119,서강나루 공원
211,여의도역 4번출구 옆,228,선유도역 3번출구 앞
211,여의도역 4번출구 옆,217,NH농협은행 앞
211,여의도역 4번출구 옆,201,진미파라곤 앞
211,여의도역 4번출구 옆,221,여의도초교 앞
211,여의도역 4번출구 옆,217,NH농협은행 앞
211,여의도역 4번출구 옆,206,KBS 앞
211,여의도역 4번출구 옆,211,여의도역 4번출구 옆
211,여의도역 4번출구 옆,2728,마곡나루역 3번 출구
211,여의도역 4번출구 옆,284,센트럴 푸르지오 시티 앞
211,여의도역 4번출구 옆,225,앙카라공원 앞
211,여의도역 4번출구 옆,4510,신정네거리역 교차로
211,여의도역 4번출구 옆,292,영일 어린이공원
211,여의도역 4번출구 옆,3205,문래현대2차
211,여의도역 4번출구 옆,259,대방역6번출구
211,여의도역 4번출구 옆,4561,양평역 1번출구
211,여의도역 4번출구 옆,217,NH농협은행 앞
211,여의도역 4번출구 옆,203,국회의사당역 3번출구 옆
211,여의도역 4번출구 옆,224,롯데캐슬 앞
211,여의도역 4번출구 옆,276,SK 영등포주유소
211,여의도역 4번출구 옆,202,국민일보 앞
211,여의도역 4번출구 옆,210,IFC몰
211,여의도역 4번출구 옆,206,KBS 앞
211,여의도역 4번출구 옆,209,유진투자증권빌딩 앞
211,여의도역 4번출구 옆,217,NH농협은행 앞
211,여의도역 4번출구 옆,217,NH농협은행 앞
211,여의도역 4번출구 옆,206,KBS 앞
211,여의도역 4번출구 옆,217,NH농협은행 앞
211,여의도역 4번출구 옆,209,유진투자증권빌딩 앞
211,여의도역 4번출구 옆,210,IFC몰
211,여의도역 4번출구 옆,203,국회의사당역 3번출구 옆
211,여의도역 4번출구 옆,205,산업은행 앞
211,여의도역 4번출구 옆,217,NH농협은행 앞
211,여의도역 4번출구 옆,217,NH농협은행 앞
211,여의도역 4번출구 옆,207,여의나루역 1번출구 앞
211,여의도역 4번출구 옆,4553,당산삼성2차아파트
211,여의도역 4번출구 옆,202,국민일보 앞
211,여의도역 4번출구 옆,284,센트럴 푸르지오 시티 앞
211,여의도역 4번출구 옆,211,여의도역 4번출구 옆
211,여의도역 4번출구 옆,202,국민일보 앞
211,여의도역 4번출구 옆,217,NH농협은행 앞
211,여의도역 4번출구 옆,211,여의도역 4번출구 옆
211,여의도역 4번출구 옆,203,국회의사당역 3번출구 옆
211,여의도역 4번출구 옆,205,산업은행 앞
211,여의도역 4번출구 옆,205,산업은행 앞
211,여의도역 4번출구 옆,205,산업은행 앞
211,여의도역 4번출구 옆,226,샛강역 1번출구 앞
211,여의도역 4번출구 옆,217,NH농협은행 앞
211,여의도역 4번출구 옆,703,오목교역 7번출구 앞
211,여의도역 4번출구 옆,213,KT앞
211,여의도역 4번출구 옆,4564,63스퀘어
211,여의도역 4번출구 옆,211,여의도역 4번출구 옆
211,여의도역 4번출구 옆,210,IFC몰
211,여의도역 4번출구 옆,223,진주아파트상가 앞
211,여의도역 4번출구 옆,274,영등포역지하쇼핑센타 5번출구
211,여의도역 4번출구 옆,1914,대림역4번출구
211,여의도역 4번출구 옆,210,IFC몰
211,여의도역 4번출구 옆,210,IFC몰
211,여의도역 4번출구 옆,203,국회의사당역 3번출구 옆
211,여의도역 4번출구 옆,214,금융감독원 앞
211,여의도역 4번출구 옆,259,대방역6번출구
211,여의도역 4번출구 옆,259,대방역6번출구
211,여의도역 4번출구 옆,206,KBS 앞
211,여의도역 4번출구 옆,217,NH농협은행 앞
211,여의도역 4번출구 옆,213,KT앞
211,여의도역 4번출구 옆,215,여의도고교 앞
211,여의도역 4번출구 옆,224,롯데캐슬 앞
211,여의도역 4번출구 옆,4559,신길역 2번출구
211,여의도역 4번출구 옆,274,영등포역지하쇼핑센타 5번출구
211,여의도역 4번출구 옆,765,오목교역 3번출구
211,여의도역 4번출구 옆,219,롯데캐슬엠파이어 옆
211,여의도역 4번출구 옆,272,당산육갑문
211,여의도역 4번출구 옆,3205,문래현대2차
211,여의도역 4번출구 옆,210,IFC몰
211,여의도역 4번출구 옆,211,여의도역 4번출구 옆
211,여의도역 4번출구 옆,240,문래역 4번출구 앞
211,여의도역 4번출구 옆,4576,보라매sk뷰 108동 앞
211,여의도역 4번출구 옆,716,신정6동 주민센터 인근
211,여의도역 4번출구 옆,274,영등포역지하쇼핑센타 5번출구
211,여의도역 4번출구 옆,2102,봉림교 교통섬
211,여의도역 4번출구 옆,4559,신길역 2번출구
211,여의도역 4번출구 옆,202,국민일보 앞
211,여의도역 4번출구 옆,4559,신길역 2번출구
211,여의도역 4번출구 옆,2008,노량진근린공원 대방공원
211,여의도역 4번출구 옆,2187,현대시장사거리(신한은행)
211,여의도역 4번출구 옆,201,진미파라곤 앞
211,여의도역 4번출구 옆,4569,힐스테이트클래시안아파트
211,여의도역 4번출구 옆,130,신촌역(2호선) 7번출구 앞
211,여의도역 4번출구 옆,270,증권거래소후문교차로
211,여의도역 4번출구 옆,209,유진투자증권빌딩 앞
211,여의도역 4번출구 옆,217,NH농협은행 앞
211,여의도역 4번출구 옆,211,여의도역 4번출구 옆
211,여의도역 4번출구 옆,232,양평우림 이비즈센타 앞
211,여의도역 4번출구 옆,279,영등포 푸르지오 아파트
211,여의도역 4번출구 옆,207,여의나루역 1번출구 앞
211,여의도역 4번출구 옆,272,당산육갑문
211,여의도역 4번출구 옆,2737,까치산역 3번 출구
211,여의도역 4번출구 옆,211,여의도역 4번출구 옆
211,여의도역 4번출구 옆,202,국민일보 앞
211,여의도역 4번출구 옆,4565,영등포 신세계백화점
211,여의도역 4번출구 옆,118,광흥창역 2번출구 앞
211,여의도역 4번출구 옆,290,당산동 SK V1 빌딩
211,여의도역 4번출구 옆,203,국회의사당역 3번출구 옆
211,여의도역 4번출구 옆,219,롯데캐슬엠파이어 옆
211,여의도역 4번출구 옆,274,영등포역지하쇼핑센타 5번출구
211,여의도역 4번출구 옆,254,도림신협 앞
211,여의도역 4번출구 옆,254,도림신협 앞
211,여의도역 4번출구 옆,252,보라매역4번출구
211,여의도역 4번출구 옆,274,영등포역지하쇼핑센타 5번출구
211,여의도역 4번출구 옆,226,샛강역 1번출구 앞
211,여의도역 4번출구 옆,2003,사육신공원앞
211,여의도역 4번출구 옆,219,롯데캐슬엠파이어 옆
211,여의도역 4번출구 옆,211,여의도역 4번출구 옆
211,여의도역 4번출구 옆,207,여의나루역 1번출구 앞
211,여의도역 4번출구 옆,2037,동작역 5번출구 동작주차공원
211,여의도역 4번출구 옆,2037,동작역 5번출구 동작주차공원
211,여의도역 4번출구 옆,2050,노량진역 5번출구
211,여의도역 4번출구 옆,217,NH농협은행 앞
211,여의도역 4번출구 옆,207,여의나루역 1번출구 앞
211,여의도역 4번출구 옆,206,KBS 앞
211,여의도역 4번출구 옆,209,유진투자증권빌딩 앞
211,여의도역 4번출구 옆,211,여의도역 4번출구 옆
211,여의도역 4번출구 옆,205,산업은행 앞
211,여의도역 4번출구 옆,211,여의도역 4번출구 옆
211,여의도역 4번출구 옆,211,여의도역 4번출구 옆
211,여의도역 4번출구 옆,211,여의도역 4번출구 옆
211,여의도역 4번출구 옆,495,염리초등학교 앞
211,여의도역 4번출구 옆,852,청암자이APT(103동)
211,여의도역 4번출구 옆,495,염리초등학교 앞
211,여의도역 4번출구 옆,202,국민일보 앞
211,여의도역 4번출구 옆,202,국민일보 앞
211,여의도역 4번출구 옆,202,국민일보 앞
211,여의도역 4번출구 옆,259,대방역6번출구
211,여의도역 4번출구 옆,206,KBS 앞
211,여의도역 4번출구 옆,267,삼성화재 사옥 옆
211,여의도역 4번출구 옆,267,삼성화재 사옥 옆
211,여의도역 4번출구 옆,3765,문소빌딩
211,여의도역 4번출구 옆,258,신길역3번출구
211,여의도역 4번출구 옆,1155,기쁜우리복지관
211,여의도역 4번출구 옆,217,NH농협은행 앞
211,여의도역 4번출구 옆,766,신목동역 3번출구
211,여의도역 4번출구 옆,766,신목동역 3번출구
211,여의도역 4번출구 옆,276,SK 영등포주유소
211,여의도역 4번출구 옆,222,시범아파트버스정류장 옆
211,여의도역 4번출구 옆,209,유진투자증권빌딩 앞
211,여의도역 4번출구 옆,217,NH농협은행 앞
211,여의도역 4번출구 옆,3104,e편한세상 신촌4단지 앞
211,여의도역 4번출구 옆,2080,빕스 대방점 앞
211,여의도역 4번출구 옆,2085,강남중학교 앞
211,여의도역 4번출구 옆,210,IFC몰
211,여의도역 4번출구 옆,259,대방역6번출구
211,여의도역 4번출구 옆,156,서울서부지방법원 앞
211,여의도역 4번출구 옆,225,앙카라공원 앞
211,여의도역 4번출구 옆,119,서강나루 공원
211,여의도역 4번출구 옆,264,교보생명보험 앞
211,여의도역 4번출구 옆,3219,영등포역 2번출구
211,여의도역 4번출구 옆,205,산업은행 앞
211,여의도역 4번출구 옆,209,유진투자증권빌딩 앞
211,여의도역 4번출구 옆,206,KBS 앞
211,여의도역 4번출구 옆,209,유진투자증권빌딩 앞
211,여의도역 4번출구 옆,202,국민일보 앞
211,여의도역 4번출구 옆,210,IFC몰
211,여의도역 4번출구 옆,210,IFC몰
211,여의도역 4번출구 옆,259,대방역6번출구
211,여의도역 4번출구 옆,259,대방역6번출구
211,여의도역 4번출구 옆,259,대방역6번출구
211,여의도역 4번출구 옆,272,당산육갑문
211,여의도역 4번출구 옆,202,국민일보 앞
211,여의도역 4번출구 옆,203,국회의사당역 3번출구 옆
211,여의도역 4번출구 옆,4568,영등포로터리
211,여의도역 4번출구 옆,204,국회의사당역 5번출구 옆
211,여의도역 4번출구 옆,209,유진투자증권빌딩 앞
211,여의도역 4번출구 옆,274,영등포역지하쇼핑센타 5번출구
211,여의도역 4번출구 옆,274,영등포역지하쇼핑센타 5번출구
211,여의도역 4번출구 옆,4559,신길역 2번출구
211,여의도역 4번출구 옆,242,신길선원가와인아파트 앞
211,여의도역 4번출구 옆,272,당산육갑문
211,여의도역 4번출구 옆,272,당산육갑문
211,여의도역 4번출구 옆,274,영등포역지하쇼핑센타 5번출구
211,여의도역 4번출구 옆,224,롯데캐슬 앞
211,여의도역 4번출구 옆,224,롯데캐슬 앞
211,여의도역 4번출구 옆,226,샛강역 1번출구 앞
211,여의도역 4번출구 옆,259,대방역6번출구
211,여의도역 4번출구 옆,255,도림사거리
211,여의도역 4번출구 옆,255,도림사거리
211,여의도역 4번출구 옆,217,NH농협은행 앞
211,여의도역 4번출구 옆,146,마포역 2번출구 뒤
211,여의도역 4번출구 옆,202,국민일보 앞
211,여의도역 4번출구 옆,211,여의도역 4번출구 옆
211,여의도역 4번출구 옆,202,국민일보 앞
211,여의도역 4번출구 옆,209,유진투자증권빌딩 앞
211,여의도역 4번출구 옆,202,국민일보 앞
211,여의도역 4번출구 옆,209,유진투자증권빌딩 앞
211,여의도역 4번출구 옆,206,KBS 앞
211,여의도역 4번출구 옆,202,국민일보 앞
211,여의도역 4번출구 옆,209,유진투자증권빌딩 앞
211,여의도역 4번출구 옆,217,NH농협은행 앞
211,여의도역 4번출구 옆,217,NH농협은행 앞
211,여의도역 4번출구 옆,205,산업은행 앞
211,여의도역 4번출구 옆,270,증권거래소후문교차로
211,여의도역 4번출구 옆,202,국민일보 앞
211,여의도역 4번출구 옆,202,국민일보 앞
211,여의도역 4번출구 옆,206,KBS 앞
211,여의도역 4번출구 옆,210,IFC몰
211,여의도역 4번출구 옆,213,KT앞
211,여의도역 4번출구 옆,202,국민일보 앞
211,여의도역 4번출구 옆,202,국민일보 앞
211,여의도역 4번출구 옆,202,국민일보 앞
211,여의도역 4번출구 옆,226,샛강역 1번출구 앞
211,여의도역 4번출구 옆,202,국민일보 앞
211,여의도역 4번출구 옆,207,여의나루역 1번출구 앞
211,여의도역 4번출구 옆,211,여의도역 4번출구 옆
211,여의도역 4번출구 옆,205,산업은행 앞
211,여의도역 4번출구 옆,204,국회의사당역 5번출구 옆
211,여의도역 4번출구 옆,204,국회의사당역 5번출구 옆
211,여의도역 4번출구 옆,201,진미파라곤 앞
211,여의도역 4번출구 옆,211,여의도역 4번출구 옆
211,여의도역 4번출구 옆,2013,장승배기역 5번출구
211,여의도역 4번출구 옆,203,국회의사당역 3번출구 옆
211,여의도역 4번출구 옆,202,국민일보 앞
211,여의도역 4번출구 옆,270,증권거래소후문교차로
211,여의도역 4번출구 옆,202,국민일보 앞
211,여의도역 4번출구 옆,274,영등포역지하쇼핑센타 5번출구
211,여의도역 4번출구 옆,213,KT앞
211,여의도역 4번출구 옆,130,신촌역(2호선) 7번출구 앞
211,여의도역 4번출구 옆,209,유진투자증권빌딩 앞
211,여의도역 4번출구 옆,206,KBS 앞
211,여의도역 4번출구 옆,3221,서울특별시 남부교육지원청
211,여의도역 4번출구 옆,3221,서울특별시 남부교육지원청
211,여의도역 4번출구 옆,217,NH농협은행 앞
211,여의도역 4번출구 옆,211,여의도역 4번출구 옆
211,여의도역 4번출구 옆,211,여의도역 4번출구 옆
211,여의도역 4번출구 옆,217,NH농협은행 앞
211,여의도역 4번출구 옆,206,KBS 앞
211,여의도역 4번출구 옆,4565,영등포 신세계백화점
211,여의도역 4번출구 옆,217,NH농협은행 앞
211,여의도역 4번출구 옆,259,대방역6번출구
211,여의도역 4번출구 옆,259,대방역6번출구
211,여의도역 4번출구 옆,212,여의도역 1번출구 옆
211,여의도역 4번출구 옆,223,진주아파트상가 앞
211,여의도역 4번출구 옆,203,국회의사당역 3번출구 옆
211,여의도역 4번출구 옆,3205,문래현대2차
211,여의도역 4번출구 옆,4559,신길역 2번출구
211,여의도역 4번출구 옆,4569,힐스테이트클래시안아파트
211,여의도역 4번출구 옆,259,대방역6번출구
211,여의도역 4번출구 옆,202,국민일보 앞
211,여의도역 4번출구 옆,205,산업은행 앞
211,여의도역 4번출구 옆,259,대방역6번출구
211,여의도역 4번출구 옆,290,당산동 SK V1 빌딩
211,여의도역 4번출구 옆,274,영등포역지하쇼핑센타 5번출구
211,여의도역 4번출구 옆,2002,노들역 1번출구
211,여의도역 4번출구 옆,119,서강나루 공원
211,여의도역 4번출구 옆,1135,강서구의회
211,여의도역 4번출구 옆,2008,노량진근린공원 대방공원
211,여의도역 4번출구 옆,298,KBS 연구동 건너편
211,여의도역 4번출구 옆,217,NH농협은행 앞
211,여의도역 4번출구 옆,222,시범아파트버스정류장 옆
211,여의도역 4번출구 옆,259,대방역6번출구
211,여의도역 4번출구 옆,259,대방역6번출구
211,여의도역 4번출구 옆,210,IFC몰
211,여의도역 4번출구 옆,706,신정네거리역
211,여의도역 4번출구 옆,250,대림아파트 사거리
211,여의도역 4번출구 옆,3794,안양천합수부(현대3차아파트)
211,여의도역 4번출구 옆,202,국민일보 앞
211,여의도역 4번출구 옆,298,KBS 연구동 건너편
211,여의도역 4번출구 옆,259,대방역6번출구
211,여의도역 4번출구 옆,201,진미파라곤 앞
211,여의도역 4번출구 옆,202,국민일보 앞
211,여의도역 4번출구 옆,203,국회의사당역 3번출구 옆
211,여의도역 4번출구 옆,4559,신길역 2번출구
211,여의도역 4번출구 옆,239,유스호스텔 앞
211,여의도역 4번출구 옆,155,가좌역1 번출구 뒤
211,여의도역 4번출구 옆,201,진미파라곤 앞
211,여의도역 4번출구 옆,259,대방역6번출구
211,여의도역 4번출구 옆,259,대방역6번출구
211,여의도역 4번출구 옆,2085,강남중학교 앞
211,여의도역 4번출구 옆,209,유진투자증권빌딩 앞
211,여의도역 4번출구 옆,202,국민일보 앞
211,여의도역 4번출구 옆,209,유진투자증권빌딩 앞
211,여의도역 4번출구 옆,209,유진투자증권빌딩 앞
211,여의도역 4번출구 옆,202,국민일보 앞
211,여의도역 4번출구 옆,210,IFC몰
211,여의도역 4번출구 옆,217,NH농협은행 앞
211,여의도역 4번출구 옆,206,KBS 앞
211,여의도역 4번출구 옆,206,KBS 앞
211,여의도역 4번출구 옆,205,산업은행 앞
211,여의도역 4번출구 옆,4580,국회3문
211,여의도역 4번출구 옆,205,산업은행 앞
211,여의도역 4번출구 옆,206,KBS 앞
211,여의도역 4번출구 옆,206,KBS 앞
211,여의도역 4번출구 옆,205,산업은행 앞
211,여의도역 4번출구 옆,217,NH농협은행 앞
211,여의도역 4번출구 옆,202,국민일보 앞
211,여의도역 4번출구 옆,200,국회의원회관
211,여의도역 4번출구 옆,209,유진투자증권빌딩 앞
211,여의도역 4번출구 옆,224,롯데캐슬 앞
211,여의도역 4번출구 옆,207,여의나루역 1번출구 앞
211,여의도역 4번출구 옆,223,진주아파트상가 앞
211,여의도역 4번출구 옆,202,국민일보 앞
211,여의도역 4번출구 옆,202,국민일보 앞
211,여의도역 4번출구 옆,270,증권거래소후문교차로
211,여의도역 4번출구 옆,284,센트럴 푸르지오 시티 앞
211,여의도역 4번출구 옆,4559,신길역 2번출구
211,여의도역 4번출구 옆,214,금융감독원 앞
211,여의도역 4번출구 옆,202,국민일보 앞
211,여의도역 4번출구 옆,209,유진투자증권빌딩 앞
211,여의도역 4번출구 옆,202,국민일보 앞
211,여의도역 4번출구 옆,202,국민일보 앞
211,여의도역 4번출구 옆,219,롯데캐슬엠파이어 옆
211,여의도역 4번출구 옆,205,산업은행 앞
211,여의도역 4번출구 옆,210,IFC몰
211,여의도역 4번출구 옆,248,초원아파트 앞
211,여의도역 4번출구 옆,224,롯데캐슬 앞
211,여의도역 4번출구 옆,204,국회의사당역 5번출구 옆
211,여의도역 4번출구 옆,2080,빕스 대방점 앞
211,여의도역 4번출구 옆,202,국민일보 앞
211,여의도역 4번출구 옆,4559,신길역 2번출구
211,여의도역 4번출구 옆,219,롯데캐슬엠파이어 옆
211,여의도역 4번출구 옆,259,대방역6번출구
211,여의도역 4번출구 옆,210,IFC몰
211,여의도역 4번출구 옆,202,국민일보 앞
211,여의도역 4번출구 옆,221,여의도초교 앞
211,여의도역 4번출구 옆,210,IFC몰
211,여의도역 4번출구 옆,202,국민일보 앞
211,여의도역 4번출구 옆,217,NH농협은행 앞
211,여의도역 4번출구 옆,274,영등포역지하쇼핑센타 5번출구
211,여의도역 4번출구 옆,206,KBS 앞
211,여의도역 4번출구 옆,225,앙카라공원 앞
211,여의도역 4번출구 옆,223,진주아파트상가 앞
211,여의도역 4번출구 옆,211,여의도역 4번출구 옆
211,여의도역 4번출구 옆,211,여의도역 4번출구 옆
211,여의도역 4번출구 옆,209,유진투자증권빌딩 앞
211,여의도역 4번출구 옆,217,NH농협은행 앞
211,여의도역 4번출구 옆,202,국민일보 앞
211,여의도역 4번출구 옆,211,여의도역 4번출구 옆
211,여의도역 4번출구 옆,210,IFC몰
211,여의도역 4번출구 옆,209,유진투자증권빌딩 앞
211,여의도역 4번출구 옆,276,SK 영등포주유소
211,여의도역 4번출구 옆,207,여의나루역 1번출구 앞
211,여의도역 4번출구 옆,206,KBS 앞
211,여의도역 4번출구 옆,207,여의나루역 1번출구 앞
211,여의도역 4번출구 옆,223,진주아파트상가 앞
211,여의도역 4번출구 옆,4576,보라매sk뷰 108동 앞
211,여의도역 4번출구 옆,205,산업은행 앞
211,여의도역 4번출구 옆,213,KT앞
211,여의도역 4번출구 옆,217,NH농협은행 앞
211,여의도역 4번출구 옆,202,국민일보 앞
211,여의도역 4번출구 옆,283,아크로타워 스퀘어(영등포시장)
211,여의도역 4번출구 옆,4559,신길역 2번출구
211,여의도역 4번출구 옆,4559,신길역 2번출구
211,여의도역 4번출구 옆,4563,여의도 은하아파트
211,여의도역 4번출구 옆,217,NH농협은행 앞
211,여의도역 4번출구 옆,211,여의도역 4번출구 옆
211,여의도역 4번출구 옆,250,대림아파트 사거리
211,여의도역 4번출구 옆,144,공덕역 8번출구
211,여의도역 4번출구 옆,276,SK 영등포주유소
211,여의도역 4번출구 옆,2119,중앙동 동진빌딩
211,여의도역 4번출구 옆,210,IFC몰
211,여의도역 4번출구 옆,211,여의도역 4번출구 옆
211,여의도역 4번출구 옆,250,대림아파트 사거리
211,여의도역 4번출구 옆,226,샛강역 1번출구 앞
211,여의도역 4번출구 옆,755,목동1단지아파트 상가 앞
211,여의도역 4번출구 옆,206,KBS 앞
211,여의도역 4번출구 옆,202,국민일보 앞
211,여의도역 4번출구 옆,203,국회의사당역 3번출구 옆
211,여의도역 4번출구 옆,217,NH농협은행 앞
211,여의도역 4번출구 옆,202,국민일보 앞
211,여의도역 4번출구 옆,217,NH농협은행 앞
211,여의도역 4번출구 옆,206,KBS 앞
211,여의도역 4번출구 옆,202,국민일보 앞
211,여의도역 4번출구 옆,206,KBS 앞
211,여의도역 4번출구 옆,210,IFC몰
211,여의도역 4번출구 옆,202,국민일보 앞
211,여의도역 4번출구 옆,209,유진투자증권빌딩 앞
211,여의도역 4번출구 옆,202,국민일보 앞
211,여의도역 4번출구 옆,207,여의나루역 1번출구 앞
211,여의도역 4번출구 옆,224,롯데캐슬 앞
211,여의도역 4번출구 옆,4565,영등포 신세계백화점
211,여의도역 4번출구 옆,222,시범아파트버스정류장 옆
211,여의도역 4번출구 옆,202,국민일보 앞
211,여의도역 4번출구 옆,210,IFC몰
211,여의도역 4번출구 옆,206,KBS 앞
211,여의도역 4번출구 옆,203,국회의사당역 3번출구 옆
211,여의도역 4번출구 옆,274,영등포역지하쇼핑센타 5번출구
211,여의도역 4번출구 옆,221,여의도초교 앞
211,여의도역 4번출구 옆,211,여의도역 4번출구 옆
211,여의도역 4번출구 옆,224,롯데캐슬 앞
211,여의도역 4번출구 옆,226,샛강역 1번출구 앞
211,여의도역 4번출구 옆,222,시범아파트버스정류장 옆
211,여의도역 4번출구 옆,259,대방역6번출구
211,여의도역 4번출구 옆,224,롯데캐슬 앞
211,여의도역 4번출구 옆,259,대방역6번출구
211,여의도역 4번출구 옆,211,여의도역 4번출구 옆
211,여의도역 4번출구 옆,207,여의나루역 1번출구 앞
211,여의도역 4번출구 옆,211,여의도역 4번출구 옆
211,여의도역 4번출구 옆,283,아크로타워 스퀘어(영등포시장)
211,여의도역 4번출구 옆,203,국회의사당역 3번출구 옆
211,여의도역 4번출구 옆,259,대방역6번출구
211,여의도역 4번출구 옆,210,IFC몰
211,여의도역 4번출구 옆,4568,영등포로터리
211,여의도역 4번출구 옆,2000,신도림4차 e편한세상 아파트 1109동 앞
211,여의도역 4번출구 옆,2054,삼익아파트
211,여의도역 4번출구 옆,259,대방역6번출구
211,여의도역 4번출구 옆,274,영등포역지하쇼핑센타 5번출구
211,여의도역 4번출구 옆,4569,힐스테이트클래시안아파트
211,여의도역 4번출구 옆,259,대방역6번출구
211,여의도역 4번출구 옆,268,그랜드컨벤션센터 앞
211,여의도역 4번출구 옆,205,산업은행 앞
211,여의도역 4번출구 옆,4571,문래동롯데캐슬아파트
211,여의도역 4번출구 옆,4568,영등포로터리
211,여의도역 4번출구 옆,487,신석초교앞 교차로 교통섬
211,여의도역 4번출구 옆,223,진주아파트상가 앞
211,여의도역 4번출구 옆,202,국민일보 앞
211,여의도역 4번출구 옆,217,NH농협은행 앞
211,여의도역 4번출구 옆,224,롯데캐슬 앞
211,여의도역 4번출구 옆,211,여의도역 4번출구 옆
211,여의도역 4번출구 옆,4553,당산삼성2차아파트
211,여의도역 4번출구 옆,223,진주아파트상가 앞
211,여의도역 4번출구 옆,217,NH농협은행 앞
211,여의도역 4번출구 옆,221,여의도초교 앞
211,여의도역 4번출구 옆,210,IFC몰
211,여의도역 4번출구 옆,2013,장승배기역 5번출구
211,여의도역 4번출구 옆,723,SBS방송국
211,여의도역 4번출구 옆,4559,신길역 2번출구
211,여의도역 4번출구 옆,276,SK 영등포주유소
211,여의도역 4번출구 옆,209,유진투자증권빌딩 앞
211,여의도역 4번출구 옆,258,신길역3번출구
211,여의도역 4번출구 옆,248,초원아파트 앞
211,여의도역 4번출구 옆,209,유진투자증권빌딩 앞
211,여의도역 4번출구 옆,202,국민일보 앞
211,여의도역 4번출구 옆,2025,흑석역 1번출구
211,여의도역 4번출구 옆,2025,흑석역 1번출구
211,여의도역 4번출구 옆,207,여의나루역 1번출구 앞
211,여의도역 4번출구 옆,287,영등포전화국사거리 (서강어린이공원)
211,여의도역 4번출구 옆,217,NH농협은행 앞
211,여의도역 4번출구 옆,259,대방역6번출구
211,여의도역 4번출구 옆,258,신길역3번출구
211,여의도역 4번출구 옆,3794,안양천합수부(현대3차아파트)
211,여의도역 4번출구 옆,276,SK 영등포주유소
211,여의도역 4번출구 옆,223,진주아파트상가 앞
211,여의도역 4번출구 옆,276,SK 영등포주유소
211,여의도역 4번출구 옆,268,그랜드컨벤션센터 앞
211,여의도역 4번출구 옆,144,공덕역 8번출구
211,여의도역 4번출구 옆,2054,삼익아파트
211,여의도역 4번출구 옆,210,IFC몰
211,여의도역 4번출구 옆,217,NH농협은행 앞
211,여의도역 4번출구 옆,226,샛강역 1번출구 앞
211,여의도역 4번출구 옆,202,국민일보 앞
211,여의도역 4번출구 옆,276,SK 영등포주유소
211,여의도역 4번출구 옆,205,산업은행 앞
211,여의도역 4번출구 옆,202,국민일보 앞
211,여의도역 4번출구 옆,210,IFC몰
211,여의도역 4번출구 옆,202,국민일보 앞
211,여의도역 4번출구 옆,210,IFC몰
211,여의도역 4번출구 옆,209,유진투자증권빌딩 앞
211,여의도역 4번출구 옆,217,NH농협은행 앞
211,여의도역 4번출구 옆,205,산업은행 앞
211,여의도역 4번출구 옆,209,유진투자증권빌딩 앞
211,여의도역 4번출구 옆,205,산업은행 앞
211,여의도역 4번출구 옆,209,유진투자증권빌딩 앞
211,여의도역 4번출구 옆,210,IFC몰
211,여의도역 4번출구 옆,202,국민일보 앞
211,여의도역 4번출구 옆,206,KBS 앞
211,여의도역 4번출구 옆,206,KBS 앞
211,여의도역 4번출구 옆,4584,국회2문
211,여의도역 4번출구 옆,202,국민일보 앞
211,여의도역 4번출구 옆,210,IFC몰
211,여의도역 4번출구 옆,205,산업은행 앞
211,여의도역 4번출구 옆,202,국민일보 앞
211,여의도역 4번출구 옆,203,국회의사당역 3번출구 옆
211,여의도역 4번출구 옆,202,국민일보 앞
211,여의도역 4번출구 옆,284,센트럴 푸르지오 시티 앞
211,여의도역 4번출구 옆,206,KBS 앞
211,여의도역 4번출구 옆,202,국민일보 앞
211,여의도역 4번출구 옆,4565,영등포 신세계백화점
211,여의도역 4번출구 옆,211,여의도역 4번출구 옆
211,여의도역 4번출구 옆,203,국회의사당역 3번출구 옆
211,여의도역 4번출구 옆,207,여의나루역 1번출구 앞
211,여의도역 4번출구 옆,217,NH농협은행 앞
211,여의도역 4번출구 옆,210,IFC몰
211,여의도역 4번출구 옆,4559,신길역 2번출구
211,여의도역 4번출구 옆,274,영등포역지하쇼핑센타 5번출구
211,여의도역 4번출구 옆,202,국민일보 앞
211,여의도역 4번출구 옆,211,여의도역 4번출구 옆
211,여의도역 4번출구 옆,202,국민일보 앞
211,여의도역 4번출구 옆,222,시범아파트버스정류장 옆
211,여의도역 4번출구 옆,202,국민일보 앞
211,여의도역 4번출구 옆,214,금융감독원 앞
211,여의도역 4번출구 옆,309,광화문역 6번출구 옆
211,여의도역 4번출구 옆,274,영등포역지하쇼핑센타 5번출구
211,여의도역 4번출구 옆,211,여의도역 4번출구 옆
211,여의도역 4번출구 옆,210,IFC몰
211,여의도역 4번출구 옆,259,대방역6번출구
211,여의도역 4번출구 옆,210,IFC몰
211,여의도역 4번출구 옆,207,여의나루역 1번출구 앞
211,여의도역 4번출구 옆,211,여의도역 4번출구 옆
211,여의도역 4번출구 옆,262,영문초등학교 사거리
211,여의도역 4번출구 옆,217,NH농협은행 앞
211,여의도역 4번출구 옆,211,여의도역 4번출구 옆
211,여의도역 4번출구 옆,222,시범아파트버스정류장 옆
211,여의도역 4번출구 옆,210,IFC몰
211,여의도역 4번출구 옆,239,유스호스텔 앞
211,여의도역 4번출구 옆,211,여의도역 4번출구 옆
211,여의도역 4번출구 옆,211,여의도역 4번출구 옆
211,여의도역 4번출구 옆,209,유진투자증권빌딩 앞
211,여의도역 4번출구 옆,207,여의나루역 1번출구 앞
211,여의도역 4번출구 옆,223,진주아파트상가 앞
211,여의도역 4번출구 옆,210,IFC몰
211,여의도역 4번출구 옆,4568,영등포로터리
211,여의도역 4번출구 옆,207,여의나루역 1번출구 앞
211,여의도역 4번출구 옆,259,대방역6번출구
211,여의도역 4번출구 옆,204,국회의사당역 5번출구 옆
211,여의도역 4번출구 옆,204,국회의사당역 5번출구 옆
211,여의도역 4번출구 옆,259,대방역6번출구
211,여의도역 4번출구 옆,1961,신도림테크노근린공원
211,여의도역 4번출구 옆,716,신정6동 주민센터 인근
211,여의도역 4번출구 옆,283,아크로타워 스퀘어(영등포시장)
211,여의도역 4번출구 옆,291,문래동 하이테크 시티
211,여의도역 4번출구 옆,4559,신길역 2번출구
211,여의도역 4번출구 옆,274,영등포역지하쇼핑센타 5번출구
211,여의도역 4번출구 옆,4559,신길역 2번출구
211,여의도역 4번출구 옆,259,대방역6번출구
211,여의도역 4번출구 옆,201,진미파라곤 앞
211,여의도역 4번출구 옆,2824,미래사랑어린이공원 앞
211,여의도역 4번출구 옆,3638,신청담나들목
211,여의도역 4번출구 옆,290,당산동 SK V1 빌딩
211,여의도역 4번출구 옆,4569,힐스테이트클래시안아파트
211,여의도역 4번출구 옆,276,SK 영등포주유소
211,여의도역 4번출구 옆,217,NH농협은행 앞
211,여의도역 4번출구 옆,202,국민일보 앞
211,여의도역 4번출구 옆,272,당산육갑문
211,여의도역 4번출구 옆,4571,문래동롯데캐슬아파트
211,여의도역 4번출구 옆,119,서강나루 공원
211,여의도역 4번출구 옆,207,여의나루역 1번출구 앞
211,여의도역 4번출구 옆,2301,현대고등학교 건너편
211,여의도역 4번출구 옆,203,국회의사당역 3번출구 옆
211,여의도역 4번출구 옆,298,KBS 연구동 건너편
211,여의도역 4번출구 옆,3767,대원빌딩
211,여의도역 4번출구 옆,259,대방역6번출구
211,여의도역 4번출구 옆,3221,서울특별시 남부교육지원청
211,여의도역 4번출구 옆,4568,영등포로터리
211,여의도역 4번출구 옆,850,KCC용산월츠타워
211,여의도역 4번출구 옆,129,신촌역(2호선) 6번출구 옆
211,여의도역 4번출구 옆,210,IFC몰
211,여의도역 4번출구 옆,202,국민일보 앞
211,여의도역 4번출구 옆,287,영등포전화국사거리 (서강어린이공원)
211,여의도역 4번출구 옆,211,여의도역 4번출구 옆
211,여의도역 4번출구 옆,2171,서울대입구역 5번출구
211,여의도역 4번출구 옆,2070,노량진역 2번 출구 앞
211,여의도역 4번출구 옆,211,여의도역 4번출구 옆
211,여의도역 4번출구 옆,4557,리버뷰신안인스빌2차 후문
211,여의도역 4번출구 옆,270,증권거래소후문교차로
211,여의도역 4번출구 옆,276,SK 영등포주유소
211,여의도역 4번출구 옆,224,롯데캐슬 앞
211,여의도역 4번출구 옆,259,대방역6번출구
211,여의도역 4번출구 옆,4564,63스퀘어
211,여의도역 4번출구 옆,766,신목동역 3번출구
211,여의도역 4번출구 옆,213,KT앞
211,여의도역 4번출구 옆,220,미성아파트 A동 앞
211,여의도역 4번출구 옆,206,KBS 앞
211,여의도역 4번출구 옆,4563,여의도 은하아파트
211,여의도역 4번출구 옆,210,IFC몰
211,여의도역 4번출구 옆,209,유진투자증권빌딩 앞
211,여의도역 4번출구 옆,209,유진투자증권빌딩 앞
211,여의도역 4번출구 옆,217,NH농협은행 앞
211,여의도역 4번출구 옆,224,롯데캐슬 앞
211,여의도역 4번출구 옆,210,IFC몰
211,여의도역 4번출구 옆,206,KBS 앞
211,여의도역 4번출구 옆,210,IFC몰
211,여의도역 4번출구 옆,205,산업은행 앞
211,여의도역 4번출구 옆,202,국민일보 앞
211,여의도역 4번출구 옆,209,유진투자증권빌딩 앞
211,여의도역 4번출구 옆,202,국민일보 앞
211,여의도역 4번출구 옆,202,국민일보 앞
211,여의도역 4번출구 옆,205,산업은행 앞
211,여의도역 4번출구 옆,202,국민일보 앞
211,여의도역 4번출구 옆,211,여의도역 4번출구 옆
211,여의도역 4번출구 옆,219,롯데캐슬엠파이어 옆
211,여의도역 4번출구 옆,207,여의나루역 1번출구 앞
211,여의도역 4번출구 옆,224,롯데캐슬 앞
211,여의도역 4번출구 옆,209,유진투자증권빌딩 앞
211,여의도역 4번출구 옆,224,롯데캐슬 앞
211,여의도역 4번출구 옆,211,여의도역 4번출구 옆
211,여의도역 4번출구 옆,211,여의도역 4번출구 옆
211,여의도역 4번출구 옆,202,국민일보 앞
211,여의도역 4번출구 옆,274,영등포역지하쇼핑센타 5번출구
211,여의도역 4번출구 옆,224,롯데캐슬 앞
211,여의도역 4번출구 옆,274,영등포역지하쇼핑센타 5번출구
211,여의도역 4번출구 옆,223,진주아파트상가 앞
211,여의도역 4번출구 옆,204,국회의사당역 5번출구 옆
211,여의도역 4번출구 옆,209,유진투자증권빌딩 앞
211,여의도역 4번출구 옆,220,미성아파트 A동 앞
211,여의도역 4번출구 옆,240,문래역 4번출구 앞
211,여의도역 4번출구 옆,296,KT플라자 영등포점
211,여의도역 4번출구 옆,223,진주아파트상가 앞
211,여의도역 4번출구 옆,283,아크로타워 스퀘어(영등포시장)
211,여의도역 4번출구 옆,291,문래동 하이테크 시티
211,여의도역 4번출구 옆,270,증권거래소후문교차로
211,여의도역 4번출구 옆,274,영등포역지하쇼핑센타 5번출구
211,여의도역 4번출구 옆,259,대방역6번출구
211,여의도역 4번출구 옆,2008,노량진근린공원 대방공원
211,여의도역 4번출구 옆,259,대방역6번출구
211,여의도역 4번출구 옆,4559,신길역 2번출구
211,여의도역 4번출구 옆,276,SK 영등포주유소
211,여의도역 4번출구 옆,220,미성아파트 A동 앞
211,여의도역 4번출구 옆,259,대방역6번출구
211,여의도역 4번출구 옆,258,신길역3번출구
211,여의도역 4번출구 옆,118,광흥창역 2번출구 앞
211,여의도역 4번출구 옆,276,SK 영등포주유소
211,여의도역 4번출구 옆,4565,영등포 신세계백화점
211,여의도역 4번출구 옆,290,당산동 SK V1 빌딩
211,여의도역 4번출구 옆,217,NH농협은행 앞
211,여의도역 4번출구 옆,258,신길역3번출구
211,여의도역 4번출구 옆,259,대방역6번출구
211,여의도역 4번출구 옆,202,국민일보 앞
211,여의도역 4번출구 옆,215,여의도고교 앞
211,여의도역 4번출구 옆,276,SK 영등포주유소
211,여의도역 4번출구 옆,210,IFC몰
211,여의도역 4번출구 옆,259,대방역6번출구
211,여의도역 4번출구 옆,202,국민일보 앞
211,여의도역 4번출구 옆,4556,리버뷰신안인스빌1차 후문
211,여의도역 4번출구 옆,4563,여의도 은하아파트
211,여의도역 4번출구 옆,209,유진투자증권빌딩 앞
211,여의도역 4번출구 옆,205,산업은행 앞
211,여의도역 4번출구 옆,259,대방역6번출구
211,여의도역 4번출구 옆,224,롯데캐슬 앞
211,여의도역 4번출구 옆,201,진미파라곤 앞
211,여의도역 4번출구 옆,221,여의도초교 앞
211,여의도역 4번출구 옆,259,대방역6번출구
211,여의도역 4번출구 옆,259,대방역6번출구
211,여의도역 4번출구 옆,283,아크로타워 스퀘어(영등포시장)
211,여의도역 4번출구 옆,205,산업은행 앞
211,여의도역 4번출구 옆,276,SK 영등포주유소
211,여의도역 4번출구 옆,203,국회의사당역 3번출구 옆
211,여의도역 4번출구 옆,217,NH농협은행 앞
211,여의도역 4번출구 옆,205,산업은행 앞
211,여의도역 4번출구 옆,226,샛강역 1번출구 앞
211,여의도역 4번출구 옆,259,대방역6번출구
211,여의도역 4번출구 옆,119,서강나루 공원
211,여의도역 4번출구 옆,259,대방역6번출구
211,여의도역 4번출구 옆,3794,안양천합수부(현대3차아파트)
211,여의도역 4번출구 옆,259,대방역6번출구
211,여의도역 4번출구 옆,259,대방역6번출구
211,여의도역 4번출구 옆,4206,광흥창역5번출구
211,여의도역 4번출구 옆,210,IFC몰
211,여의도역 4번출구 옆,209,유진투자증권빌딩 앞
211,여의도역 4번출구 옆,217,NH농협은행 앞
211,여의도역 4번출구 옆,203,국회의사당역 3번출구 옆
211,여의도역 4번출구 옆,209,유진투자증권빌딩 앞
211,여의도역 4번출구 옆,205,산업은행 앞
211,여의도역 4번출구 옆,212,여의도역 1번출구 옆
211,여의도역 4번출구 옆,203,국회의사당역 3번출구 옆
211,여의도역 4번출구 옆,207,여의나루역 1번출구 앞
211,여의도역 4번출구 옆,209,유진투자증권빌딩 앞
211,여의도역 4번출구 옆,2085,강남중학교 앞
211,여의도역 4번출구 옆,217,NH농협은행 앞
211,여의도역 4번출구 옆,259,대방역6번출구
211,여의도역 4번출구 옆,211,여의도역 4번출구 옆
211,여의도역 4번출구 옆,203,국회의사당역 3번출구 옆
211,여의도역 4번출구 옆,202,국민일보 앞
211,여의도역 4번출구 옆,210,IFC몰
211,여의도역 4번출구 옆,209,유진투자증권빌딩 앞
211,여의도역 4번출구 옆,217,NH농협은행 앞
211,여의도역 4번출구 옆,209,유진투자증권빌딩 앞
211,여의도역 4번출구 옆,202,국민일보 앞
211,여의도역 4번출구 옆,210,IFC몰
211,여의도역 4번출구 옆,232,양평우림 이비즈센타 앞
211,여의도역 4번출구 옆,206,KBS 앞
211,여의도역 4번출구 옆,270,증권거래소후문교차로
211,여의도역 4번출구 옆,205,산업은행 앞
211,여의도역 4번출구 옆,210,IFC몰
211,여의도역 4번출구 옆,439,마포어린이공원
211,여의도역 4번출구 옆,217,NH농협은행 앞
211,여의도역 4번출구 옆,202,국민일보 앞
211,여의도역 4번출구 옆,209,유진투자증권빌딩 앞
211,여의도역 4번출구 옆,207,여의나루역 1번출구 앞
211,여의도역 4번출구 옆,206,KBS 앞
211,여의도역 4번출구 옆,202,국민일보 앞
211,여의도역 4번출구 옆,202,국민일보 앞
211,여의도역 4번출구 옆,210,IFC몰
211,여의도역 4번출구 옆,202,국민일보 앞
211,여의도역 4번출구 옆,206,KBS 앞
211,여의도역 4번출구 옆,217,NH농협은행 앞
211,여의도역 4번출구 옆,217,NH농협은행 앞
211,여의도역 4번출구 옆,284,센트럴 푸르지오 시티 앞
211,여의도역 4번출구 옆,202,국민일보 앞
211,여의도역 4번출구 옆,224,롯데캐슬 앞
211,여의도역 4번출구 옆,202,국민일보 앞
211,여의도역 4번출구 옆,206,KBS 앞
211,여의도역 4번출구 옆,203,국회의사당역 3번출구 옆
211,여의도역 4번출구 옆,211,여의도역 4번출구 옆
211,여의도역 4번출구 옆,203,국회의사당역 3번출구 옆
211,여의도역 4번출구 옆,211,여의도역 4번출구 옆
211,여의도역 4번출구 옆,211,여의도역 4번출구 옆
211,여의도역 4번출구 옆,205,산업은행 앞
211,여의도역 4번출구 옆,222,시범아파트버스정류장 옆
211,여의도역 4번출구 옆,217,NH농협은행 앞
211,여의도역 4번출구 옆,203,국회의사당역 3번출구 옆
211,여의도역 4번출구 옆,259,대방역6번출구
211,여의도역 4번출구 옆,217,NH농협은행 앞
211,여의도역 4번출구 옆,209,유진투자증권빌딩 앞
211,여의도역 4번출구 옆,210,IFC몰
211,여의도역 4번출구 옆,211,여의도역 4번출구 옆
211,여의도역 4번출구 옆,200,국회의원회관
211,여의도역 4번출구 옆,270,증권거래소후문교차로
211,여의도역 4번출구 옆,203,국회의사당역 3번출구 옆
211,여의도역 4번출구 옆,224,롯데캐슬 앞
211,여의도역 4번출구 옆,259,대방역6번출구
211,여의도역 4번출구 옆,259,대방역6번출구
211,여의도역 4번출구 옆,4559,신길역 2번출구
211,여의도역 4번출구 옆,274,영등포역지하쇼핑센타 5번출구
211,여의도역 4번출구 옆,4576,보라매sk뷰 108동 앞
211,여의도역 4번출구 옆,259,대방역6번출구
211,여의도역 4번출구 옆,3205,문래현대2차
211,여의도역 4번출구 옆,203,국회의사당역 3번출구 옆
211,여의도역 4번출구 옆,4559,신길역 2번출구
211,여의도역 4번출구 옆,235,신길동 우리은행 옆
211,여의도역 4번출구 옆,259,대방역6번출구
211,여의도역 4번출구 옆,4559,신길역 2번출구
211,여의도역 4번출구 옆,4569,힐스테이트클래시안아파트
211,여의도역 4번출구 옆,290,당산동 SK V1 빌딩
211,여의도역 4번출구 옆,1129,화곡역 1번 출구 앞
211,여의도역 4번출구 옆,495,염리초등학교 앞
211,여의도역 4번출구 옆,4553,당산삼성2차아파트
211,여의도역 4번출구 옆,221,여의도초교 앞
211,여의도역 4번출구 옆,298,KBS 연구동 건너편
211,여의도역 4번출구 옆,792,목동트라팰리스 웨스턴에비뉴
211,여의도역 4번출구 옆,201,진미파라곤 앞
211,여의도역 4번출구 옆,3125,연희파크푸르지오아파트 앞
211,여의도역 4번출구 옆,221,여의도초교 앞
211,여의도역 4번출구 옆,204,국회의사당역 5번출구 옆
211,여의도역 4번출구 옆,204,국회의사당역 5번출구 옆
211,여의도역 4번출구 옆,260,여의도 마리나선착장 앞
211,여의도역 4번출구 옆,298,KBS 연구동 건너편
211,여의도역 4번출구 옆,266,영등포청과시장 사거리
211,여의도역 4번출구 옆,129,신촌역(2호선) 6번출구 옆
211,여의도역 4번출구 옆,202,국민일보 앞
211,여의도역 4번출구 옆,207,여의나루역 1번출구 앞
211,여의도역 4번출구 옆,298,KBS 연구동 건너편
211,여의도역 4번출구 옆,207,여의나루역 1번출구 앞
211,여의도역 4번출구 옆,247,당산역 10번출구 앞
211,여의도역 4번출구 옆,206,KBS 앞
211,여의도역 4번출구 옆,144,공덕역 8번출구
211,여의도역 4번출구 옆,206,KBS 앞
211,여의도역 4번출구 옆,217,NH농협은행 앞